[publish-subscription-revocation-ota] started 2026-07-05T23:37:21.124Z

=== OTA runtime 1.6.0 ===
No environment variables with visibility "Plain text" and "Sensitive" found for the "production" environment on EAS.

- Exporting...
[expo-cli] --non-interactive is not supported, use $CI=1 instead
[expo-cli] » android: androidStatusBar.backgroundColor: Color conflicts with the splash.backgroundColor
[expo-cli] » android: androidStatusBar.backgroundColor: Color conflicts with the splash.backgroundColor
[expo-cli] » android: androidStatusBar.backgroundColor: Color conflicts with the splash.backgroundColor
[expo-cli] » android: androidStatusBar.backgroundColor: Color conflicts with the splash.backgroundColor
[expo-cli] » android: androidStatusBar.backgroundColor: Color conflicts with the splash.backgroundColor
[expo-cli] Starting Metro Bundler
[expo-cli] warning: Bundler cache is empty, rebuilding (this may take a minute)
[expo-cli] Web node_modules\expo\AppEntry.js ░░░░░░░░░░░░░░░░  0.0% (0/1)
[expo-cli] iOS node_modules\expo\AppEntry.js ░░░░░░░░░░░░░░░░  0.0% (0/1)
[expo-cli] Android node_modules\expo\AppEntry.js ░░░░░░░░░░░░░░░░  0.0% (0/1)
[expo-cli] | (node:24908) Warning: The 'NO_COLOR' env is ignored due to the 'FORCE_COLOR' env being set.
[expo-cli] | (Use `node --trace-warnings ...` to show where the warning was created)
[expo-cli] | (node:8908) Warning: The 'NO_COLOR' env is ignored due to the 'FORCE_COLOR' env being set.
[expo-cli] Web node_modules\expo\AppEntry.js ░░░░░░░░░░░░░░░░  1.0% (1/3)
[expo-cli] iOS node_modules\expo\AppEntry.js ░░░░░░░░░░░░░░░░  1.0% (1/1)
[expo-cli] Android node_modules\expo\AppEntry.js ░░░░░░░░░░░░░░░░  1.0% (1/3)
[expo-cli] | (Use `node --trace-warnings ...` to show where the warning was created)
[expo-cli] | (node:24568) Warning: The 'NO_COLOR' env is ignored due to the 'FORCE_COLOR' env being set.
[expo-cli] | (Use `node --trace-warnings ...` to show where the warning was created)
[expo-cli] Web node_modules\expo\AppEntry.js ▓▓▓▓░░░░░░░░░░░░ 29.0% ( 7/13)
[expo-cli] iOS node_modules\expo\AppEntry.js ▓▓░░░░░░░░░░░░░░ 17.4% ( 10/107)
[expo-cli] Android node_modules\expo\AppEntry.js ░░░░░░░░░░░░░░░░  4.0% (2/5)
[expo-cli] Web node_modules\expo\AppEntry.js ▓▓▓▓▓░░░░░░░░░░░ 32.7% ( 8/96)
[expo-cli] iOS node_modules\expo\AppEntry.js ▓▓░░░░░░░░░░░░░░ 17.4% ( 34/165)
[expo-cli] Android node_modules\expo\AppEntry.js ▓░░░░░░░░░░░░░░░  9.5% ( 4/15)
[expo-cli] | (node:9312) Warning: The 'NO_COLOR' env is ignored due to the 'FORCE_COLOR' env being set.
[expo-cli] | (Use `node --trace-warnings ...` to show where the warning was created)
[expo-cli] | (node:14812) Warning: The 'NO_COLOR' env is ignored due to the 'FORCE_COLOR' env being set.
[expo-cli] | (Use `node --trace-warnings ...` to show where the warning was created)
[expo-cli] | (node:24788) Warning: The 'NO_COLOR' env is ignored due to the 'FORCE_COLOR' env being set.
[expo-cli] | (Use `node --trace-warnings ...` to show where the warning was created)
[expo-cli] | (node:2288) Warning: The 'NO_COLOR' env is ignored due to the 'FORCE_COLOR' env being set.
[expo-cli] | (Use `node --trace-warnings ...` to show where the warning was created)
[expo-cli] | (node:11408) Warning: The 'NO_COLOR' env is ignored due to the 'FORCE_COLOR' env being set.
[expo-cli] | (Use `node --trace-warnings ...` to show where the warning was created)
[expo-cli] Web node_modules\expo\AppEntry.js ▓▓▓▓▓░░░░░░░░░░░ 32.7% ( 13/101)
[expo-cli] iOS node_modules\expo\AppEntry.js ▓▓░░░░░░░░░░░░░░ 17.4% ( 58/205)
[expo-cli] Android node_modules\expo\AppEntry.js ▓░░░░░░░░░░░░░░░  9.5% ( 4/15)
[expo-cli] Web node_modules\expo\AppEntry.js ▓▓▓▓▓░░░░░░░░░░░ 32.7% ( 13/101)
[expo-cli] iOS node_modules\expo\AppEntry.js ▓▓░░░░░░░░░░░░░░ 17.4% (139/335)
[expo-cli] Android node_modules\expo\AppEntry.js ▓░░░░░░░░░░░░░░░  9.5% ( 15/108)
[expo-cli] Web node_modules\expo\AppEntry.js ▓▓▓▓▓░░░░░░░░░░░ 32.7% ( 13/101)
[expo-cli] iOS node_modules\expo\AppEntry.js ▓▓░░░░░░░░░░░░░░ 17.5% (140/335)
[expo-cli] Android node_modules\expo\AppEntry.js ▓░░░░░░░░░░░░░░░ 11.7% ( 92/269)
[expo-cli] Web node_modules\expo\AppEntry.js ▓▓▓▓▓░░░░░░░░░░░ 32.7% ( 46/226)
[expo-cli] iOS node_modules\expo\AppEntry.js ▓▓▓░░░░░░░░░░░░░ 20.4% (160/354)
[expo-cli] Android node_modules\expo\AppEntry.js ▓░░░░░░░░░░░░░░░ 11.9% ( 93/270)
[expo-cli] Web node_modules\expo\AppEntry.js ▓▓▓▓▓░░░░░░░░░░░ 32.7% ( 68/270)
[expo-cli] iOS node_modules\expo\AppEntry.js ▓▓▓░░░░░░░░░░░░░ 20.4% (160/354)
[expo-cli] Android node_modules\expo\AppEntry.js ▓░░░░░░░░░░░░░░░ 11.9% ( 93/270)
[expo-cli] Web node_modules\expo\AppEntry.js ▓▓▓▓▓░░░░░░░░░░░ 32.7% ( 93/306)
[expo-cli] iOS node_modules\expo\AppEntry.js ▓▓▓▓░░░░░░░░░░░░ 25.1% (187/373)
[expo-cli] Android node_modules\expo\AppEntry.js ▓░░░░░░░░░░░░░░░ 11.9% ( 93/270)
[expo-cli] Web node_modules\expo\AppEntry.js ▓▓▓▓▓░░░░░░░░░░░ 32.7% (101/316)
[expo-cli] iOS node_modules\expo\AppEntry.js ▓▓▓▓░░░░░░░░░░░░ 27.4% (261/505)
[expo-cli] Android node_modules\expo\AppEntry.js ▓░░░░░░░░░░░░░░░ 11.9% ( 93/270)
[expo-cli] Web node_modules\expo\AppEntry.js ▓▓▓▓▓░░░░░░░░░░░ 32.7% (101/316)
[expo-cli] iOS node_modules\expo\AppEntry.js ▓▓▓▓░░░░░░░░░░░░ 28.4% (327/614)
[expo-cli] Android node_modules\expo\AppEntry.js ▓░░░░░░░░░░░░░░░ 12.3% ( 99/282)
[expo-cli] Web node_modules\expo\AppEntry.js ▓▓▓▓▓░░░░░░░░░░░ 32.7% (101/316)
[expo-cli] iOS node_modules\expo\AppEntry.js ▓▓▓▓░░░░░░░░░░░░ 28.4% (333/625)
[expo-cli] Android node_modules\expo\AppEntry.js ▓▓▓░░░░░░░░░░░░░ 19.0% (197/510)
[expo-cli] Web node_modules\expo\AppEntry.js ▓▓▓▓▓░░░░░░░░░░░ 32.7% (101/316)
[expo-cli] iOS node_modules\expo\AppEntry.js ▓▓▓▓░░░░░░░░░░░░ 28.4% (336/656)
[expo-cli] Android node_modules\expo\AppEntry.js ▓▓▓░░░░░░░░░░░░░ 20.2% (268/596)
[expo-cli] Web node_modules\expo\AppEntry.js ▓▓▓▓▓░░░░░░░░░░░ 32.7% (160/398)
[expo-cli] iOS node_modules\expo\AppEntry.js ▓▓▓▓░░░░░░░░░░░░ 28.8% (354/660)
[expo-cli] Android node_modules\expo\AppEntry.js ▓▓▓░░░░░░░░░░░░░ 21.3% (278/603)
[expo-cli] Web node_modules\expo\AppEntry.js ▓▓▓▓▓░░░░░░░░░░░ 32.7% (246/517)
[expo-cli] iOS node_modules\expo\AppEntry.js ▓▓▓▓░░░░░░░░░░░░ 28.8% (354/660)
[expo-cli] Android node_modules\expo\AppEntry.js ▓▓▓░░░░░░░░░░░░░ 21.3% (280/632)
[expo-cli] Web node_modules\expo\AppEntry.js ▓▓▓▓▓░░░░░░░░░░░ 32.7% (310/547)
[expo-cli] iOS node_modules\expo\AppEntry.js ▓▓▓▓░░░░░░░░░░░░ 30.4% (368/667)
[expo-cli] Android node_modules\expo\AppEntry.js ▓▓▓░░░░░░░░░░░░░ 21.3% (280/632)
[expo-cli] Web node_modules\expo\AppEntry.js ▓▓▓▓▓░░░░░░░░░░░ 34.9% (333/564)
[expo-cli] iOS node_modules\expo\AppEntry.js ▓▓▓▓▓▓░░░░░░░░░░ 43.6% (494/767)
[expo-cli] Android node_modules\expo\AppEntry.js ▓▓▓░░░░░░░░░░░░░ 21.3% (280/632)
[expo-cli] Web node_modules\expo\AppEntry.js ▓▓▓▓▓░░░░░░░░░░░ 34.9% (333/564)
[expo-cli] iOS node_modules\expo\AppEntry.js ▓▓▓▓▓▓▓▓░░░░░░░░ 50.3% (623/878)
[expo-cli] Android node_modules\expo\AppEntry.js ▓▓▓░░░░░░░░░░░░░ 21.3% (295/641)
[expo-cli] Web node_modules\expo\AppEntry.js ▓▓▓▓▓░░░░░░░░░░░ 34.9% (333/564)
[expo-cli] iOS node_modules\expo\AppEntry.js ▓▓▓▓▓▓▓▓░░░░░░░░ 52.5% (637/879)
[expo-cli] Android node_modules\expo\AppEntry.js ▓▓▓▓▓▓░░░░░░░░░░ 37.8% (453/772)
[expo-cli] Web node_modules\expo\AppEntry.js ▓▓▓▓▓░░░░░░░░░░░ 34.9% (333/564)
[expo-cli] iOS node_modules\expo\AppEntry.js ▓▓▓▓▓▓▓▓░░░░░░░░ 54.0% (655/891)
[expo-cli] Android node_modules\expo\AppEntry.js ▓▓▓▓▓▓▓░░░░░░░░░ 44.4% (579/869)
[expo-cli] Web node_modules\expo\AppEntry.js ▓▓▓▓▓▓░░░░░░░░░░ 38.3% (396/640)
[expo-cli] iOS node_modules\expo\AppEntry.js ▓▓▓▓▓▓▓▓░░░░░░░░ 56.0% (667/891)
[expo-cli] Android node_modules\expo\AppEntry.js ▓▓▓▓▓▓▓░░░░░░░░░ 48.7% (608/871)
[expo-cli] Web node_modules\expo\AppEntry.js ▓▓▓▓▓▓▓░░░░░░░░░ 44.7% (470/703)
[expo-cli] iOS node_modules\expo\AppEntry.js ▓▓▓▓▓▓▓▓░░░░░░░░ 56.0% (667/891)
[expo-cli] Android node_modules\expo\AppEntry.js ▓▓▓▓▓▓▓▓░░░░░░░░ 51.1% (631/883)
[expo-cli] Web node_modules\expo\AppEntry.js ▓▓▓▓▓▓▓▓░░░░░░░░ 52.3% (559/773)
[expo-cli] iOS node_modules\expo\AppEntry.js ▓▓▓▓▓▓▓▓▓░░░░░░░ 58.0% (686/901)
[expo-cli] Android node_modules\expo\AppEntry.js ▓▓▓▓▓▓▓▓░░░░░░░░ 51.1% (631/883)
[expo-cli] Web node_modules\expo\AppEntry.js ▓▓▓▓▓▓▓▓░░░░░░░░ 52.7% (563/776)
[expo-cli] iOS node_modules\expo\AppEntry.js ▓▓▓▓▓▓▓▓▓░░░░░░░ 60.7% ( 803/1031)
[expo-cli] Android node_modules\expo\AppEntry.js ▓▓▓▓▓▓▓▓░░░░░░░░ 51.1% (631/883)
[expo-cli] | [33m» [1mandroid[22m: androidStatusBar.backgroundColor: Color conflicts with the splash.backgroundColor[39m
[expo-cli] Web node_modules\expo\AppEntry.js ▓▓▓▓▓▓▓▓░░░░░░░░ 52.7% (563/776)
[expo-cli] iOS node_modules\expo\AppEntry.js ▓▓▓▓▓▓▓▓▓▓▓░░░░░ 68.8% ( 878/1060)
[expo-cli] Android node_modules\expo\AppEntry.js ▓▓▓▓▓▓▓▓░░░░░░░░ 54.6% (700/957)
[expo-cli] Web node_modules\expo\AppEntry.js ▓▓▓▓▓▓▓▓░░░░░░░░ 52.7% (564/777)
[expo-cli] iOS node_modules\expo\AppEntry.js ▓▓▓▓▓▓▓▓▓▓▓░░░░░ 69.3% ( 888/1067)
[expo-cli] Android node_modules\expo\AppEntry.js ▓▓▓▓▓▓▓▓▓▓░░░░░░ 66.9% ( 855/1048)
[expo-cli] Web node_modules\expo\AppEntry.js ▓▓▓▓▓▓▓▓▓▓░░░░░░ 62.5% (642/829)
[expo-cli] iOS node_modules\expo\AppEntry.js ▓▓▓▓▓▓▓▓▓▓▓░░░░░ 69.3% ( 888/1067)
[expo-cli] Android node_modules\expo\AppEntry.js ▓▓▓▓▓▓▓▓▓▓░░░░░░ 67.8% ( 869/1055)
[expo-cli] Web node_modules\expo\AppEntry.js ▓▓▓▓▓▓▓▓▓▓▓░░░░░ 70.4% (725/870)
[expo-cli] iOS node_modules\expo\AppEntry.js ▓▓▓▓▓▓▓▓▓▓▓░░░░░ 69.3% ( 888/1067)
[expo-cli] Android node_modules\expo\AppEntry.js ▓▓▓▓▓▓▓▓▓▓░░░░░░ 68.6% ( 884/1067)
[expo-cli] Web node_modules\expo\AppEntry.js ▓▓▓▓▓▓▓▓▓▓▓░░░░░ 73.0% (776/923)
[expo-cli] iOS node_modules\expo\AppEntry.js ▓▓▓▓▓▓▓▓▓▓▓▓░░░░ 77.2% ( 988/1131)
[expo-cli] Android node_modules\expo\AppEntry.js ▓▓▓▓▓▓▓▓▓▓░░░░░░ 68.6% ( 885/1069)
[expo-cli] Web node_modules\expo\AppEntry.js ▓▓▓▓▓▓▓▓▓▓▓░░░░░ 73.0% (776/923)
[expo-cli] iOS node_modules\expo\AppEntry.js ▓▓▓▓▓▓▓▓▓▓▓▓▓░░░ 83.0% (1055/1158)
[expo-cli] Android node_modules\expo\AppEntry.js ▓▓▓▓▓▓▓▓▓▓▓▓░░░░ 77.4% ( 994/1130)
[expo-cli] Web node_modules\expo\AppEntry.js ▓▓▓▓▓▓▓▓▓▓▓▓░░░░ 77.5% (837/951)
[expo-cli] iOS node_modules\expo\AppEntry.js ▓▓▓▓▓▓▓▓▓▓▓▓▓░░░ 84.2% (1069/1165)
[expo-cli] Android node_modules\expo\AppEntry.js ▓▓▓▓▓▓▓▓▓▓▓▓▓░░░ 84.2% (1053/1149)
[expo-cli] Web node_modules\expo\AppEntry.js ▓▓▓▓▓▓▓▓▓▓▓▓▓░░░ 81.8% ( 917/1014)
[expo-cli] iOS node_modules\expo\AppEntry.js ▓▓▓▓▓▓▓▓▓▓▓▓▓░░░ 86.3% (1086/1169)
[expo-cli] Android node_modules\expo\AppEntry.js ▓▓▓▓▓▓▓▓▓▓▓▓▓░░░ 84.3% (1065/1160)
[expo-cli] Web node_modules\expo\AppEntry.js ▓▓▓▓▓▓▓▓▓▓▓▓▓░░░ 81.8% ( 917/1014)
[expo-cli] iOS node_modules\expo\AppEntry.js ▓▓▓▓▓▓▓▓▓▓▓▓▓▓▓░ 95.8% (1166/1212)
[expo-cli] Android node_modules\expo\AppEntry.js ▓▓▓▓▓▓▓▓▓▓▓▓▓▓░░ 93.5% (1145/1206)
[expo-cli] Web node_modules\expo\AppEntry.js ▓▓▓▓▓▓▓▓▓▓▓▓▓░░░ 87.0% ( 980/1093)
[expo-cli] iOS node_modules\expo\AppEntry.js ▓▓▓▓▓▓▓▓▓▓▓▓▓▓▓░ 95.8% (1166/1212)
[expo-cli] Android node_modules\expo\AppEntry.js ▓▓▓▓▓▓▓▓▓▓▓▓▓▓░░ 93.5% (1160/1212)
[expo-cli] Web node_modules\expo\AppEntry.js ▓▓▓▓▓▓▓▓▓▓▓▓▓░░░ 87.0% (1017/1117)
[expo-cli] iOS node_modules\expo\AppEntry.js ▓▓▓▓▓▓▓▓▓▓▓▓▓▓▓░ 95.8% (1194/1258)
[expo-cli] Android node_modules\expo\AppEntry.js ▓▓▓▓▓▓▓▓▓▓▓▓▓▓░░ 93.5% (1162/1213)
[expo-cli] Web node_modules\expo\AppEntry.js ▓▓▓▓▓▓▓▓▓▓▓▓▓░░░ 87.0% (1043/1140)
[expo-cli] iOS node_modules\expo\AppEntry.js ▓▓▓▓▓▓▓▓▓▓▓▓▓▓▓░ 95.8% (1210/1285)
[expo-cli] Android node_modules\expo\AppEntry.js ▓▓▓▓▓▓▓▓▓▓▓▓▓▓░░ 93.5% (1211/1273)
[expo-cli] Web node_modules\expo\AppEntry.js ▓▓▓▓▓▓▓▓▓▓▓▓▓▓░░ 87.6% (1113/1189)
[expo-cli] iOS node_modules\expo\AppEntry.js ▓▓▓▓▓▓▓▓▓▓▓▓▓▓▓░ 95.8% (1232/1312)
[expo-cli] Android node_modules\expo\AppEntry.js ▓▓▓▓▓▓▓▓▓▓▓▓▓▓░░ 93.5% (1212/1274)
[expo-cli] Web node_modules\expo\AppEntry.js ▓▓▓▓▓▓▓▓▓▓▓▓▓▓░░ 88.6% (1122/1192)
[expo-cli] iOS node_modules\expo\AppEntry.js ▓▓▓▓▓▓▓▓▓▓▓▓▓▓▓░ 95.8% (1286/1374)
[expo-cli] Android node_modules\expo\AppEntry.js ▓▓▓▓▓▓▓▓▓▓▓▓▓▓░░ 93.5% (1270/1350)
[expo-cli] Web node_modules\expo\AppEntry.js ▓▓▓▓▓▓▓▓▓▓▓▓▓▓▓░ 95.4% (1176/1204)
[expo-cli] iOS node_modules\expo\AppEntry.js ▓▓▓▓▓▓▓▓▓▓▓▓▓▓▓░ 95.8% (1286/1374)
[expo-cli] Android node_modules\expo\AppEntry.js ▓▓▓▓▓▓▓▓▓▓▓▓▓▓░░ 93.5% (1283/1365)
[expo-cli] Web node_modules\expo\AppEntry.js ▓▓▓▓▓▓▓▓▓▓▓▓▓▓▓░ 96.1% (1186/1210)
[expo-cli] iOS node_modules\expo\AppEntry.js ▓▓▓▓▓▓▓▓▓▓▓▓▓▓▓░ 95.8% (1336/1411)
[expo-cli] Android node_modules\expo\AppEntry.js ▓▓▓▓▓▓▓▓▓▓▓▓▓▓░░ 93.5% (1283/1365)
[expo-cli] Web node_modules\expo\AppEntry.js ▓▓▓▓▓▓▓▓▓▓▓▓▓▓▓░ 96.6% (1189/1210)
[expo-cli] iOS node_modules\expo\AppEntry.js ▓▓▓▓▓▓▓▓▓▓▓▓▓▓▓░ 95.8% (1369/1435)
[expo-cli] Android node_modules\expo\AppEntry.js ▓▓▓▓▓▓▓▓▓▓▓▓▓▓░░ 93.5% (1308/1404)
[expo-cli] Web node_modules\expo\AppEntry.js ▓▓▓▓▓▓▓▓▓▓▓▓▓▓▓░ 97.2% (1199/1217)
[expo-cli] iOS node_modules\expo\AppEntry.js ▓▓▓▓▓▓▓▓▓▓▓▓▓▓▓░ 95.8% (1374/1436)
[expo-cli] Android node_modules\expo\AppEntry.js ▓▓▓▓▓▓▓▓▓▓▓▓▓▓░░ 93.5% (1350/1413)
[expo-cli] Web node_modules\expo\AppEntry.js ▓▓▓▓▓▓▓▓▓▓▓▓▓▓▓░ 97.2% (1210/1234)
[expo-cli] iOS node_modules\expo\AppEntry.js ▓▓▓▓▓▓▓▓▓▓▓▓▓▓▓░ 95.8% (1433/1477)
[expo-cli] Android node_modules\expo\AppEntry.js ▓▓▓▓▓▓▓▓▓▓▓▓▓▓░░ 93.5% (1412/1470)
[expo-cli] Web node_modules\expo\AppEntry.js ▓▓▓▓▓▓▓▓▓▓▓▓▓▓▓░ 97.3% (1260/1291)
[expo-cli] iOS node_modules\expo\AppEntry.js ▓▓▓▓▓▓▓▓▓▓▓▓▓▓▓░ 97.4% (1500/1530)
[expo-cli] Android node_modules\expo\AppEntry.js ▓▓▓▓▓▓▓▓▓▓▓▓▓▓▓░ 97.1% (1495/1517)
[expo-cli] Web node_modules\expo\AppEntry.js ▓▓▓▓▓▓▓▓▓▓▓▓▓▓▓░ 99.5% (1327/1330)
[expo-cli] iOS node_modules\expo\AppEntry.js ▓▓▓▓▓▓▓▓▓▓▓▓▓▓▓░ 99.5% (1548/1552)
[expo-cli] Android node_modules\expo\AppEntry.js ▓▓▓▓▓▓▓▓▓▓▓▓▓▓▓░ 99.7% (1551/1553)
[expo-cli] Web node_modules\expo\AppEntry.js ▓▓▓▓▓▓▓▓▓▓▓▓▓▓▓░ 99.5% (1331/1336)
[expo-cli] iOS node_modules\expo\AppEntry.js ▓▓▓▓▓▓▓▓▓▓▓▓▓▓▓░ 99.9% (1561/1561)
[expo-cli] Android node_modules\expo\AppEntry.js ▓▓▓▓▓▓▓▓▓▓▓▓▓▓▓░ 99.9% (1560/1561)
[expo-cli] Web node_modules\expo\AppEntry.js ▓▓▓▓▓▓▓▓▓▓▓▓▓▓▓░ 99.5% (1331/1336)
[expo-cli] iOS node_modules\expo\AppEntry.js ▓▓▓▓▓▓▓▓▓▓▓▓▓▓▓░ 99.9% (1561/1561)
[expo-cli] Android node_modules\expo\AppEntry.js ▓▓▓▓▓▓▓▓▓▓▓▓▓▓▓░ 99.9% (1561/1561)
[expo-cli] Web Bundled 169795ms node_modules\expo\AppEntry.js (1336 modules)
[expo-cli] iOS node_modules\expo\AppEntry.js ▓▓▓▓▓▓▓▓▓▓▓▓▓▓▓░ 99.9% (1561/1561)
[expo-cli] Android node_modules\expo\AppEntry.js ▓▓▓▓▓▓▓▓▓▓▓▓▓▓▓░ 99.9% (1561/1561)
[expo-cli] iOS Bundled 188138ms node_modules\expo\AppEntry.js (1561 modules)
[expo-cli] iOS node_modules\expo\AppEntry.js ▓▓▓▓▓▓▓▓▓▓▓▓▓▓▓░ 99.9% (1561/1561)
[expo-cli] Android node_modules\expo\AppEntry.js ▓▓▓▓▓▓▓▓▓▓▓▓▓▓▓░ 99.9% (1561/1561)
[expo-cli] Android node_modules\expo\AppEntry.js ▓▓▓▓▓▓▓▓▓▓▓▓▓▓▓░ 99.9% (1561/1561)
[expo-cli] Android Bundled 203024ms node_modules\expo\AppEntry.js (1561 modules)
[expo-cli] Android node_modules\expo\AppEntry.js ▓▓▓▓▓▓▓▓▓▓▓▓▓▓▓░ 99.9% (1561/1561)
[expo-cli] Creating asset map
[expo-cli] 
[expo-cli] › Assets (73):
[expo-cli] node_modules\@react-navigation\elements\lib\module\assets\back-icon-mask.0a328cd9c1afd0afe8e3b1ec5165b1b4.png (653 B)
[expo-cli] node_modules\@react-navigation\elements\lib\module\assets\back-icon-mask.png (653 B)
[expo-cli] node_modules\@react-navigation\elements\lib\module\assets\back-icon.35ba0eaec5a4f5ed12ca16fabeae451d.png (207 B)
[expo-cli] node_modules\@react-navigation\elements\lib\module\assets\back-icon.png (8 variations | 359 B)
[expo-cli] node_modules\@react-navigation\elements\lib\module\assets\clear-icon.c94f6478e7ae0cdd9f15de1fcb9e5e55.png (4 variations | 425 B)
[expo-cli] node_modules\@react-navigation\elements\lib\module\assets\clear-icon.png (4 variations | 425 B)
[expo-cli] node_modules\@react-navigation\elements\lib\module\assets\close-icon.808e1b1b9b53114ec2838071a7e6daa7.png (4 variations | 235 B)
[expo-cli] node_modules\@react-navigation\elements\lib\module\assets\close-icon.png (4 variations | 235 B)
[expo-cli] node_modules\@react-navigation\elements\lib\module\assets\search-icon.286d67d3f74808a60a78d3ebf1a5fb57.png (928 B)
[expo-cli] node_modules\@react-navigation\elements\lib\module\assets\search-icon.png (7 variations | 592 B)
[expo-cli] node_modules\expo\node_modules\@expo\vector-icons\build\vendor\react-native-vector-icons\Fonts\AntDesign.3f78af31cca60105799838a1a7a59fbd.ttf (130 kB)
[expo-cli] node_modules\expo\node_modules\@expo\vector-icons\build\vendor\react-native-vector-icons\Fonts\AntDesign.ttf (130 kB)
[expo-cli] node_modules\expo\node_modules\@expo\vector-icons\build\vendor\react-native-vector-icons\Fonts\Entypo.31b5ffea3daddc69dd01a1f3d6cf63c5.ttf (66.2 kB)
[expo-cli] node_modules\expo\node_modules\@expo\vector-icons\build\vendor\react-native-vector-icons\Fonts\Entypo.ttf (66.2 kB)
[expo-cli] node_modules\expo\node_modules\@expo\vector-icons\build\vendor\react-native-vector-icons\Fonts\EvilIcons.140c53a7643ea949007aa9a282153849.ttf (13.5 kB)
[expo-cli] node_modules\expo\node_modules\@expo\vector-icons\build\vendor\react-native-vector-icons\Fonts\EvilIcons.ttf (13.5 kB)
[expo-cli] node_modules\expo\node_modules\@expo\vector-icons\build\vendor\react-native-vector-icons\Fonts\Feather.ca4b48e04dc1ce10bfbddb262c8b835f.ttf (55.6 kB)
[expo-cli] node_modules\expo\node_modules\@expo\vector-icons\build\vendor\react-native-vector-icons\Fonts\Feather.ttf (55.6 kB)
[expo-cli] node_modules\expo\node_modules\@expo\vector-icons\build\vendor\react-native-vector-icons\Fonts\FontAwesome.b06871f281fee6b241d60582ae9369b9.ttf (166 kB)
[expo-cli] node_modules\expo\node_modules\@expo\vector-icons\build\vendor\react-native-vector-icons\Fonts\FontAwesome.ttf (166 kB)
[expo-cli] node_modules\expo\node_modules\@expo\vector-icons\build\vendor\react-native-vector-icons\Fonts\FontAwesome5_Brands.3b89dd103490708d19a95adcae52210e.ttf (134 kB)
[expo-cli] node_modules\expo\node_modules\@expo\vector-icons\build\vendor\react-native-vector-icons\Fonts\FontAwesome5_Brands.ttf (134 kB)
[expo-cli] node_modules\expo\node_modules\@expo\vector-icons\build\vendor\react-native-vector-icons\Fonts\FontAwesome5_Regular.1f77739ca9ff2188b539c36f30ffa2be.ttf (33.7 kB)
[expo-cli] node_modules\expo\node_modules\@expo\vector-icons\build\vendor\react-native-vector-icons\Fonts\FontAwesome5_Regular.ttf (33.7 kB)
[expo-cli] node_modules\expo\node_modules\@expo\vector-icons\build\vendor\react-native-vector-icons\Fonts\FontAwesome5_Solid.605ed7926cf39a2ad5ec2d1f9d391d3d.ttf (203 kB)
[expo-cli] node_modules\expo\node_modules\@expo\vector-icons\build\vendor\react-native-vector-icons\Fonts\FontAwesome5_Solid.ttf (203 kB)
[expo-cli] node_modules\expo\node_modules\@expo\vector-icons\build\vendor\react-native-vector-icons\Fonts\FontAwesome6_Brands.56c8d80832e37783f12c05db7c8849e2.ttf (209 kB)
[expo-cli] node_modules\expo\node_modules\@expo\vector-icons\build\vendor\react-native-vector-icons\Fonts\FontAwesome6_Brands.ttf (209 kB)
[expo-cli] node_modules\expo\node_modules\@expo\vector-icons\build\vendor\react-native-vector-icons\Fonts\FontAwesome6_Regular.370dd5af19f8364907b6e2c41f45dbbf.ttf (68 kB)
[expo-cli] node_modules\expo\node_modules\@expo\vector-icons\build\vendor\react-native-vector-icons\Fonts\FontAwesome6_Regular.ttf (68 kB)
[expo-cli] node_modules\expo\node_modules\@expo\vector-icons\build\vendor\react-native-vector-icons\Fonts\FontAwesome6_Solid.adec7d6f310bc577f05e8fe06a5daccf.ttf (424 kB)
[expo-cli] node_modules\expo\node_modules\@expo\vector-icons\build\vendor\react-native-vector-icons\Fonts\FontAwesome6_Solid.ttf (424 kB)
[expo-cli] node_modules\expo\node_modules\@expo\vector-icons\build\vendor\react-native-vector-icons\Fonts\Fontisto.b49ae8ab2dbccb02c4d11caaacf09eab.ttf (314 kB)
[expo-cli] node_modules\expo\node_modules\@expo\vector-icons\build\vendor\react-native-vector-icons\Fonts\Fontisto.ttf (314 kB)
[expo-cli] node_modules\expo\node_modules\@expo\vector-icons\build\vendor\react-native-vector-icons\Fonts\Foundation.e20945d7c929279ef7a6f1db184a4470.ttf (57 kB)
[expo-cli] node_modules\expo\node_modules\@expo\vector-icons\build\vendor\react-native-vector-icons\Fonts\Foundation.ttf (57 kB)
[expo-cli] node_modules\expo\node_modules\@expo\vector-icons\build\vendor\react-native-vector-icons\Fonts\Ionicons.b4eb097d35f44ed943676fd56f6bdc51.ttf (390 kB)
[expo-cli] node_modules\expo\node_modules\@expo\vector-icons\build\vendor\react-native-vector-icons\Fonts\Ionicons.ttf (390 kB)
[expo-cli] node_modules\expo\node_modules\@expo\vector-icons\build\vendor\react-native-vector-icons\Fonts\MaterialCommunityIcons.6e435534bd35da5fef04168860a9b8fa.ttf (1.31 MB)
[expo-cli] node_modules\expo\node_modules\@expo\vector-icons\build\vendor\react-native-vector-icons\Fonts\MaterialCommunityIcons.ttf (1.31 MB)
[expo-cli] node_modules\expo\node_modules\@expo\vector-icons\build\vendor\react-native-vector-icons\Fonts\MaterialIcons.4e85bc9ebe07e0340c9c4fc2f6c38908.ttf (357 kB)
[expo-cli] node_modules\expo\node_modules\@expo\vector-icons\build\vendor\react-native-vector-icons\Fonts\MaterialIcons.ttf (357 kB)
[expo-cli] node_modules\expo\node_modules\@expo\vector-icons\build\vendor\react-native-vector-icons\Fonts\Octicons.871378c6eab492a3e689a9385dc45a12.ttf (69.4 kB)
[expo-cli] node_modules\expo\node_modules\@expo\vector-icons\build\vendor\react-native-vector-icons\Fonts\Octicons.ttf (69.4 kB)
[expo-cli] node_modules\expo\node_modules\@expo\vector-icons\build\vendor\react-native-vector-icons\Fonts\SimpleLineIcons.d2285965fe34b05465047401b8595dd0.ttf (54.1 kB)
[expo-cli] node_modules\expo\node_modules\@expo\vector-icons\build\vendor\react-native-vector-icons\Fonts\SimpleLineIcons.ttf (54.1 kB)
[expo-cli] node_modules\expo\node_modules\@expo\vector-icons\build\vendor\react-native-vector-icons\Fonts\Zocial.1681f34aaca71b8dfb70756bca331eb2.ttf (25.8 kB)
[expo-cli] node_modules\expo\node_modules\@expo\vector-icons\build\vendor\react-native-vector-icons\Fonts\Zocial.ttf (25.8 kB)
[expo-cli] 
[expo-cli] › web bundles (6):
[expo-cli] _expo/static/js/web/AppEntry-83a3bf030a8e3fd9fa26c39f46bd11f5.js (3 MB)
[expo-cli] _expo/static/js/web/AppEntry-83a3bf030a8e3fd9fa26c39f46bd11f5.js.map (8.79 MB)
[expo-cli] _expo/static/js/web/index-3c684ecdfcc69a0b8a2cc9420c0dd51c.js (12.7 kB)
[expo-cli] _expo/static/js/web/index-3c684ecdfcc69a0b8a2cc9420c0dd51c.js.map (58.8 kB)
[expo-cli] _expo/static/js/web/ScreenCapture-dd2f4f34462747cc28436a8e32dc990f.js (2.48 kB)
[expo-cli] _expo/static/js/web/ScreenCapture-dd2f4f34462747cc28436a8e32dc990f.js.map (12.5 kB)
[expo-cli] 
[expo-cli] › ios bundles (2):
[expo-cli] _expo/static/js/ios/AppEntry-dadadc37b13684bbdabf1bfc6ec4af7c.hbc (3.35 MB)
[expo-cli] _expo/static/js/ios/AppEntry-dadadc37b13684bbdabf1bfc6ec4af7c.hbc.map (9.61 MB)
[expo-cli] 
[expo-cli] › android bundles (2):
[expo-cli] _expo/static/js/android/AppEntry-3c7e38fd6a3b52bc2feaab8220db40b1.hbc (3.36 MB)
[expo-cli] _expo/static/js/android/AppEntry-3c7e38fd6a3b52bc2feaab8220db40b1.hbc.map (9.65 MB)
[expo-cli] 
[expo-cli] › Files (4):
[expo-cli] assetmap.json (19.4 kB)
[expo-cli] favicon.ico (14.5 kB)
[expo-cli] index.html (1.22 kB)
[expo-cli] metadata.json (5.11 kB)
[expo-cli] 
[expo-cli] Exported: dist
✔ Exported bundle(s)
- Uploading...
- Uploading assetmap.json (0 / 19.0 KB)
✔ Uploaded assetmap.json 
√ Uploaded 2 app bundles
√ Uploading assets skipped - no new assets found
i 39 iOS assets, 39 Android assets (maximum: 2000 total per update). Learn more about asset limits: https://expo.fyi/eas-update-asset-limits
Skipping project fingerprints
- Publishing...
✔ Published!

Branch             production
Runtime version    1.6.0
Platform           android, ios
Update group ID    3a145763-eddd-4f91-83d5-f3ee617e5220
Android update ID  019f34a9-56d6-7553-9662-91e1dc084f1b
iOS update ID      019f34a9-56d6-7156-bf6f-6fd016de8af4
Message            fix(subscription): immediate revocation visibility runtime 1.6.0
Commit             2aea67d8e277c449b338087b7dd7e37164d9208d*
EAS Dashboard      https://expo.dev/accounts/isamu_123/projects/osmani-tv/updates/3a145763-eddd-4f91-83d5-f3ee617e5220

npm warn Unknown env config "devdir". This will stop working in the next major version of npm.


=== OTA runtime 1.7.0 ===
No environment variables with visibility "Plain text" and "Sensitive" found for the "production" environment on EAS.

- Exporting...
[expo-cli] --non-interactive is not supported, use $CI=1 instead
[expo-cli] » android: androidStatusBar.backgroundColor: Color conflicts with the splash.backgroundColor
[expo-cli] » android: androidStatusBar.backgroundColor: Color conflicts with the splash.backgroundColor
[expo-cli] » android: androidStatusBar.backgroundColor: Color conflicts with the splash.backgroundColor
[expo-cli] » android: androidStatusBar.backgroundColor: Color conflicts with the splash.backgroundColor
[expo-cli] » android: androidStatusBar.backgroundColor: Color conflicts with the splash.backgroundColor
[expo-cli] Starting Metro Bundler
[expo-cli] warning: Bundler cache is empty, rebuilding (this may take a minute)
[expo-cli] Web node_modules\expo\AppEntry.js ░░░░░░░░░░░░░░░░  0.0% (0/1)
[expo-cli] iOS node_modules\expo\AppEntry.js ░░░░░░░░░░░░░░░░  0.0% (0/1)
[expo-cli] Android node_modules\expo\AppEntry.js ░░░░░░░░░░░░░░░░  0.0% (0/1)
[expo-cli] | (node:4020) Warning: The 'NO_COLOR' env is ignored due to the 'FORCE_COLOR' env being set.
[expo-cli] | (Use `node --trace-warnings ...` to show where the warning was created)
[expo-cli] | (node:5020) Warning: The 'NO_COLOR' env is ignored due to the 'FORCE_COLOR' env being set.
[expo-cli] Web node_modules\expo\AppEntry.js ░░░░░░░░░░░░░░░░  1.0% (1/3)
[expo-cli] iOS node_modules\expo\AppEntry.js ░░░░░░░░░░░░░░░░  1.0% (1/3)
[expo-cli] Android node_modules\expo\AppEntry.js ░░░░░░░░░░░░░░░░  1.0% (1/1)
[expo-cli] | (Use `node --trace-warnings ...` to show where the warning was created)
[expo-cli] | (node:15716) Warning: The 'NO_COLOR' env is ignored due to the 'FORCE_COLOR' env being set.
[expo-cli] | (Use `node --trace-warnings ...` to show where the warning was created)
[expo-cli] Web node_modules\expo\AppEntry.js ░░░░░░░░░░░░░░░░  4.0% (2/3)
[expo-cli] iOS node_modules\expo\AppEntry.js ▓░░░░░░░░░░░░░░░  9.0% ( 3/89)
[expo-cli] Android node_modules\expo\AppEntry.js ▓░░░░░░░░░░░░░░░  9.0% ( 10/115)
[expo-cli] Web node_modules\expo\AppEntry.js ░░░░░░░░░░░░░░░░  4.0% (2/3)
[expo-cli] iOS node_modules\expo\AppEntry.js ▓░░░░░░░░░░░░░░░  9.0% ( 3/89)
[expo-cli] Android node_modules\expo\AppEntry.js ▓░░░░░░░░░░░░░░░  9.0% ( 25/215)
[expo-cli] | (node:21704) Warning: The 'NO_COLOR' env is ignored due to the 'FORCE_COLOR' env being set.
[expo-cli] | (Use `node --trace-warnings ...` to show where the warning was created)
[expo-cli] Web node_modules\expo\AppEntry.js ░░░░░░░░░░░░░░░░  4.0% (2/3)
[expo-cli] iOS node_modules\expo\AppEntry.js ▓░░░░░░░░░░░░░░░  9.0% ( 4/90)
[expo-cli] Android node_modules\expo\AppEntry.js ▓░░░░░░░░░░░░░░░  9.2% ( 79/261)
[expo-cli] | (node:22240) Warning: The 'NO_COLOR' env is ignored due to the 'FORCE_COLOR' env being set.
[expo-cli] | (Use `node --trace-warnings ...` to show where the warning was created)
[expo-cli] | (node:24636) Warning: The 'NO_COLOR' env is ignored due to the 'FORCE_COLOR' env being set.
[expo-cli] | (Use `node --trace-warnings ...` to show where the warning was created)
[expo-cli] | (node:18760) Warning: The 'NO_COLOR' env is ignored due to the 'FORCE_COLOR' env being set.
[expo-cli] | (Use `node --trace-warnings ...` to show where the warning was created)
[expo-cli] | (node:17300) Warning: The 'NO_COLOR' env is ignored due to the 'FORCE_COLOR' env being set.
[expo-cli] | (Use `node --trace-warnings ...` to show where the warning was created)
[expo-cli] Web node_modules\expo\AppEntry.js ▓▓▓▓░░░░░░░░░░░░ 25.0% ( 5/13)
[expo-cli] iOS node_modules\expo\AppEntry.js ▓░░░░░░░░░░░░░░░  9.0% ( 23/212)
[expo-cli] Android node_modules\expo\AppEntry.js ▓░░░░░░░░░░░░░░░ 10.6% ( 89/273)
[expo-cli] Web node_modules\expo\AppEntry.js ▓▓▓▓░░░░░░░░░░░░ 25.0% ( 5/13)
[expo-cli] iOS node_modules\expo\AppEntry.js ▓░░░░░░░░░░░░░░░ 10.2% ( 84/263)
[expo-cli] Android node_modules\expo\AppEntry.js ▓▓░░░░░░░░░░░░░░ 17.0% (129/336)
[expo-cli] Web node_modules\expo\AppEntry.js ▓▓▓▓░░░░░░░░░░░░ 25.0% ( 6/14)
[expo-cli] iOS node_modules\expo\AppEntry.js ▓░░░░░░░░░░░░░░░ 10.2% ( 84/263)
[expo-cli] Android node_modules\expo\AppEntry.js ▓▓░░░░░░░░░░░░░░ 17.0% (163/423)
[expo-cli] Web node_modules\expo\AppEntry.js ▓▓▓▓░░░░░░░░░░░░ 25.0% ( 6/14)
[expo-cli] iOS node_modules\expo\AppEntry.js ▓░░░░░░░░░░░░░░░ 11.4% ( 97/287)
[expo-cli] Android node_modules\expo\AppEntry.js ▓▓▓░░░░░░░░░░░░░ 19.8% (236/531)
[expo-cli] Web node_modules\expo\AppEntry.js ▓▓▓▓░░░░░░░░░░░░ 25.0% ( 6/14)
[expo-cli] iOS node_modules\expo\AppEntry.js ▓░░░░░░░░░░░░░░░ 11.4% (134/411)
[expo-cli] Android node_modules\expo\AppEntry.js ▓▓▓░░░░░░░░░░░░░ 19.8% (237/533)
[expo-cli] Web node_modules\expo\AppEntry.js ▓▓▓▓░░░░░░░░░░░░ 25.0% (  9/100)
[expo-cli] iOS node_modules\expo\AppEntry.js ▓▓░░░░░░░░░░░░░░ 15.6% (190/481)
[expo-cli] Android node_modules\expo\AppEntry.js ▓▓▓░░░░░░░░░░░░░ 20.5% (271/598)
[expo-cli] Web node_modules\expo\AppEntry.js ▓▓▓▓░░░░░░░░░░░░ 25.0% ( 12/102)
[expo-cli] iOS node_modules\expo\AppEntry.js ▓▓▓░░░░░░░░░░░░░ 22.0% (273/582)
[expo-cli] Android node_modules\expo\AppEntry.js ▓▓▓▓░░░░░░░░░░░░ 27.5% (323/616)
[expo-cli] Web node_modules\expo\AppEntry.js ▓▓▓▓░░░░░░░░░░░░ 25.0% ( 29/128)
[expo-cli] iOS node_modules\expo\AppEntry.js ▓▓▓░░░░░░░░░░░░░ 22.2% (274/582)
[expo-cli] Android node_modules\expo\AppEntry.js ▓▓▓▓▓░░░░░░░░░░░ 31.3% (395/750)
[expo-cli] Web node_modules\expo\AppEntry.js ▓▓▓▓░░░░░░░░░░░░ 25.0% ( 53/195)
[expo-cli] iOS node_modules\expo\AppEntry.js ▓▓▓░░░░░░░░░░░░░ 22.2% (274/582)
[expo-cli] Android node_modules\expo\AppEntry.js ▓▓▓▓▓░░░░░░░░░░░ 31.3% (395/750)
[expo-cli] Web node_modules\expo\AppEntry.js ▓▓▓▓░░░░░░░░░░░░ 25.0% ( 93/298)
[expo-cli] iOS node_modules\expo\AppEntry.js ▓▓▓░░░░░░░░░░░░░ 22.2% (274/582)
[expo-cli] Android node_modules\expo\AppEntry.js ▓▓▓▓▓░░░░░░░░░░░ 31.3% (400/752)
[expo-cli] Web node_modules\expo\AppEntry.js ▓▓▓▓░░░░░░░░░░░░ 25.0% ( 93/298)
[expo-cli] iOS node_modules\expo\AppEntry.js ▓▓▓░░░░░░░░░░░░░ 22.2% (274/582)
[expo-cli] Android node_modules\expo\AppEntry.js ▓▓▓▓▓▓░░░░░░░░░░ 41.6% (517/802)
[expo-cli] Web node_modules\expo\AppEntry.js ▓▓▓▓░░░░░░░░░░░░ 25.0% ( 93/298)
[expo-cli] iOS node_modules\expo\AppEntry.js ▓▓▓▓░░░░░░░░░░░░ 28.7% (408/761)
[expo-cli] Android node_modules\expo\AppEntry.js ▓▓▓▓▓▓▓░░░░░░░░░ 44.8% (542/810)
[expo-cli] Web node_modules\expo\AppEntry.js ▓▓▓▓░░░░░░░░░░░░ 25.0% ( 99/332)
[expo-cli] iOS node_modules\expo\AppEntry.js ▓▓▓▓▓░░░░░░░░░░░ 33.9% (475/816)
[expo-cli] Android node_modules\expo\AppEntry.js ▓▓▓▓▓▓▓░░░░░░░░░ 49.4% (593/846)
[expo-cli] Web node_modules\expo\AppEntry.js ▓▓▓▓░░░░░░░░░░░░ 25.0% ( 99/332)
[expo-cli] iOS node_modules\expo\AppEntry.js ▓▓▓▓▓▓▓░░░░░░░░░ 46.7% (596/872)
[expo-cli] Android node_modules\expo\AppEntry.js ▓▓▓▓▓▓▓▓░░░░░░░░ 51.9% (638/886)
[expo-cli] Web node_modules\expo\AppEntry.js ▓▓▓▓░░░░░░░░░░░░ 25.0% (137/352)
[expo-cli] iOS node_modules\expo\AppEntry.js ▓▓▓▓▓▓▓░░░░░░░░░ 46.7% (596/872)
[expo-cli] Android node_modules\expo\AppEntry.js ▓▓▓▓▓▓▓▓▓░░░░░░░ 57.1% ( 750/1006)
[expo-cli] Web node_modules\expo\AppEntry.js ▓▓▓▓░░░░░░░░░░░░ 25.0% (211/437)
[expo-cli] iOS node_modules\expo\AppEntry.js ▓▓▓▓▓▓▓░░░░░░░░░ 46.7% (596/872)
[expo-cli] Android node_modules\expo\AppEntry.js ▓▓▓▓▓▓▓▓▓░░░░░░░ 57.1% ( 750/1006)
[expo-cli] Web node_modules\expo\AppEntry.js ▓▓▓▓▓░░░░░░░░░░░ 33.9% (294/505)
[expo-cli] iOS node_modules\expo\AppEntry.js ▓▓▓▓▓▓▓░░░░░░░░░ 46.7% (596/872)
[expo-cli] Android node_modules\expo\AppEntry.js ▓▓▓▓▓▓▓▓▓░░░░░░░ 57.1% ( 750/1006)
[expo-cli] Web node_modules\expo\AppEntry.js ▓▓▓▓▓░░░░░░░░░░░ 35.3% (326/557)
[expo-cli] iOS node_modules\expo\AppEntry.js ▓▓▓▓▓▓▓░░░░░░░░░ 48.4% (652/941)
[expo-cli] Android node_modules\expo\AppEntry.js ▓▓▓▓▓▓▓▓▓░░░░░░░ 61.5% ( 808/1030)
[expo-cli] Web node_modules\expo\AppEntry.js ▓▓▓▓▓░░░░░░░░░░░ 35.3% (326/557)
[expo-cli] iOS node_modules\expo\AppEntry.js ▓▓▓▓▓▓▓▓▓░░░░░░░ 56.9% ( 770/1021)
[expo-cli] Android node_modules\expo\AppEntry.js ▓▓▓▓▓▓▓▓▓▓░░░░░░ 62.6% ( 830/1049)
[expo-cli] Web node_modules\expo\AppEntry.js ▓▓▓▓▓░░░░░░░░░░░ 35.3% (333/564)
[expo-cli] iOS node_modules\expo\AppEntry.js ▓▓▓▓▓▓▓▓▓▓░░░░░░ 66.9% ( 859/1050)
[expo-cli] Android node_modules\expo\AppEntry.js ▓▓▓▓▓▓▓▓▓▓░░░░░░ 68.6% ( 881/1064)
[expo-cli] Web node_modules\expo\AppEntry.js ▓▓▓▓▓░░░░░░░░░░░ 36.8% (350/577)
[expo-cli] iOS node_modules\expo\AppEntry.js ▓▓▓▓▓▓▓▓▓▓░░░░░░ 67.1% ( 866/1057)
[expo-cli] Android node_modules\expo\AppEntry.js ▓▓▓▓▓▓▓▓▓▓▓▓░░░░ 80.7% (1007/1121)
[expo-cli] Web node_modules\expo\AppEntry.js ▓▓▓▓▓▓▓░░░░░░░░░ 44.7% (425/636)
[expo-cli] iOS node_modules\expo\AppEntry.js ▓▓▓▓▓▓▓▓▓▓░░░░░░ 67.3% ( 871/1062)
[expo-cli] Android node_modules\expo\AppEntry.js ▓▓▓▓▓▓▓▓▓▓▓▓░░░░ 80.7% (1007/1121)
[expo-cli] Web node_modules\expo\AppEntry.js ▓▓▓▓▓▓▓░░░░░░░░░ 48.9% (511/731)
[expo-cli] iOS node_modules\expo\AppEntry.js ▓▓▓▓▓▓▓▓▓▓░░░░░░ 67.3% ( 872/1064)
[expo-cli] Android node_modules\expo\AppEntry.js ▓▓▓▓▓▓▓▓▓▓▓▓░░░░ 80.7% (1007/1121)
[expo-cli] | [33m» [1mandroid[22m: androidStatusBar.backgroundColor: Color conflicts with the splash.backgroundColor[39m
[expo-cli] Web node_modules\expo\AppEntry.js ▓▓▓▓▓▓▓▓░░░░░░░░ 52.6% (557/775)
[expo-cli] iOS node_modules\expo\AppEntry.js ▓▓▓▓▓▓▓▓▓▓▓▓░░░░ 76.5% ( 960/1105)
[expo-cli] Android node_modules\expo\AppEntry.js ▓▓▓▓▓▓▓▓▓▓▓▓▓░░░ 83.0% (1024/1124)
[expo-cli] Web node_modules\expo\AppEntry.js ▓▓▓▓▓▓▓▓░░░░░░░░ 52.7% (564/777)
[expo-cli] iOS node_modules\expo\AppEntry.js ▓▓▓▓▓▓▓▓▓▓▓▓▓░░░ 85.1% (1058/1147)
[expo-cli] Android node_modules\expo\AppEntry.js ▓▓▓▓▓▓▓▓▓▓▓▓▓░░░ 85.5% (1101/1191)
[expo-cli] Web node_modules\expo\AppEntry.js ▓▓▓▓▓▓▓▓▓░░░░░░░ 58.9% (667/869)
[expo-cli] iOS node_modules\expo\AppEntry.js ▓▓▓▓▓▓▓▓▓▓▓▓▓░░░ 85.1% (1058/1147)
[expo-cli] Android node_modules\expo\AppEntry.js ▓▓▓▓▓▓▓▓▓▓▓▓▓▓░░ 88.6% (1121/1191)
[expo-cli] Web node_modules\expo\AppEntry.js ▓▓▓▓▓▓▓▓▓▓▓░░░░░ 70.3% (769/917)
[expo-cli] iOS node_modules\expo\AppEntry.js ▓▓▓▓▓▓▓▓▓▓▓▓▓░░░ 85.4% (1068/1156)
[expo-cli] Android node_modules\expo\AppEntry.js ▓▓▓▓▓▓▓▓▓▓▓▓▓▓░░ 89.2% (1127/1193)
[expo-cli] Web node_modules\expo\AppEntry.js ▓▓▓▓▓▓▓▓▓▓▓░░░░░ 70.3% (769/917)
[expo-cli] iOS node_modules\expo\AppEntry.js ▓▓▓▓▓▓▓▓▓▓▓▓▓▓░░ 93.1% (1149/1204)
[expo-cli] Android node_modules\expo\AppEntry.js ▓▓▓▓▓▓▓▓▓▓▓▓▓▓░░ 91.4% (1181/1265)
[expo-cli] Web node_modules\expo\AppEntry.js ▓▓▓▓▓▓▓▓▓▓▓▓░░░░ 77.0% (838/956)
[expo-cli] iOS node_modules\expo\AppEntry.js ▓▓▓▓▓▓▓▓▓▓▓▓▓▓░░ 93.1% (1155/1208)
[expo-cli] Android node_modules\expo\AppEntry.js ▓▓▓▓▓▓▓▓▓▓▓▓▓▓░░ 91.4% (1190/1268)
[expo-cli] Web node_modules\expo\AppEntry.js ▓▓▓▓▓▓▓▓▓▓▓▓▓░░░ 84.2% ( 912/1016)
[expo-cli] iOS node_modules\expo\AppEntry.js ▓▓▓▓▓▓▓▓▓▓▓▓▓▓░░ 93.1% (1171/1236)
[expo-cli] Android node_modules\expo\AppEntry.js ▓▓▓▓▓▓▓▓▓▓▓▓▓▓░░ 91.4% (1193/1268)
[expo-cli] Web node_modules\expo\AppEntry.js ▓▓▓▓▓▓▓▓▓▓▓▓▓░░░ 84.2% ( 912/1016)
[expo-cli] iOS node_modules\expo\AppEntry.js ▓▓▓▓▓▓▓▓▓▓▓▓▓▓░░ 93.1% (1203/1274)
[expo-cli] Android node_modules\expo\AppEntry.js ▓▓▓▓▓▓▓▓▓▓▓▓▓▓░░ 91.4% (1249/1329)
[expo-cli] Web node_modules\expo\AppEntry.js ▓▓▓▓▓▓▓▓▓▓▓▓▓▓░░ 88.6% ( 982/1072)
[expo-cli] iOS node_modules\expo\AppEntry.js ▓▓▓▓▓▓▓▓▓▓▓▓▓▓░░ 93.1% (1206/1274)
[expo-cli] Android node_modules\expo\AppEntry.js ▓▓▓▓▓▓▓▓▓▓▓▓▓▓░░ 91.4% (1268/1353)
[expo-cli] Web node_modules\expo\AppEntry.js ▓▓▓▓▓▓▓▓▓▓▓▓▓▓░░ 88.6% (1013/1115)
[expo-cli] iOS node_modules\expo\AppEntry.js ▓▓▓▓▓▓▓▓▓▓▓▓▓▓░░ 93.1% (1253/1345)
[expo-cli] Android node_modules\expo\AppEntry.js ▓▓▓▓▓▓▓▓▓▓▓▓▓▓░░ 91.4% (1268/1353)
[expo-cli] Web node_modules\expo\AppEntry.js ▓▓▓▓▓▓▓▓▓▓▓▓▓▓░░ 88.6% (1013/1115)
[expo-cli] iOS node_modules\expo\AppEntry.js ▓▓▓▓▓▓▓▓▓▓▓▓▓▓░░ 93.1% (1273/1353)
[expo-cli] Android node_modules\expo\AppEntry.js ▓▓▓▓▓▓▓▓▓▓▓▓▓▓░░ 91.4% (1331/1411)
[expo-cli] Web node_modules\expo\AppEntry.js ▓▓▓▓▓▓▓▓▓▓▓▓▓▓░░ 88.6% (1072/1151)
[expo-cli] iOS node_modules\expo\AppEntry.js ▓▓▓▓▓▓▓▓▓▓▓▓▓▓░░ 93.1% (1285/1372)
[expo-cli] Android node_modules\expo\AppEntry.js ▓▓▓▓▓▓▓▓▓▓▓▓▓▓░░ 91.4% (1341/1411)
[expo-cli] Web node_modules\expo\AppEntry.js ▓▓▓▓▓▓▓▓▓▓▓▓▓▓░░ 88.8% (1114/1186)
[expo-cli] iOS node_modules\expo\AppEntry.js ▓▓▓▓▓▓▓▓▓▓▓▓▓▓░░ 93.1% (1307/1405)
[expo-cli] Android node_modules\expo\AppEntry.js ▓▓▓▓▓▓▓▓▓▓▓▓▓▓░░ 91.6% (1353/1414)
[expo-cli] Web node_modules\expo\AppEntry.js ▓▓▓▓▓▓▓▓▓▓▓▓▓▓░░ 88.8% (1117/1189)
[expo-cli] iOS node_modules\expo\AppEntry.js ▓▓▓▓▓▓▓▓▓▓▓▓▓▓░░ 93.1% (1346/1412)
[expo-cli] Android node_modules\expo\AppEntry.js ▓▓▓▓▓▓▓▓▓▓▓▓▓▓░░ 92.5% (1371/1430)
[expo-cli] Web node_modules\expo\AppEntry.js ▓▓▓▓▓▓▓▓▓▓▓▓▓▓░░ 92.5% (1158/1204)
[expo-cli] iOS node_modules\expo\AppEntry.js ▓▓▓▓▓▓▓▓▓▓▓▓▓▓░░ 93.1% (1374/1436)
[expo-cli] Android node_modules\expo\AppEntry.js ▓▓▓▓▓▓▓▓▓▓▓▓▓▓▓░ 93.9% (1414/1470)
[expo-cli] Web node_modules\expo\AppEntry.js ▓▓▓▓▓▓▓▓▓▓▓▓▓▓▓░ 96.2% (1187/1210)
[expo-cli] iOS node_modules\expo\AppEntry.js ▓▓▓▓▓▓▓▓▓▓▓▓▓▓░░ 93.1% (1410/1468)
[expo-cli] Android node_modules\expo\AppEntry.js ▓▓▓▓▓▓▓▓▓▓▓▓▓▓▓░ 93.9% (1423/1475)
[expo-cli] Web node_modules\expo\AppEntry.js ▓▓▓▓▓▓▓▓▓▓▓▓▓▓▓░ 97.7% (1218/1239)
[expo-cli] iOS node_modules\expo\AppEntry.js ▓▓▓▓▓▓▓▓▓▓▓▓▓▓▓░ 96.4% (1473/1500)
[expo-cli] Android node_modules\expo\AppEntry.js ▓▓▓▓▓▓▓▓▓▓▓▓▓▓▓░ 97.3% (1496/1517)
[expo-cli] Web node_modules\expo\AppEntry.js ▓▓▓▓▓▓▓▓▓▓▓▓▓▓▓░ 97.7% (1280/1309)
[expo-cli] iOS node_modules\expo\AppEntry.js ▓▓▓▓▓▓▓▓▓▓▓▓▓▓▓░ 99.5% (1549/1553)
[expo-cli] Android node_modules\expo\AppEntry.js ▓▓▓▓▓▓▓▓▓▓▓▓▓▓▓░ 99.2% (1546/1552)
[expo-cli] Web node_modules\expo\AppEntry.js ▓▓▓▓▓▓▓▓▓▓▓▓▓▓▓░ 99.7% (1334/1336)
[expo-cli] iOS node_modules\expo\AppEntry.js ▓▓▓▓▓▓▓▓▓▓▓▓▓▓▓░ 99.9% (1559/1561)
[expo-cli] Android node_modules\expo\AppEntry.js ▓▓▓▓▓▓▓▓▓▓▓▓▓▓▓░ 99.9% (1561/1561)
[expo-cli] Web node_modules\expo\AppEntry.js ▓▓▓▓▓▓▓▓▓▓▓▓▓▓▓░ 99.9% (1335/1336)
[expo-cli] iOS node_modules\expo\AppEntry.js ▓▓▓▓▓▓▓▓▓▓▓▓▓▓▓░ 99.9% (1559/1561)
[expo-cli] Android node_modules\expo\AppEntry.js ▓▓▓▓▓▓▓▓▓▓▓▓▓▓▓░ 99.9% (1561/1561)
[expo-cli] Web Bundled 174205ms node_modules\expo\AppEntry.js (1336 modules)
[expo-cli] iOS node_modules\expo\AppEntry.js ▓▓▓▓▓▓▓▓▓▓▓▓▓▓▓░ 99.9% (1559/1561)
[expo-cli] Android node_modules\expo\AppEntry.js ▓▓▓▓▓▓▓▓▓▓▓▓▓▓▓░ 99.9% (1561/1561)
[expo-cli] Android Bundled 187999ms node_modules\expo\AppEntry.js (1561 modules)
[expo-cli] iOS node_modules\expo\AppEntry.js ▓▓▓▓▓▓▓▓▓▓▓▓▓▓▓░ 99.9% (1559/1561)
[expo-cli] Android node_modules\expo\AppEntry.js ▓▓▓▓▓▓▓▓▓▓▓▓▓▓▓░ 99.9% (1561/1561)
[expo-cli] iOS node_modules\expo\AppEntry.js ▓▓▓▓▓▓▓▓▓▓▓▓▓▓▓░ 99.9% (1559/1561)
[expo-cli] iOS Bundled 202911ms node_modules\expo\AppEntry.js (1561 modules)
[expo-cli] iOS node_modules\expo\AppEntry.js ▓▓▓▓▓▓▓▓▓▓▓▓▓▓▓░ 99.9% (1559/1561)
[expo-cli] Creating asset map
[expo-cli] 
[expo-cli] › Assets (73):
[expo-cli] node_modules\@react-navigation\elements\lib\module\assets\back-icon-mask.0a328cd9c1afd0afe8e3b1ec5165b1b4.png (653 B)
[expo-cli] node_modules\@react-navigation\elements\lib\module\assets\back-icon-mask.png (653 B)
[expo-cli] node_modules\@react-navigation\elements\lib\module\assets\back-icon.35ba0eaec5a4f5ed12ca16fabeae451d.png (207 B)
[expo-cli] node_modules\@react-navigation\elements\lib\module\assets\back-icon.png (8 variations | 359 B)
[expo-cli] node_modules\@react-navigation\elements\lib\module\assets\clear-icon.c94f6478e7ae0cdd9f15de1fcb9e5e55.png (4 variations | 425 B)
[expo-cli] node_modules\@react-navigation\elements\lib\module\assets\clear-icon.png (4 variations | 425 B)
[expo-cli] node_modules\@react-navigation\elements\lib\module\assets\close-icon.808e1b1b9b53114ec2838071a7e6daa7.png (4 variations | 235 B)
[expo-cli] node_modules\@react-navigation\elements\lib\module\assets\close-icon.png (4 variations | 235 B)
[expo-cli] node_modules\@react-navigation\elements\lib\module\assets\search-icon.286d67d3f74808a60a78d3ebf1a5fb57.png (928 B)
[expo-cli] node_modules\@react-navigation\elements\lib\module\assets\search-icon.png (7 variations | 592 B)
[expo-cli] node_modules\expo\node_modules\@expo\vector-icons\build\vendor\react-native-vector-icons\Fonts\AntDesign.3f78af31cca60105799838a1a7a59fbd.ttf (130 kB)
[expo-cli] node_modules\expo\node_modules\@expo\vector-icons\build\vendor\react-native-vector-icons\Fonts\AntDesign.ttf (130 kB)
[expo-cli] node_modules\expo\node_modules\@expo\vector-icons\build\vendor\react-native-vector-icons\Fonts\Entypo.31b5ffea3daddc69dd01a1f3d6cf63c5.ttf (66.2 kB)
[expo-cli] node_modules\expo\node_modules\@expo\vector-icons\build\vendor\react-native-vector-icons\Fonts\Entypo.ttf (66.2 kB)
[expo-cli] node_modules\expo\node_modules\@expo\vector-icons\build\vendor\react-native-vector-icons\Fonts\EvilIcons.140c53a7643ea949007aa9a282153849.ttf (13.5 kB)
[expo-cli] node_modules\expo\node_modules\@expo\vector-icons\build\vendor\react-native-vector-icons\Fonts\EvilIcons.ttf (13.5 kB)
[expo-cli] node_modules\expo\node_modules\@expo\vector-icons\build\vendor\react-native-vector-icons\Fonts\Feather.ca4b48e04dc1ce10bfbddb262c8b835f.ttf (55.6 kB)
[expo-cli] node_modules\expo\node_modules\@expo\vector-icons\build\vendor\react-native-vector-icons\Fonts\Feather.ttf (55.6 kB)
[expo-cli] node_modules\expo\node_modules\@expo\vector-icons\build\vendor\react-native-vector-icons\Fonts\FontAwesome.b06871f281fee6b241d60582ae9369b9.ttf (166 kB)
[expo-cli] node_modules\expo\node_modules\@expo\vector-icons\build\vendor\react-native-vector-icons\Fonts\FontAwesome.ttf (166 kB)
[expo-cli] node_modules\expo\node_modules\@expo\vector-icons\build\vendor\react-native-vector-icons\Fonts\FontAwesome5_Brands.3b89dd103490708d19a95adcae52210e.ttf (134 kB)
[expo-cli] node_modules\expo\node_modules\@expo\vector-icons\build\vendor\react-native-vector-icons\Fonts\FontAwesome5_Brands.ttf (134 kB)
[expo-cli] node_modules\expo\node_modules\@expo\vector-icons\build\vendor\react-native-vector-icons\Fonts\FontAwesome5_Regular.1f77739ca9ff2188b539c36f30ffa2be.ttf (33.7 kB)
[expo-cli] node_modules\expo\node_modules\@expo\vector-icons\build\vendor\react-native-vector-icons\Fonts\FontAwesome5_Regular.ttf (33.7 kB)
[expo-cli] node_modules\expo\node_modules\@expo\vector-icons\build\vendor\react-native-vector-icons\Fonts\FontAwesome5_Solid.605ed7926cf39a2ad5ec2d1f9d391d3d.ttf (203 kB)
[expo-cli] node_modules\expo\node_modules\@expo\vector-icons\build\vendor\react-native-vector-icons\Fonts\FontAwesome5_Solid.ttf (203 kB)
[expo-cli] node_modules\expo\node_modules\@expo\vector-icons\build\vendor\react-native-vector-icons\Fonts\FontAwesome6_Brands.56c8d80832e37783f12c05db7c8849e2.ttf (209 kB)
[expo-cli] node_modules\expo\node_modules\@expo\vector-icons\build\vendor\react-native-vector-icons\Fonts\FontAwesome6_Brands.ttf (209 kB)
[expo-cli] node_modules\expo\node_modules\@expo\vector-icons\build\vendor\react-native-vector-icons\Fonts\FontAwesome6_Regular.370dd5af19f8364907b6e2c41f45dbbf.ttf (68 kB)
[expo-cli] node_modules\expo\node_modules\@expo\vector-icons\build\vendor\react-native-vector-icons\Fonts\FontAwesome6_Regular.ttf (68 kB)
[expo-cli] node_modules\expo\node_modules\@expo\vector-icons\build\vendor\react-native-vector-icons\Fonts\FontAwesome6_Solid.adec7d6f310bc577f05e8fe06a5daccf.ttf (424 kB)
[expo-cli] node_modules\expo\node_modules\@expo\vector-icons\build\vendor\react-native-vector-icons\Fonts\FontAwesome6_Solid.ttf (424 kB)
[expo-cli] node_modules\expo\node_modules\@expo\vector-icons\build\vendor\react-native-vector-icons\Fonts\Fontisto.b49ae8ab2dbccb02c4d11caaacf09eab.ttf (314 kB)
[expo-cli] node_modules\expo\node_modules\@expo\vector-icons\build\vendor\react-native-vector-icons\Fonts\Fontisto.ttf (314 kB)
[expo-cli] node_modules\expo\node_modules\@expo\vector-icons\build\vendor\react-native-vector-icons\Fonts\Foundation.e20945d7c929279ef7a6f1db184a4470.ttf (57 kB)
[expo-cli] node_modules\expo\node_modules\@expo\vector-icons\build\vendor\react-native-vector-icons\Fonts\Foundation.ttf (57 kB)
[expo-cli] node_modules\expo\node_modules\@expo\vector-icons\build\vendor\react-native-vector-icons\Fonts\Ionicons.b4eb097d35f44ed943676fd56f6bdc51.ttf (390 kB)
[expo-cli] node_modules\expo\node_modules\@expo\vector-icons\build\vendor\react-native-vector-icons\Fonts\Ionicons.ttf (390 kB)
[expo-cli] node_modules\expo\node_modules\@expo\vector-icons\build\vendor\react-native-vector-icons\Fonts\MaterialCommunityIcons.6e435534bd35da5fef04168860a9b8fa.ttf (1.31 MB)
[expo-cli] node_modules\expo\node_modules\@expo\vector-icons\build\vendor\react-native-vector-icons\Fonts\MaterialCommunityIcons.ttf (1.31 MB)
[expo-cli] node_modules\expo\node_modules\@expo\vector-icons\build\vendor\react-native-vector-icons\Fonts\MaterialIcons.4e85bc9ebe07e0340c9c4fc2f6c38908.ttf (357 kB)
[expo-cli] node_modules\expo\node_modules\@expo\vector-icons\build\vendor\react-native-vector-icons\Fonts\MaterialIcons.ttf (357 kB)
[expo-cli] node_modules\expo\node_modules\@expo\vector-icons\build\vendor\react-native-vector-icons\Fonts\Octicons.871378c6eab492a3e689a9385dc45a12.ttf (69.4 kB)
[expo-cli] node_modules\expo\node_modules\@expo\vector-icons\build\vendor\react-native-vector-icons\Fonts\Octicons.ttf (69.4 kB)
[expo-cli] node_modules\expo\node_modules\@expo\vector-icons\build\vendor\react-native-vector-icons\Fonts\SimpleLineIcons.d2285965fe34b05465047401b8595dd0.ttf (54.1 kB)
[expo-cli] node_modules\expo\node_modules\@expo\vector-icons\build\vendor\react-native-vector-icons\Fonts\SimpleLineIcons.ttf (54.1 kB)
[expo-cli] node_modules\expo\node_modules\@expo\vector-icons\build\vendor\react-native-vector-icons\Fonts\Zocial.1681f34aaca71b8dfb70756bca331eb2.ttf (25.8 kB)
[expo-cli] node_modules\expo\node_modules\@expo\vector-icons\build\vendor\react-native-vector-icons\Fonts\Zocial.ttf (25.8 kB)
[expo-cli] 
[expo-cli] › web bundles (6):
[expo-cli] _expo/static/js/web/AppEntry-ada2791ef6914c782756d395b4e87831.js (3.01 MB)
[expo-cli] _expo/static/js/web/AppEntry-ada2791ef6914c782756d395b4e87831.js.map (8.79 MB)
[expo-cli] _expo/static/js/web/index-49599ca830d05fe303fd39bf378f1890.js (12.7 kB)
[expo-cli] _expo/static/js/web/index-49599ca830d05fe303fd39bf378f1890.js.map (58.8 kB)
[expo-cli] _expo/static/js/web/ScreenCapture-26797d1aa70eca55dbb83457aa573a5c.js (2.48 kB)
[expo-cli] _expo/static/js/web/ScreenCapture-26797d1aa70eca55dbb83457aa573a5c.js.map (12.5 kB)
[expo-cli] 
[expo-cli] › android bundles (2):
[expo-cli] _expo/static/js/android/AppEntry-c8abd1c134779671e4cac2522ec64c61.hbc (3.36 MB)
[expo-cli] _expo/static/js/android/AppEntry-c8abd1c134779671e4cac2522ec64c61.hbc.map (9.65 MB)
[expo-cli] 
[expo-cli] › ios bundles (2):
[expo-cli] _expo/static/js/ios/AppEntry-b9a5cadf954bdba3fa2f33afd602273b.hbc (3.35 MB)
[expo-cli] _expo/static/js/ios/AppEntry-b9a5cadf954bdba3fa2f33afd602273b.hbc.map (9.61 MB)
[expo-cli] 
[expo-cli] › Files (4):
[expo-cli] assetmap.json (19.4 kB)
[expo-cli] favicon.ico (14.5 kB)
[expo-cli] index.html (1.22 kB)
[expo-cli] metadata.json (5.11 kB)
[expo-cli] 
[expo-cli] Exported: dist
✔ Exported bundle(s)
- Uploading...
- Uploading assetmap.json (0 / 19.0 KB)
✔ Uploaded assetmap.json 
√ Uploaded 2 app bundles
√ Uploading assets skipped - no new assets found
i 39 iOS assets, 39 Android assets (maximum: 2000 total per update). Learn more about asset limits: https://expo.fyi/eas-update-asset-limits
Skipping project fingerprints
- Publishing...
✔ Published!

Branch             production
Runtime version    1.7.0
Platform           android, ios
Update group ID    cab702f3-e491-4d06-a5af-a65aac07e6ec
Android update ID  019f34ad-fc4c-709e-892f-8f7f3c82cf3c
iOS update ID      019f34ad-fc4c-7c2c-b399-cbf0ffc58ce4
Message            fix(subscription): immediate revocation visibility runtime 1.7.0
Commit             2aea67d8e277c449b338087b7dd7e37164d9208d*
EAS Dashboard      https://expo.dev/accounts/isamu_123/projects/osmani-tv/updates/cab702f3-e491-4d06-a5af-a65aac07e6ec

npm warn Unknown env config "devdir". This will stop working in the next major version of npm.


=== OTA runtime 1.7.1 ===
No environment variables with visibility "Plain text" and "Sensitive" found for the "production" environment on EAS.

- Exporting...
[expo-cli] --non-interactive is not supported, use $CI=1 instead
[expo-cli] » android: androidStatusBar.backgroundColor: Color conflicts with the splash.backgroundColor
[expo-cli] » android: androidStatusBar.backgroundColor: Color conflicts with the splash.backgroundColor
[expo-cli] » android: androidStatusBar.backgroundColor: Color conflicts with the splash.backgroundColor
[expo-cli] » android: androidStatusBar.backgroundColor: Color conflicts with the splash.backgroundColor
[expo-cli] » android: androidStatusBar.backgroundColor: Color conflicts with the splash.backgroundColor
[expo-cli] Starting Metro Bundler
[expo-cli] warning: Bundler cache is empty, rebuilding (this may take a minute)
[expo-cli] Web node_modules\expo\AppEntry.js ░░░░░░░░░░░░░░░░  0.0% (0/1)
[expo-cli] iOS node_modules\expo\AppEntry.js ░░░░░░░░░░░░░░░░  0.0% (0/1)
[expo-cli] Android node_modules\expo\AppEntry.js ░░░░░░░░░░░░░░░░  0.0% (0/1)
[expo-cli] | (node:9688) Warning: The 'NO_COLOR' env is ignored due to the 'FORCE_COLOR' env being set.
[expo-cli] | (Use `node --trace-warnings ...` to show where the warning was created)
[expo-cli] | (node:15884) Warning: The 'NO_COLOR' env is ignored due to the 'FORCE_COLOR' env being set.
[expo-cli] Web node_modules\expo\AppEntry.js ░░░░░░░░░░░░░░░░  1.0% (1/3)
[expo-cli] iOS node_modules\expo\AppEntry.js ░░░░░░░░░░░░░░░░  1.0% (1/1)
[expo-cli] Android node_modules\expo\AppEntry.js ░░░░░░░░░░░░░░░░  1.0% (1/3)
[expo-cli] | (Use `node --trace-warnings ...` to show where the warning was created)
[expo-cli] | (node:1532) Warning: The 'NO_COLOR' env is ignored due to the 'FORCE_COLOR' env being set.
[expo-cli] | (Use `node --trace-warnings ...` to show where the warning was created)
[expo-cli] Web node_modules\expo\AppEntry.js ▓▓▓▓▓░░░░░░░░░░░ 32.7% ( 8/14)
[expo-cli] iOS node_modules\expo\AppEntry.js ▓▓▓░░░░░░░░░░░░░ 19.8% (  9/106)
[expo-cli] Android node_modules\expo\AppEntry.js ░░░░░░░░░░░░░░░░  1.0% (1/3)
[expo-cli] Web node_modules\expo\AppEntry.js ▓▓▓▓▓▓░░░░░░░░░░ 41.3% ( 9/97)
[expo-cli] iOS node_modules\expo\AppEntry.js ▓▓▓░░░░░░░░░░░░░ 19.8% ( 32/168)
[expo-cli] Android node_modules\expo\AppEntry.js ▓░░░░░░░░░░░░░░░  9.5% ( 4/97)
[expo-cli] | (node:7248) Warning: The 'NO_COLOR' env is ignored due to the 'FORCE_COLOR' env being set.
[expo-cli] | (Use `node --trace-warnings ...` to show where the warning was created)
[expo-cli] | (node:9440) Warning: The 'NO_COLOR' env is ignored due to the 'FORCE_COLOR' env being set.
[expo-cli] | (Use `node --trace-warnings ...` to show where the warning was created)
[expo-cli] | (node:6320) Warning: The 'NO_COLOR' env is ignored due to the 'FORCE_COLOR' env being set.
[expo-cli] | (Use `node --trace-warnings ...` to show where the warning was created)
[expo-cli] | (node:17168) Warning: The 'NO_COLOR' env is ignored due to the 'FORCE_COLOR' env being set.
[expo-cli] | (Use `node --trace-warnings ...` to show where the warning was created)
[expo-cli] | (node:6536) Warning: The 'NO_COLOR' env is ignored due to the 'FORCE_COLOR' env being set.
[expo-cli] | (Use `node --trace-warnings ...` to show where the warning was created)
[expo-cli] Web node_modules\expo\AppEntry.js ▓▓▓▓▓▓░░░░░░░░░░ 41.3% ( 12/100)
[expo-cli] iOS node_modules\expo\AppEntry.js ▓▓▓░░░░░░░░░░░░░ 19.8% ( 54/209)
[expo-cli] Android node_modules\expo\AppEntry.js ▓░░░░░░░░░░░░░░░  9.5% ( 4/97)
[expo-cli] Web node_modules\expo\AppEntry.js ▓▓▓▓▓▓░░░░░░░░░░ 41.3% ( 12/100)
[expo-cli] iOS node_modules\expo\AppEntry.js ▓▓▓░░░░░░░░░░░░░ 19.8% (112/325)
[expo-cli] Android node_modules\expo\AppEntry.js ▓░░░░░░░░░░░░░░░  9.5% ( 12/107)
[expo-cli] Web node_modules\expo\AppEntry.js ▓▓▓▓▓▓░░░░░░░░░░ 41.3% ( 12/100)
[expo-cli] iOS node_modules\expo\AppEntry.js ▓▓▓░░░░░░░░░░░░░ 19.8% (118/328)
[expo-cli] Android node_modules\expo\AppEntry.js ▓▓░░░░░░░░░░░░░░ 12.6% ( 64/180)
[expo-cli] Web node_modules\expo\AppEntry.js ▓▓▓▓▓▓░░░░░░░░░░ 41.3% ( 34/181)
[expo-cli] iOS node_modules\expo\AppEntry.js ▓▓▓░░░░░░░░░░░░░ 20.9% (162/356)
[expo-cli] Android node_modules\expo\AppEntry.js ▓▓░░░░░░░░░░░░░░ 14.4% ( 96/272)
[expo-cli] Web node_modules\expo\AppEntry.js ▓▓▓▓▓▓░░░░░░░░░░ 41.3% ( 62/248)
[expo-cli] iOS node_modules\expo\AppEntry.js ▓▓▓░░░░░░░░░░░░░ 20.9% (162/356)
[expo-cli] Android node_modules\expo\AppEntry.js ▓▓░░░░░░░░░░░░░░ 14.4% ( 96/272)
[expo-cli] Web node_modules\expo\AppEntry.js ▓▓▓▓▓▓░░░░░░░░░░ 41.3% ( 90/295)
[expo-cli] iOS node_modules\expo\AppEntry.js ▓▓▓░░░░░░░░░░░░░ 22.3% (172/364)
[expo-cli] Android node_modules\expo\AppEntry.js ▓▓░░░░░░░░░░░░░░ 14.4% ( 96/272)
[expo-cli] Web node_modules\expo\AppEntry.js ▓▓▓▓▓▓░░░░░░░░░░ 41.3% (101/315)
[expo-cli] iOS node_modules\expo\AppEntry.js ▓▓▓▓░░░░░░░░░░░░ 29.2% (263/496)
[expo-cli] Android node_modules\expo\AppEntry.js ▓▓░░░░░░░░░░░░░░ 14.4% ( 96/272)
[expo-cli] Web node_modules\expo\AppEntry.js ▓▓▓▓▓▓░░░░░░░░░░ 41.3% (101/315)
[expo-cli] iOS node_modules\expo\AppEntry.js ▓▓▓▓░░░░░░░░░░░░ 29.6% (319/615)
[expo-cli] Android node_modules\expo\AppEntry.js ▓▓░░░░░░░░░░░░░░ 14.4% ( 96/272)
[expo-cli] Web node_modules\expo\AppEntry.js ▓▓▓▓▓▓░░░░░░░░░░ 41.3% (101/315)
[expo-cli] iOS node_modules\expo\AppEntry.js ▓▓▓▓░░░░░░░░░░░░ 29.6% (326/628)
[expo-cli] Android node_modules\expo\AppEntry.js ▓▓▓░░░░░░░░░░░░░ 19.5% (204/495)
[expo-cli] Web node_modules\expo\AppEntry.js ▓▓▓▓▓▓░░░░░░░░░░ 41.3% (101/315)
[expo-cli] iOS node_modules\expo\AppEntry.js ▓▓▓▓░░░░░░░░░░░░ 29.6% (328/639)
[expo-cli] Android node_modules\expo\AppEntry.js ▓▓▓░░░░░░░░░░░░░ 20.3% (270/600)
[expo-cli] Web node_modules\expo\AppEntry.js ▓▓▓▓▓▓░░░░░░░░░░ 41.3% (138/388)
[expo-cli] iOS node_modules\expo\AppEntry.js ▓▓▓▓░░░░░░░░░░░░ 29.6% (361/674)
[expo-cli] Android node_modules\expo\AppEntry.js ▓▓▓░░░░░░░░░░░░░ 20.7% (274/602)
[expo-cli] Web node_modules\expo\AppEntry.js ▓▓▓▓▓▓░░░░░░░░░░ 41.3% (238/510)
[expo-cli] iOS node_modules\expo\AppEntry.js ▓▓▓▓░░░░░░░░░░░░ 29.6% (361/674)
[expo-cli] Android node_modules\expo\AppEntry.js ▓▓▓░░░░░░░░░░░░░ 20.7% (274/602)
[expo-cli] Web node_modules\expo\AppEntry.js ▓▓▓▓▓▓░░░░░░░░░░ 41.3% (301/545)
[expo-cli] iOS node_modules\expo\AppEntry.js ▓▓▓▓░░░░░░░░░░░░ 29.8% (368/674)
[expo-cli] Android node_modules\expo\AppEntry.js ▓▓▓░░░░░░░░░░░░░ 20.7% (274/602)
[expo-cli] Web node_modules\expo\AppEntry.js ▓▓▓▓▓▓░░░░░░░░░░ 41.3% (334/564)
[expo-cli] iOS node_modules\expo\AppEntry.js ▓▓▓▓▓▓░░░░░░░░░░ 43.5% (484/760)
[expo-cli] Android node_modules\expo\AppEntry.js ▓▓▓░░░░░░░░░░░░░ 20.7% (274/602)
[expo-cli] Web node_modules\expo\AppEntry.js ▓▓▓▓▓▓░░░░░░░░░░ 41.3% (334/564)
[expo-cli] iOS node_modules\expo\AppEntry.js ▓▓▓▓▓▓▓░░░░░░░░░ 48.6% (615/883)
[expo-cli] Android node_modules\expo\AppEntry.js ▓▓▓░░░░░░░░░░░░░ 20.7% (282/635)
[expo-cli] Web node_modules\expo\AppEntry.js ▓▓▓▓▓▓░░░░░░░░░░ 41.3% (334/564)
[expo-cli] iOS node_modules\expo\AppEntry.js ▓▓▓▓▓▓▓░░░░░░░░░ 49.6% (624/886)
[expo-cli] Android node_modules\expo\AppEntry.js ▓▓▓▓▓▓░░░░░░░░░░ 37.6% (418/682)
[expo-cli] Web node_modules\expo\AppEntry.js ▓▓▓▓▓▓░░░░░░░░░░ 41.3% (334/564)
[expo-cli] iOS node_modules\expo\AppEntry.js ▓▓▓▓▓▓▓▓░░░░░░░░ 53.0% (654/898)
[expo-cli] Android node_modules\expo\AppEntry.js ▓▓▓▓▓▓░░░░░░░░░░ 39.0% (528/845)
[expo-cli] Web node_modules\expo\AppEntry.js ▓▓▓▓▓▓░░░░░░░░░░ 41.3% (358/602)
[expo-cli] iOS node_modules\expo\AppEntry.js ▓▓▓▓▓▓▓▓░░░░░░░░ 55.9% (672/899)
[expo-cli] Android node_modules\expo\AppEntry.js ▓▓▓▓▓▓▓░░░░░░░░░ 49.0% (611/873)
[expo-cli] Web node_modules\expo\AppEntry.js ▓▓▓▓▓▓░░░░░░░░░░ 41.3% (420/683)
[expo-cli] iOS node_modules\expo\AppEntry.js ▓▓▓▓▓▓▓▓░░░░░░░░ 55.9% (672/899)
[expo-cli] Android node_modules\expo\AppEntry.js ▓▓▓▓▓▓▓░░░░░░░░░ 49.0% (611/873)
[expo-cli] Web node_modules\expo\AppEntry.js ▓▓▓▓▓▓▓▓░░░░░░░░ 50.5% (519/730)
[expo-cli] iOS node_modules\expo\AppEntry.js ▓▓▓▓▓▓▓▓░░░░░░░░ 55.9% (672/899)
[expo-cli] Android node_modules\expo\AppEntry.js ▓▓▓▓▓▓▓▓░░░░░░░░ 51.2% (633/885)
[expo-cli] Web node_modules\expo\AppEntry.js ▓▓▓▓▓▓▓▓░░░░░░░░ 52.8% (561/772)
[expo-cli] iOS node_modules\expo\AppEntry.js ▓▓▓▓▓▓▓▓▓░░░░░░░ 60.2% (729/966)
[expo-cli] Android node_modules\expo\AppEntry.js ▓▓▓▓▓▓▓▓░░░░░░░░ 51.2% (633/885)
[expo-cli] Web node_modules\expo\AppEntry.js ▓▓▓▓▓▓▓▓░░░░░░░░ 52.8% (561/772)
[expo-cli] iOS node_modules\expo\AppEntry.js ▓▓▓▓▓▓▓▓▓░░░░░░░ 61.5% ( 822/1048)
[expo-cli] Android node_modules\expo\AppEntry.js ▓▓▓▓▓▓▓▓░░░░░░░░ 51.2% (633/885)
[expo-cli] | [33m» [1mandroid[22m: androidStatusBar.backgroundColor: Color conflicts with the splash.backgroundColor[39m
[expo-cli] Web node_modules\expo\AppEntry.js ▓▓▓▓▓▓▓▓░░░░░░░░ 52.8% (561/772)
[expo-cli] iOS node_modules\expo\AppEntry.js ▓▓▓▓▓▓▓▓▓▓▓░░░░░ 68.9% ( 885/1068)
[expo-cli] Android node_modules\expo\AppEntry.js ▓▓▓▓▓▓▓▓▓░░░░░░░ 57.5% (689/947)
[expo-cli] Web node_modules\expo\AppEntry.js ▓▓▓▓▓▓▓▓░░░░░░░░ 52.8% (561/772)
[expo-cli] iOS node_modules\expo\AppEntry.js ▓▓▓▓▓▓▓▓▓▓▓░░░░░ 68.9% ( 885/1068)
[expo-cli] Android node_modules\expo\AppEntry.js ▓▓▓▓▓▓▓▓▓░░░░░░░ 61.3% ( 797/1019)
[expo-cli] Web node_modules\expo\AppEntry.js ▓▓▓▓▓▓▓▓░░░░░░░░ 54.5% (573/796)
[expo-cli] iOS node_modules\expo\AppEntry.js ▓▓▓▓▓▓▓▓▓▓▓░░░░░ 69.7% ( 898/1076)
[expo-cli] Android node_modules\expo\AppEntry.js ▓▓▓▓▓▓▓▓▓▓░░░░░░ 68.0% ( 870/1055)
[expo-cli] Web node_modules\expo\AppEntry.js ▓▓▓▓▓▓▓▓▓▓░░░░░░ 65.8% (678/836)
[expo-cli] iOS node_modules\expo\AppEntry.js ▓▓▓▓▓▓▓▓▓▓▓░░░░░ 69.7% ( 898/1076)
[expo-cli] Android node_modules\expo\AppEntry.js ▓▓▓▓▓▓▓▓▓▓░░░░░░ 68.0% ( 871/1057)
[expo-cli] Web node_modules\expo\AppEntry.js ▓▓▓▓▓▓▓▓▓▓▓░░░░░ 71.8% (756/892)
[expo-cli] iOS node_modules\expo\AppEntry.js ▓▓▓▓▓▓▓▓▓▓▓░░░░░ 69.7% ( 910/1090)
[expo-cli] Android node_modules\expo\AppEntry.js ▓▓▓▓▓▓▓▓▓▓▓░░░░░ 68.9% ( 883/1069)
[expo-cli] Web node_modules\expo\AppEntry.js ▓▓▓▓▓▓▓▓▓▓▓░░░░░ 72.6% (770/920)
[expo-cli] iOS node_modules\expo\AppEntry.js ▓▓▓▓▓▓▓▓▓▓▓▓▓░░░ 83.5% (1057/1157)
[expo-cli] Android node_modules\expo\AppEntry.js ▓▓▓▓▓▓▓▓▓▓▓░░░░░ 68.9% ( 883/1069)
[expo-cli] Web node_modules\expo\AppEntry.js ▓▓▓▓▓▓▓▓▓▓▓░░░░░ 72.6% (770/920)
[expo-cli] iOS node_modules\expo\AppEntry.js ▓▓▓▓▓▓▓▓▓▓▓▓▓░░░ 85.8% (1079/1165)
[expo-cli] Android node_modules\expo\AppEntry.js ▓▓▓▓▓▓▓▓▓▓▓▓▓░░░ 84.0% (1042/1137)
[expo-cli] Web node_modules\expo\AppEntry.js ▓▓▓▓▓▓▓▓▓▓▓▓░░░░ 78.3% (846/956)
[expo-cli] iOS node_modules\expo\AppEntry.js ▓▓▓▓▓▓▓▓▓▓▓▓▓░░░ 85.8% (1081/1167)
[expo-cli] Android node_modules\expo\AppEntry.js ▓▓▓▓▓▓▓▓▓▓▓▓▓░░░ 84.3% (1067/1162)
[expo-cli] Web node_modules\expo\AppEntry.js ▓▓▓▓▓▓▓▓▓▓▓▓░░░░ 80.5% ( 907/1011)
[expo-cli] iOS node_modules\expo\AppEntry.js ▓▓▓▓▓▓▓▓▓▓▓▓▓▓░░ 87.8% (1096/1170)
[expo-cli] Android node_modules\expo\AppEntry.js ▓▓▓▓▓▓▓▓▓▓▓▓▓░░░ 84.3% (1067/1162)
[expo-cli] Web node_modules\expo\AppEntry.js ▓▓▓▓▓▓▓▓▓▓▓▓▓░░░ 83.7% ( 934/1021)
[expo-cli] iOS node_modules\expo\AppEntry.js ▓▓▓▓▓▓▓▓▓▓▓▓▓▓▓░ 95.8% (1167/1212)
[expo-cli] Android node_modules\expo\AppEntry.js ▓▓▓▓▓▓▓▓▓▓▓▓▓▓▓░ 93.8% (1154/1209)
[expo-cli] Web node_modules\expo\AppEntry.js ▓▓▓▓▓▓▓▓▓▓▓▓▓░░░ 86.6% ( 989/1096)
[expo-cli] iOS node_modules\expo\AppEntry.js ▓▓▓▓▓▓▓▓▓▓▓▓▓▓▓░ 95.8% (1167/1212)
[expo-cli] Android node_modules\expo\AppEntry.js ▓▓▓▓▓▓▓▓▓▓▓▓▓▓▓░ 93.8% (1162/1213)
[expo-cli] Web node_modules\expo\AppEntry.js ▓▓▓▓▓▓▓▓▓▓▓▓▓░░░ 86.6% (1017/1118)
[expo-cli] iOS node_modules\expo\AppEntry.js ▓▓▓▓▓▓▓▓▓▓▓▓▓▓▓░ 95.8% (1205/1282)
[expo-cli] Android node_modules\expo\AppEntry.js ▓▓▓▓▓▓▓▓▓▓▓▓▓▓▓░ 93.8% (1182/1249)
[expo-cli] Web node_modules\expo\AppEntry.js ▓▓▓▓▓▓▓▓▓▓▓▓▓░░░ 87.3% (1060/1137)
[expo-cli] iOS node_modules\expo\AppEntry.js ▓▓▓▓▓▓▓▓▓▓▓▓▓▓▓░ 95.8% (1212/1286)
[expo-cli] Android node_modules\expo\AppEntry.js ▓▓▓▓▓▓▓▓▓▓▓▓▓▓▓░ 93.8% (1213/1286)
[expo-cli] Web node_modules\expo\AppEntry.js ▓▓▓▓▓▓▓▓▓▓▓▓▓▓░░ 88.4% (1118/1189)
[expo-cli] iOS node_modules\expo\AppEntry.js ▓▓▓▓▓▓▓▓▓▓▓▓▓▓▓░ 95.8% (1248/1333)
[expo-cli] Android node_modules\expo\AppEntry.js ▓▓▓▓▓▓▓▓▓▓▓▓▓▓▓░ 93.8% (1213/1286)
[expo-cli] Web node_modules\expo\AppEntry.js ▓▓▓▓▓▓▓▓▓▓▓▓▓▓░░ 88.4% (1118/1189)
[expo-cli] iOS node_modules\expo\AppEntry.js ▓▓▓▓▓▓▓▓▓▓▓▓▓▓▓░ 95.8% (1285/1373)
[expo-cli] Android node_modules\expo\AppEntry.js ▓▓▓▓▓▓▓▓▓▓▓▓▓▓▓░ 93.8% (1271/1360)
[expo-cli] Web node_modules\expo\AppEntry.js ▓▓▓▓▓▓▓▓▓▓▓▓▓▓▓░ 93.9% (1167/1204)
[expo-cli] iOS node_modules\expo\AppEntry.js ▓▓▓▓▓▓▓▓▓▓▓▓▓▓▓░ 95.8% (1286/1374)
[expo-cli] Android node_modules\expo\AppEntry.js ▓▓▓▓▓▓▓▓▓▓▓▓▓▓▓░ 93.8% (1285/1374)
[expo-cli] Web node_modules\expo\AppEntry.js ▓▓▓▓▓▓▓▓▓▓▓▓▓▓▓░ 96.2% (1187/1210)
[expo-cli] iOS node_modules\expo\AppEntry.js ▓▓▓▓▓▓▓▓▓▓▓▓▓▓▓░ 95.8% (1312/1404)
[expo-cli] Android node_modules\expo\AppEntry.js ▓▓▓▓▓▓▓▓▓▓▓▓▓▓▓░ 93.8% (1285/1374)
[expo-cli] Web node_modules\expo\AppEntry.js ▓▓▓▓▓▓▓▓▓▓▓▓▓▓▓░ 96.2% (1187/1210)
[expo-cli] iOS node_modules\expo\AppEntry.js ▓▓▓▓▓▓▓▓▓▓▓▓▓▓▓░ 95.8% (1365/1434)
[expo-cli] Android node_modules\expo\AppEntry.js ▓▓▓▓▓▓▓▓▓▓▓▓▓▓▓░ 93.8% (1285/1374)
[expo-cli] Web node_modules\expo\AppEntry.js ▓▓▓▓▓▓▓▓▓▓▓▓▓▓▓░ 96.2% (1187/1210)
[expo-cli] iOS node_modules\expo\AppEntry.js ▓▓▓▓▓▓▓▓▓▓▓▓▓▓▓░ 95.8% (1372/1435)
[expo-cli] Android node_modules\expo\AppEntry.js ▓▓▓▓▓▓▓▓▓▓▓▓▓▓▓░ 93.8% (1353/1433)
[expo-cli] Web node_modules\expo\AppEntry.js ▓▓▓▓▓▓▓▓▓▓▓▓▓▓▓░ 97.4% (1205/1234)
[expo-cli] iOS node_modules\expo\AppEntry.js ▓▓▓▓▓▓▓▓▓▓▓▓▓▓▓░ 95.8% (1420/1461)
[expo-cli] Android node_modules\expo\AppEntry.js ▓▓▓▓▓▓▓▓▓▓▓▓▓▓▓░ 93.8% (1374/1436)
[expo-cli] Web node_modules\expo\AppEntry.js ▓▓▓▓▓▓▓▓▓▓▓▓▓▓▓░ 97.4% (1233/1250)
[expo-cli] iOS node_modules\expo\AppEntry.js ▓▓▓▓▓▓▓▓▓▓▓▓▓▓▓░ 96.7% (1475/1500)
[expo-cli] Android node_modules\expo\AppEntry.js ▓▓▓▓▓▓▓▓▓▓▓▓▓▓▓░ 96.0% (1448/1480)
[expo-cli] Web node_modules\expo\AppEntry.js ▓▓▓▓▓▓▓▓▓▓▓▓▓▓▓░ 97.4% (1281/1309)
[expo-cli] iOS node_modules\expo\AppEntry.js ▓▓▓▓▓▓▓▓▓▓▓▓▓▓▓░ 97.3% (1526/1551)
[expo-cli] Android node_modules\expo\AppEntry.js ▓▓▓▓▓▓▓▓▓▓▓▓▓▓▓░ 97.0% (1514/1538)
[expo-cli] Web node_modules\expo\AppEntry.js ▓▓▓▓▓▓▓▓▓▓▓▓▓▓▓░ 99.7% (1333/1336)
[expo-cli] iOS node_modules\expo\AppEntry.js ▓▓▓▓▓▓▓▓▓▓▓▓▓▓▓░ 99.9% (1561/1561)
[expo-cli] Android node_modules\expo\AppEntry.js ▓▓▓▓▓▓▓▓▓▓▓▓▓▓▓░ 99.9% (1561/1561)
[expo-cli] Web Bundled 189397ms node_modules\expo\AppEntry.js (1336 modules)
[expo-cli] Web node_modules\expo\AppEntry.js ▓▓▓▓▓▓▓▓▓▓▓▓▓▓▓░ 99.7% (1333/1336)
[expo-cli] iOS node_modules\expo\AppEntry.js ▓▓▓▓▓▓▓▓▓▓▓▓▓▓▓░ 99.9% (1561/1561)
[expo-cli] Android node_modules\expo\AppEntry.js ▓▓▓▓▓▓▓▓▓▓▓▓▓▓▓░ 99.9% (1561/1561)
[expo-cli] iOS node_modules\expo\AppEntry.js ▓▓▓▓▓▓▓▓▓▓▓▓▓▓▓░ 99.9% (1561/1561)
[expo-cli] Android node_modules\expo\AppEntry.js ▓▓▓▓▓▓▓▓▓▓▓▓▓▓▓░ 99.9% (1561/1561)
[expo-cli] iOS Bundled 219327ms node_modules\expo\AppEntry.js (1561 modules)
[expo-cli] iOS node_modules\expo\AppEntry.js ▓▓▓▓▓▓▓▓▓▓▓▓▓▓▓░ 99.9% (1561/1561)
[expo-cli] Android node_modules\expo\AppEntry.js ▓▓▓▓▓▓▓▓▓▓▓▓▓▓▓░ 99.9% (1561/1561)
[expo-cli] Android node_modules\expo\AppEntry.js ▓▓▓▓▓▓▓▓▓▓▓▓▓▓▓░ 99.9% (1561/1561)
[expo-cli] Android Bundled 246949ms node_modules\expo\AppEntry.js (1561 modules)
[expo-cli] Android node_modules\expo\AppEntry.js ▓▓▓▓▓▓▓▓▓▓▓▓▓▓▓░ 99.9% (1561/1561)
[expo-cli] Creating asset map
[expo-cli] 
[expo-cli] › Assets (73):
[expo-cli] node_modules\@react-navigation\elements\lib\module\assets\back-icon-mask.0a328cd9c1afd0afe8e3b1ec5165b1b4.png (653 B)
[expo-cli] node_modules\@react-navigation\elements\lib\module\assets\back-icon-mask.png (653 B)
[expo-cli] node_modules\@react-navigation\elements\lib\module\assets\back-icon.35ba0eaec5a4f5ed12ca16fabeae451d.png (207 B)
[expo-cli] node_modules\@react-navigation\elements\lib\module\assets\back-icon.png (8 variations | 359 B)
[expo-cli] node_modules\@react-navigation\elements\lib\module\assets\clear-icon.c94f6478e7ae0cdd9f15de1fcb9e5e55.png (4 variations | 425 B)
[expo-cli] node_modules\@react-navigation\elements\lib\module\assets\clear-icon.png (4 variations | 425 B)
[expo-cli] node_modules\@react-navigation\elements\lib\module\assets\close-icon.808e1b1b9b53114ec2838071a7e6daa7.png (4 variations | 235 B)
[expo-cli] node_modules\@react-navigation\elements\lib\module\assets\close-icon.png (4 variations | 235 B)
[expo-cli] node_modules\@react-navigation\elements\lib\module\assets\search-icon.286d67d3f74808a60a78d3ebf1a5fb57.png (928 B)
[expo-cli] node_modules\@react-navigation\elements\lib\module\assets\search-icon.png (7 variations | 592 B)
[expo-cli] node_modules\expo\node_modules\@expo\vector-icons\build\vendor\react-native-vector-icons\Fonts\AntDesign.3f78af31cca60105799838a1a7a59fbd.ttf (130 kB)
[expo-cli] node_modules\expo\node_modules\@expo\vector-icons\build\vendor\react-native-vector-icons\Fonts\AntDesign.ttf (130 kB)
[expo-cli] node_modules\expo\node_modules\@expo\vector-icons\build\vendor\react-native-vector-icons\Fonts\Entypo.31b5ffea3daddc69dd01a1f3d6cf63c5.ttf (66.2 kB)
[expo-cli] node_modules\expo\node_modules\@expo\vector-icons\build\vendor\react-native-vector-icons\Fonts\Entypo.ttf (66.2 kB)
[expo-cli] node_modules\expo\node_modules\@expo\vector-icons\build\vendor\react-native-vector-icons\Fonts\EvilIcons.140c53a7643ea949007aa9a282153849.ttf (13.5 kB)
[expo-cli] node_modules\expo\node_modules\@expo\vector-icons\build\vendor\react-native-vector-icons\Fonts\EvilIcons.ttf (13.5 kB)
[expo-cli] node_modules\expo\node_modules\@expo\vector-icons\build\vendor\react-native-vector-icons\Fonts\Feather.ca4b48e04dc1ce10bfbddb262c8b835f.ttf (55.6 kB)
[expo-cli] node_modules\expo\node_modules\@expo\vector-icons\build\vendor\react-native-vector-icons\Fonts\Feather.ttf (55.6 kB)
[expo-cli] node_modules\expo\node_modules\@expo\vector-icons\build\vendor\react-native-vector-icons\Fonts\FontAwesome.b06871f281fee6b241d60582ae9369b9.ttf (166 kB)
[expo-cli] node_modules\expo\node_modules\@expo\vector-icons\build\vendor\react-native-vector-icons\Fonts\FontAwesome.ttf (166 kB)
[expo-cli] node_modules\expo\node_modules\@expo\vector-icons\build\vendor\react-native-vector-icons\Fonts\FontAwesome5_Brands.3b89dd103490708d19a95adcae52210e.ttf (134 kB)
[expo-cli] node_modules\expo\node_modules\@expo\vector-icons\build\vendor\react-native-vector-icons\Fonts\FontAwesome5_Brands.ttf (134 kB)
[expo-cli] node_modules\expo\node_modules\@expo\vector-icons\build\vendor\react-native-vector-icons\Fonts\FontAwesome5_Regular.1f77739ca9ff2188b539c36f30ffa2be.ttf (33.7 kB)
[expo-cli] node_modules\expo\node_modules\@expo\vector-icons\build\vendor\react-native-vector-icons\Fonts\FontAwesome5_Regular.ttf (33.7 kB)
[expo-cli] node_modules\expo\node_modules\@expo\vector-icons\build\vendor\react-native-vector-icons\Fonts\FontAwesome5_Solid.605ed7926cf39a2ad5ec2d1f9d391d3d.ttf (203 kB)
[expo-cli] node_modules\expo\node_modules\@expo\vector-icons\build\vendor\react-native-vector-icons\Fonts\FontAwesome5_Solid.ttf (203 kB)
[expo-cli] node_modules\expo\node_modules\@expo\vector-icons\build\vendor\react-native-vector-icons\Fonts\FontAwesome6_Brands.56c8d80832e37783f12c05db7c8849e2.ttf (209 kB)
[expo-cli] node_modules\expo\node_modules\@expo\vector-icons\build\vendor\react-native-vector-icons\Fonts\FontAwesome6_Brands.ttf (209 kB)
[expo-cli] node_modules\expo\node_modules\@expo\vector-icons\build\vendor\react-native-vector-icons\Fonts\FontAwesome6_Regular.370dd5af19f8364907b6e2c41f45dbbf.ttf (68 kB)
[expo-cli] node_modules\expo\node_modules\@expo\vector-icons\build\vendor\react-native-vector-icons\Fonts\FontAwesome6_Regular.ttf (68 kB)
[expo-cli] node_modules\expo\node_modules\@expo\vector-icons\build\vendor\react-native-vector-icons\Fonts\FontAwesome6_Solid.adec7d6f310bc577f05e8fe06a5daccf.ttf (424 kB)
[expo-cli] node_modules\expo\node_modules\@expo\vector-icons\build\vendor\react-native-vector-icons\Fonts\FontAwesome6_Solid.ttf (424 kB)
[expo-cli] node_modules\expo\node_modules\@expo\vector-icons\build\vendor\react-native-vector-icons\Fonts\Fontisto.b49ae8ab2dbccb02c4d11caaacf09eab.ttf (314 kB)
[expo-cli] node_modules\expo\node_modules\@expo\vector-icons\build\vendor\react-native-vector-icons\Fonts\Fontisto.ttf (314 kB)
[expo-cli] node_modules\expo\node_modules\@expo\vector-icons\build\vendor\react-native-vector-icons\Fonts\Foundation.e20945d7c929279ef7a6f1db184a4470.ttf (57 kB)
[expo-cli] node_modules\expo\node_modules\@expo\vector-icons\build\vendor\react-native-vector-icons\Fonts\Foundation.ttf (57 kB)
[expo-cli] node_modules\expo\node_modules\@expo\vector-icons\build\vendor\react-native-vector-icons\Fonts\Ionicons.b4eb097d35f44ed943676fd56f6bdc51.ttf (390 kB)
[expo-cli] node_modules\expo\node_modules\@expo\vector-icons\build\vendor\react-native-vector-icons\Fonts\Ionicons.ttf (390 kB)
[expo-cli] node_modules\expo\node_modules\@expo\vector-icons\build\vendor\react-native-vector-icons\Fonts\MaterialCommunityIcons.6e435534bd35da5fef04168860a9b8fa.ttf (1.31 MB)
[expo-cli] node_modules\expo\node_modules\@expo\vector-icons\build\vendor\react-native-vector-icons\Fonts\MaterialCommunityIcons.ttf (1.31 MB)
[expo-cli] node_modules\expo\node_modules\@expo\vector-icons\build\vendor\react-native-vector-icons\Fonts\MaterialIcons.4e85bc9ebe07e0340c9c4fc2f6c38908.ttf (357 kB)
[expo-cli] node_modules\expo\node_modules\@expo\vector-icons\build\vendor\react-native-vector-icons\Fonts\MaterialIcons.ttf (357 kB)
[expo-cli] node_modules\expo\node_modules\@expo\vector-icons\build\vendor\react-native-vector-icons\Fonts\Octicons.871378c6eab492a3e689a9385dc45a12.ttf (69.4 kB)
[expo-cli] node_modules\expo\node_modules\@expo\vector-icons\build\vendor\react-native-vector-icons\Fonts\Octicons.ttf (69.4 kB)
[expo-cli] node_modules\expo\node_modules\@expo\vector-icons\build\vendor\react-native-vector-icons\Fonts\SimpleLineIcons.d2285965fe34b05465047401b8595dd0.ttf (54.1 kB)
[expo-cli] node_modules\expo\node_modules\@expo\vector-icons\build\vendor\react-native-vector-icons\Fonts\SimpleLineIcons.ttf (54.1 kB)
[expo-cli] node_modules\expo\node_modules\@expo\vector-icons\build\vendor\react-native-vector-icons\Fonts\Zocial.1681f34aaca71b8dfb70756bca331eb2.ttf (25.8 kB)
[expo-cli] node_modules\expo\node_modules\@expo\vector-icons\build\vendor\react-native-vector-icons\Fonts\Zocial.ttf (25.8 kB)
[expo-cli] 
[expo-cli] › web bundles (6):
[expo-cli] _expo/static/js/web/AppEntry-c56157240ebacaf1d531d75be5a803e1.js (3 MB)
[expo-cli] _expo/static/js/web/AppEntry-c56157240ebacaf1d531d75be5a803e1.js.map (8.79 MB)
[expo-cli] _expo/static/js/web/index-3c684ecdfcc69a0b8a2cc9420c0dd51c.js (12.7 kB)
[expo-cli] _expo/static/js/web/index-3c684ecdfcc69a0b8a2cc9420c0dd51c.js.map (58.8 kB)
[expo-cli] _expo/static/js/web/ScreenCapture-dd2f4f34462747cc28436a8e32dc990f.js (2.48 kB)
[expo-cli] _expo/static/js/web/ScreenCapture-dd2f4f34462747cc28436a8e32dc990f.js.map (12.5 kB)
[expo-cli] 
[expo-cli] › ios bundles (2):
[expo-cli] _expo/static/js/ios/AppEntry-dadadc37b13684bbdabf1bfc6ec4af7c.hbc (3.35 MB)
[expo-cli] _expo/static/js/ios/AppEntry-dadadc37b13684bbdabf1bfc6ec4af7c.hbc.map (9.61 MB)
[expo-cli] 
[expo-cli] › android bundles (2):
[expo-cli] _expo/static/js/android/AppEntry-3c7e38fd6a3b52bc2feaab8220db40b1.hbc (3.36 MB)
[expo-cli] _expo/static/js/android/AppEntry-3c7e38fd6a3b52bc2feaab8220db40b1.hbc.map (9.65 MB)
[expo-cli] 
[expo-cli] › Files (4):
[expo-cli] assetmap.json (19.4 kB)
[expo-cli] favicon.ico (14.5 kB)
[expo-cli] index.html (1.22 kB)
[expo-cli] metadata.json (5.11 kB)
[expo-cli] 
[expo-cli] Exported: dist
✔ Exported bundle(s)
- Uploading...
- Uploading assetmap.json (0 / 19.0 KB)
✔ Uploaded assetmap.json 2s
√ Uploaded 2 app bundles
√ Uploading assets skipped - no new assets found
i 39 iOS assets, 39 Android assets (maximum: 2000 total per update). Learn more about asset limits: https://expo.fyi/eas-update-asset-limits
Skipping project fingerprints
- Publishing...
✔ Published!

Branch             production
Runtime version    1.7.1
Platform           android, ios
Update group ID    0b282df3-314d-4f28-a288-90a359ca4583
Android update ID  019f34b3-3651-7dc7-948d-9223f9b8757a
iOS update ID      019f34b3-3651-77c6-a881-5d9ddb92f606
Message            fix(subscription): immediate revocation visibility runtime 1.7.1
Commit             2aea67d8e277c449b338087b7dd7e37164d9208d*
EAS Dashboard      https://expo.dev/accounts/isamu_123/projects/osmani-tv/updates/0b282df3-314d-4f28-a288-90a359ca4583

npm warn Unknown env config "devdir". This will stop working in the next major version of npm.


=== OTA runtime 1.7.2 ===
No environment variables with visibility "Plain text" and "Sensitive" found for the "production" environment on EAS.

- Exporting...
[expo-cli] --non-interactive is not supported, use $CI=1 instead
[expo-cli] » android: androidStatusBar.backgroundColor: Color conflicts with the splash.backgroundColor
[expo-cli] » android: androidStatusBar.backgroundColor: Color conflicts with the splash.backgroundColor
[expo-cli] » android: androidStatusBar.backgroundColor: Color conflicts with the splash.backgroundColor
[expo-cli] » android: androidStatusBar.backgroundColor: Color conflicts with the splash.backgroundColor
[expo-cli] » android: androidStatusBar.backgroundColor: Color conflicts with the splash.backgroundColor
[expo-cli] Starting Metro Bundler
[expo-cli] warning: Bundler cache is empty, rebuilding (this may take a minute)
[expo-cli] | (node:24528) Warning: The 'NO_COLOR' env is ignored due to the 'FORCE_COLOR' env being set.
[expo-cli] | (Use `node --trace-warnings ...` to show where the warning was created)
[expo-cli] Web node_modules\expo\AppEntry.js ░░░░░░░░░░░░░░░░  1.0% (1/3)
[expo-cli] iOS node_modules\expo\AppEntry.js ░░░░░░░░░░░░░░░░  0.0% (0/1)
[expo-cli] Android node_modules\expo\AppEntry.js ░░░░░░░░░░░░░░░░  0.0% (0/1)
[expo-cli] | (node:21240) Warning: The 'NO_COLOR' env is ignored due to the 'FORCE_COLOR' env being set.
[expo-cli] | (Use `node --trace-warnings ...` to show where the warning was created)
[expo-cli] | (node:3616) Warning: The 'NO_COLOR' env is ignored due to the 'FORCE_COLOR' env being set.
[expo-cli] | (Use `node --trace-warnings ...` to show where the warning was created)
[expo-cli] Web node_modules\expo\AppEntry.js ▓▓▓▓░░░░░░░░░░░░ 25.0% ( 6/12)
[expo-cli] iOS node_modules\expo\AppEntry.js ▓░░░░░░░░░░░░░░░  9.5% ( 5/17)
[expo-cli] Android node_modules\expo\AppEntry.js ░░░░░░░░░░░░░░░░  4.0% (2/3)
[expo-cli] Web node_modules\expo\AppEntry.js ▓▓▓▓▓░░░░░░░░░░░ 34.0% ( 7/95)
[expo-cli] iOS node_modules\expo\AppEntry.js ▓▓░░░░░░░░░░░░░░ 13.2% ( 28/166)
[expo-cli] Android node_modules\expo\AppEntry.js ▓░░░░░░░░░░░░░░░  8.2% (  9/103)
[expo-cli] | (node:2380) Warning: The 'NO_COLOR' env is ignored due to the 'FORCE_COLOR' env being set.
[expo-cli] | (Use `node --trace-warnings ...` to show where the warning was created)
[expo-cli] | (node:14676) Warning: The 'NO_COLOR' env is ignored due to the 'FORCE_COLOR' env being set.
[expo-cli] | (Use `node --trace-warnings ...` to show where the warning was created)
[expo-cli] | (node:10496) Warning: The 'NO_COLOR' env is ignored due to the 'FORCE_COLOR' env being set.
[expo-cli] | (Use `node --trace-warnings ...` to show where the warning was created)
[expo-cli] | (node:19824) Warning: The 'NO_COLOR' env is ignored due to the 'FORCE_COLOR' env being set.
[expo-cli] | (Use `node --trace-warnings ...` to show where the warning was created)
[expo-cli] | (node:388) Warning: The 'NO_COLOR' env is ignored due to the 'FORCE_COLOR' env being set.
[expo-cli] | (Use `node --trace-warnings ...` to show where the warning was created)
[expo-cli] Web node_modules\expo\AppEntry.js ▓▓▓▓▓░░░░░░░░░░░ 34.0% ( 12/101)
[expo-cli] iOS node_modules\expo\AppEntry.js ▓▓░░░░░░░░░░░░░░ 13.2% ( 61/211)
[expo-cli] Android node_modules\expo\AppEntry.js ▓░░░░░░░░░░░░░░░  8.2% ( 12/107)
[expo-cli] Web node_modules\expo\AppEntry.js ▓▓▓▓▓░░░░░░░░░░░ 34.0% ( 12/101)
[expo-cli] iOS node_modules\expo\AppEntry.js ▓▓░░░░░░░░░░░░░░ 13.2% (102/318)
[expo-cli] Android node_modules\expo\AppEntry.js ▓░░░░░░░░░░░░░░░  8.2% ( 29/134)
[expo-cli] Web node_modules\expo\AppEntry.js ▓▓▓▓▓░░░░░░░░░░░ 34.0% ( 25/127)
[expo-cli] iOS node_modules\expo\AppEntry.js ▓▓░░░░░░░░░░░░░░ 18.3% (145/339)
[expo-cli] Android node_modules\expo\AppEntry.js ▓▓░░░░░░░░░░░░░░ 12.7% (105/313)
[expo-cli] Web node_modules\expo\AppEntry.js ▓▓▓▓▓░░░░░░░░░░░ 34.0% ( 57/245)
[expo-cli] iOS node_modules\expo\AppEntry.js ▓▓░░░░░░░░░░░░░░ 18.3% (145/339)
[expo-cli] Android node_modules\expo\AppEntry.js ▓▓░░░░░░░░░░░░░░ 12.7% (105/313)
[expo-cli] Web node_modules\expo\AppEntry.js ▓▓▓▓▓░░░░░░░░░░░ 34.0% ( 89/293)
[expo-cli] iOS node_modules\expo\AppEntry.js ▓▓▓░░░░░░░░░░░░░ 19.7% (151/340)
[expo-cli] Android node_modules\expo\AppEntry.js ▓▓░░░░░░░░░░░░░░ 12.7% (105/313)
[expo-cli] Web node_modules\expo\AppEntry.js ▓▓▓▓▓░░░░░░░░░░░ 34.0% ( 96/330)
[expo-cli] iOS node_modules\expo\AppEntry.js ▓▓▓▓░░░░░░░░░░░░ 26.8% (251/488)
[expo-cli] Android node_modules\expo\AppEntry.js ▓▓░░░░░░░░░░░░░░ 12.7% (105/313)
[expo-cli] Web node_modules\expo\AppEntry.js ▓▓▓▓▓░░░░░░░░░░░ 34.0% ( 96/330)
[expo-cli] iOS node_modules\expo\AppEntry.js ▓▓▓▓░░░░░░░░░░░░ 28.3% (314/615)
[expo-cli] Android node_modules\expo\AppEntry.js ▓▓░░░░░░░░░░░░░░ 15.0% (135/349)
[expo-cli] Web node_modules\expo\AppEntry.js ▓▓▓▓▓░░░░░░░░░░░ 34.0% ( 96/330)
[expo-cli] iOS node_modules\expo\AppEntry.js ▓▓▓▓░░░░░░░░░░░░ 28.3% (320/630)
[expo-cli] Android node_modules\expo\AppEntry.js ▓▓░░░░░░░░░░░░░░ 16.9% (188/501)
[expo-cli] Web node_modules\expo\AppEntry.js ▓▓▓▓▓░░░░░░░░░░░ 34.0% ( 96/330)
[expo-cli] iOS node_modules\expo\AppEntry.js ▓▓▓▓░░░░░░░░░░░░ 28.3% (320/630)
[expo-cli] Android node_modules\expo\AppEntry.js ▓▓▓░░░░░░░░░░░░░ 21.0% (278/606)
[expo-cli] Web node_modules\expo\AppEntry.js ▓▓▓▓▓░░░░░░░░░░░ 34.0% (133/350)
[expo-cli] iOS node_modules\expo\AppEntry.js ▓▓▓▓░░░░░░░░░░░░ 28.3% (337/657)
[expo-cli] Android node_modules\expo\AppEntry.js ▓▓▓▓░░░░░░░░░░░░ 25.6% (318/629)
[expo-cli] Web node_modules\expo\AppEntry.js ▓▓▓▓▓░░░░░░░░░░░ 34.0% (244/518)
[expo-cli] iOS node_modules\expo\AppEntry.js ▓▓▓▓░░░░░░░░░░░░ 28.3% (337/657)
[expo-cli] Android node_modules\expo\AppEntry.js ▓▓▓▓░░░░░░░░░░░░ 25.6% (318/629)
[expo-cli] Web node_modules\expo\AppEntry.js ▓▓▓▓▓░░░░░░░░░░░ 34.0% (282/539)
[expo-cli] iOS node_modules\expo\AppEntry.js ▓▓▓▓░░░░░░░░░░░░ 28.3% (337/657)
[expo-cli] Android node_modules\expo\AppEntry.js ▓▓▓▓░░░░░░░░░░░░ 25.6% (318/629)
[expo-cli] Web node_modules\expo\AppEntry.js ▓▓▓▓▓░░░░░░░░░░░ 34.0% (306/547)
[expo-cli] iOS node_modules\expo\AppEntry.js ▓▓▓▓░░░░░░░░░░░░ 30.2% (365/664)
[expo-cli] Android node_modules\expo\AppEntry.js ▓▓▓▓░░░░░░░░░░░░ 25.6% (318/629)
[expo-cli] Web node_modules\expo\AppEntry.js ▓▓▓▓▓░░░░░░░░░░░ 35.1% (334/564)
[expo-cli] iOS node_modules\expo\AppEntry.js ▓▓▓▓▓░░░░░░░░░░░ 33.3% (391/678)
[expo-cli] Android node_modules\expo\AppEntry.js ▓▓▓▓░░░░░░░░░░░░ 25.6% (318/629)
[expo-cli] Web node_modules\expo\AppEntry.js ▓▓▓▓▓░░░░░░░░░░░ 35.1% (334/564)
[expo-cli] iOS node_modules\expo\AppEntry.js ▓▓▓▓▓▓░░░░░░░░░░ 41.5% (498/773)
[expo-cli] Android node_modules\expo\AppEntry.js ▓▓▓▓░░░░░░░░░░░░ 25.6% (318/629)
[expo-cli] Web node_modules\expo\AppEntry.js ▓▓▓▓▓░░░░░░░░░░░ 35.1% (334/564)
[expo-cli] iOS node_modules\expo\AppEntry.js ▓▓▓▓▓▓▓░░░░░░░░░ 47.1% (566/835)
[expo-cli] Android node_modules\expo\AppEntry.js ▓▓▓▓░░░░░░░░░░░░ 25.6% (318/629)
[expo-cli] Web node_modules\expo\AppEntry.js ▓▓▓▓▓░░░░░░░░░░░ 35.1% (334/564)
[expo-cli] iOS node_modules\expo\AppEntry.js ▓▓▓▓▓▓▓░░░░░░░░░ 49.2% (615/877)
[expo-cli] Android node_modules\expo\AppEntry.js ▓▓▓▓░░░░░░░░░░░░ 30.3% (363/660)
[expo-cli] Web node_modules\expo\AppEntry.js ▓▓▓▓▓░░░░░░░░░░░ 35.1% (334/564)
[expo-cli] iOS node_modules\expo\AppEntry.js ▓▓▓▓▓▓▓▓░░░░░░░░ 50.2% (623/879)
[expo-cli] Android node_modules\expo\AppEntry.js ▓▓▓▓▓░░░░░░░░░░░ 36.6% (470/810)
[expo-cli] Web node_modules\expo\AppEntry.js ▓▓▓▓▓░░░░░░░░░░░ 35.1% (334/564)
[expo-cli] iOS node_modules\expo\AppEntry.js ▓▓▓▓▓▓▓▓░░░░░░░░ 52.6% (646/891)
[expo-cli] Android node_modules\expo\AppEntry.js ▓▓▓▓▓▓░░░░░░░░░░ 39.6% (531/844)
[expo-cli] Web node_modules\expo\AppEntry.js ▓▓▓▓▓░░░░░░░░░░░ 35.5% (336/564)
[expo-cli] iOS node_modules\expo\AppEntry.js ▓▓▓▓▓▓▓▓░░░░░░░░ 53.9% (657/895)
[expo-cli] Android node_modules\expo\AppEntry.js ▓▓▓▓▓▓▓▓░░░░░░░░ 51.0% (628/879)
[expo-cli] Web node_modules\expo\AppEntry.js ▓▓▓▓▓░░░░░░░░░░░ 35.8% (366/618)
[expo-cli] iOS node_modules\expo\AppEntry.js ▓▓▓▓▓▓▓▓░░░░░░░░ 53.9% (657/895)
[expo-cli] Android node_modules\expo\AppEntry.js ▓▓▓▓▓▓▓▓░░░░░░░░ 52.7% (647/891)
[expo-cli] Web node_modules\expo\AppEntry.js ▓▓▓▓▓▓░░░░░░░░░░ 41.8% (411/636)
[expo-cli] iOS node_modules\expo\AppEntry.js ▓▓▓▓▓▓▓▓░░░░░░░░ 53.9% (657/895)
[expo-cli] Android node_modules\expo\AppEntry.js ▓▓▓▓▓▓▓▓░░░░░░░░ 52.7% (647/891)
[expo-cli] Web node_modules\expo\AppEntry.js ▓▓▓▓▓▓▓░░░░░░░░░ 44.4% (467/701)
[expo-cli] iOS node_modules\expo\AppEntry.js ▓▓▓▓▓▓▓▓░░░░░░░░ 53.9% (657/895)
[expo-cli] Android node_modules\expo\AppEntry.js ▓▓▓▓▓▓▓▓░░░░░░░░ 52.7% (647/891)
[expo-cli] Web node_modules\expo\AppEntry.js ▓▓▓▓▓▓▓░░░░░░░░░ 49.6% (510/724)
[expo-cli] iOS node_modules\expo\AppEntry.js ▓▓▓▓▓▓▓▓░░░░░░░░ 53.9% (657/895)
[expo-cli] Android node_modules\expo\AppEntry.js ▓▓▓▓▓▓▓▓░░░░░░░░ 52.7% (647/891)
[expo-cli] Web node_modules\expo\AppEntry.js ▓▓▓▓▓▓▓▓░░░░░░░░ 52.4% (561/776)
[expo-cli] iOS node_modules\expo\AppEntry.js ▓▓▓▓▓▓▓▓▓░░░░░░░ 56.6% (674/896)
[expo-cli] Android node_modules\expo\AppEntry.js ▓▓▓▓▓▓▓▓░░░░░░░░ 52.7% (647/891)
[expo-cli] Web node_modules\expo\AppEntry.js ▓▓▓▓▓▓▓▓░░░░░░░░ 52.4% (561/776)
[expo-cli] iOS node_modules\expo\AppEntry.js ▓▓▓▓▓▓▓▓▓░░░░░░░ 61.2% (734/938)
[expo-cli] Android node_modules\expo\AppEntry.js ▓▓▓▓▓▓▓▓░░░░░░░░ 53.1% (649/891)
[expo-cli] | [33m» [1mandroid[22m: androidStatusBar.backgroundColor: Color conflicts with the splash.backgroundColor[39m
[expo-cli] Web node_modules\expo\AppEntry.js ▓▓▓▓▓▓▓▓░░░░░░░░ 52.4% (561/776)
[expo-cli] iOS node_modules\expo\AppEntry.js ▓▓▓▓▓▓▓▓▓░░░░░░░ 61.2% ( 792/1028)
[expo-cli] Android node_modules\expo\AppEntry.js ▓▓▓▓▓▓▓▓░░░░░░░░ 53.1% (649/891)
[expo-cli] Web node_modules\expo\AppEntry.js ▓▓▓▓▓▓▓▓░░░░░░░░ 52.4% (561/776)
[expo-cli] iOS node_modules\expo\AppEntry.js ▓▓▓▓▓▓▓▓▓▓░░░░░░ 67.9% ( 865/1050)
[expo-cli] Android node_modules\expo\AppEntry.js ▓▓▓▓▓▓▓▓░░░░░░░░ 53.1% (649/891)
[expo-cli] Web node_modules\expo\AppEntry.js ▓▓▓▓▓▓▓▓░░░░░░░░ 52.4% (561/776)
[expo-cli] iOS node_modules\expo\AppEntry.js ▓▓▓▓▓▓▓▓▓▓░░░░░░ 68.0% ( 876/1062)
[expo-cli] Android node_modules\expo\AppEntry.js ▓▓▓▓▓▓▓▓▓░░░░░░░ 57.6% (684/901)
[expo-cli] Web node_modules\expo\AppEntry.js ▓▓▓▓▓▓▓▓░░░░░░░░ 52.4% (561/776)
[expo-cli] iOS node_modules\expo\AppEntry.js ▓▓▓▓▓▓▓▓▓▓░░░░░░ 68.0% ( 876/1062)
[expo-cli] Android node_modules\expo\AppEntry.js ▓▓▓▓▓▓▓▓▓░░░░░░░ 62.0% ( 805/1022)
[expo-cli] Web node_modules\expo\AppEntry.js ▓▓▓▓▓▓▓▓░░░░░░░░ 52.4% (561/776)
[expo-cli] iOS node_modules\expo\AppEntry.js ▓▓▓▓▓▓▓▓▓▓▓░░░░░ 69.5% ( 893/1074)
[expo-cli] Android node_modules\expo\AppEntry.js ▓▓▓▓▓▓▓▓▓▓░░░░░░ 68.7% ( 875/1056)
[expo-cli] Web node_modules\expo\AppEntry.js ▓▓▓▓▓▓▓▓▓░░░░░░░ 57.2% (624/825)
[expo-cli] iOS node_modules\expo\AppEntry.js ▓▓▓▓▓▓▓▓▓▓▓░░░░░ 69.5% ( 896/1079)
[expo-cli] Android node_modules\expo\AppEntry.js ▓▓▓▓▓▓▓▓▓▓▓░░░░░ 69.3% ( 889/1071)
[expo-cli] Web node_modules\expo\AppEntry.js ▓▓▓▓▓▓▓▓▓▓░░░░░░ 66.8% (686/844)
[expo-cli] iOS node_modules\expo\AppEntry.js ▓▓▓▓▓▓▓▓▓▓▓░░░░░ 69.5% ( 896/1079)
[expo-cli] Android node_modules\expo\AppEntry.js ▓▓▓▓▓▓▓▓▓▓▓░░░░░ 69.3% ( 891/1074)
[expo-cli] Web node_modules\expo\AppEntry.js ▓▓▓▓▓▓▓▓▓▓▓░░░░░ 73.4% (775/905)
[expo-cli] iOS node_modules\expo\AppEntry.js ▓▓▓▓▓▓▓▓▓▓▓░░░░░ 69.6% ( 908/1088)
[expo-cli] Android node_modules\expo\AppEntry.js ▓▓▓▓▓▓▓▓▓▓▓░░░░░ 69.3% ( 891/1074)
[expo-cli] Web node_modules\expo\AppEntry.js ▓▓▓▓▓▓▓▓▓▓▓░░░░░ 73.4% (775/905)
[expo-cli] iOS node_modules\expo\AppEntry.js ▓▓▓▓▓▓▓▓▓▓▓▓▓░░░ 84.3% (1062/1162)
[expo-cli] Android node_modules\expo\AppEntry.js ▓▓▓▓▓▓▓▓▓▓▓░░░░░ 70.8% ( 907/1078)
[expo-cli] Web node_modules\expo\AppEntry.js ▓▓▓▓▓▓▓▓▓▓▓░░░░░ 73.4% (775/905)
[expo-cli] iOS node_modules\expo\AppEntry.js ▓▓▓▓▓▓▓▓▓▓▓▓▓░░░ 84.3% (1067/1162)
[expo-cli] Android node_modules\expo\AppEntry.js ▓▓▓▓▓▓▓▓▓▓▓▓▓░░░ 84.0% (1042/1137)
[expo-cli] Web node_modules\expo\AppEntry.js ▓▓▓▓▓▓▓▓▓▓▓▓░░░░ 75.9% (824/946)
[expo-cli] iOS node_modules\expo\AppEntry.js ▓▓▓▓▓▓▓▓▓▓▓▓▓░░░ 85.3% (1078/1167)
[expo-cli] Android node_modules\expo\AppEntry.js ▓▓▓▓▓▓▓▓▓▓▓▓▓░░░ 84.7% (1073/1166)
[expo-cli] Web node_modules\expo\AppEntry.js ▓▓▓▓▓▓▓▓▓▓▓▓░░░░ 79.5% ( 899/1008)
[expo-cli] iOS node_modules\expo\AppEntry.js ▓▓▓▓▓▓▓▓▓▓▓▓▓░░░ 85.6% (1080/1167)
[expo-cli] Android node_modules\expo\AppEntry.js ▓▓▓▓▓▓▓▓▓▓▓▓▓░░░ 84.7% (1074/1167)
[expo-cli] Web node_modules\expo\AppEntry.js ▓▓▓▓▓▓▓▓▓▓▓▓▓░░░ 82.0% ( 920/1016)
[expo-cli] iOS node_modules\expo\AppEntry.js ▓▓▓▓▓▓▓▓▓▓▓▓▓▓▓░ 95.5% (1159/1210)
[expo-cli] Android node_modules\expo\AppEntry.js ▓▓▓▓▓▓▓▓▓▓▓▓▓░░░ 87.1% (1119/1199)
[expo-cli] Web node_modules\expo\AppEntry.js ▓▓▓▓▓▓▓▓▓▓▓▓▓░░░ 86.6% ( 965/1063)
[expo-cli] iOS node_modules\expo\AppEntry.js ▓▓▓▓▓▓▓▓▓▓▓▓▓▓▓░ 95.5% (1164/1211)
[expo-cli] Android node_modules\expo\AppEntry.js ▓▓▓▓▓▓▓▓▓▓▓▓▓▓░░ 92.4% (1166/1213)
[expo-cli] Web node_modules\expo\AppEntry.js ▓▓▓▓▓▓▓▓▓▓▓▓▓░░░ 86.6% (1011/1110)
[expo-cli] iOS node_modules\expo\AppEntry.js ▓▓▓▓▓▓▓▓▓▓▓▓▓▓▓░ 95.5% (1170/1213)
[expo-cli] Android node_modules\expo\AppEntry.js ▓▓▓▓▓▓▓▓▓▓▓▓▓▓░░ 92.4% (1166/1213)
[expo-cli] Web node_modules\expo\AppEntry.js ▓▓▓▓▓▓▓▓▓▓▓▓▓░░░ 86.6% (1011/1110)
[expo-cli] iOS node_modules\expo\AppEntry.js ▓▓▓▓▓▓▓▓▓▓▓▓▓▓▓░ 95.5% (1212/1286)
[expo-cli] Android node_modules\expo\AppEntry.js ▓▓▓▓▓▓▓▓▓▓▓▓▓▓░░ 93.2% (1204/1271)
[expo-cli] Web node_modules\expo\AppEntry.js ▓▓▓▓▓▓▓▓▓▓▓▓▓░░░ 86.6% (1084/1178)
[expo-cli] iOS node_modules\expo\AppEntry.js ▓▓▓▓▓▓▓▓▓▓▓▓▓▓▓░ 95.5% (1213/1286)
[expo-cli] Android node_modules\expo\AppEntry.js ▓▓▓▓▓▓▓▓▓▓▓▓▓▓░░ 93.2% (1212/1286)
[expo-cli] Web node_modules\expo\AppEntry.js ▓▓▓▓▓▓▓▓▓▓▓▓▓▓░░ 88.1% (1116/1189)
[expo-cli] iOS node_modules\expo\AppEntry.js ▓▓▓▓▓▓▓▓▓▓▓▓▓▓▓░ 95.5% (1277/1366)
[expo-cli] Android node_modules\expo\AppEntry.js ▓▓▓▓▓▓▓▓▓▓▓▓▓▓░░ 93.2% (1215/1288)
[expo-cli] Web node_modules\expo\AppEntry.js ▓▓▓▓▓▓▓▓▓▓▓▓▓▓░░ 88.6% (1121/1191)
[expo-cli] iOS node_modules\expo\AppEntry.js ▓▓▓▓▓▓▓▓▓▓▓▓▓▓▓░ 95.5% (1286/1374)
[expo-cli] Android node_modules\expo\AppEntry.js ▓▓▓▓▓▓▓▓▓▓▓▓▓▓░░ 93.2% (1285/1372)
[expo-cli] Web node_modules\expo\AppEntry.js ▓▓▓▓▓▓▓▓▓▓▓▓▓▓▓░ 93.8% (1166/1204)
[expo-cli] iOS node_modules\expo\AppEntry.js ▓▓▓▓▓▓▓▓▓▓▓▓▓▓▓░ 95.5% (1286/1374)
[expo-cli] Android node_modules\expo\AppEntry.js ▓▓▓▓▓▓▓▓▓▓▓▓▓▓░░ 93.2% (1286/1374)
[expo-cli] Web node_modules\expo\AppEntry.js ▓▓▓▓▓▓▓▓▓▓▓▓▓▓▓░ 95.9% (1185/1210)
[expo-cli] iOS node_modules\expo\AppEntry.js ▓▓▓▓▓▓▓▓▓▓▓▓▓▓▓░ 95.5% (1307/1396)
[expo-cli] Android node_modules\expo\AppEntry.js ▓▓▓▓▓▓▓▓▓▓▓▓▓▓░░ 93.2% (1286/1374)
[expo-cli] Web node_modules\expo\AppEntry.js ▓▓▓▓▓▓▓▓▓▓▓▓▓▓▓░ 96.4% (1188/1210)
[expo-cli] iOS node_modules\expo\AppEntry.js ▓▓▓▓▓▓▓▓▓▓▓▓▓▓▓░ 95.5% (1357/1433)
[expo-cli] Android node_modules\expo\AppEntry.js ▓▓▓▓▓▓▓▓▓▓▓▓▓▓░░ 93.2% (1286/1374)
[expo-cli] Web node_modules\expo\AppEntry.js ▓▓▓▓▓▓▓▓▓▓▓▓▓▓▓░ 96.4% (1188/1210)
[expo-cli] iOS node_modules\expo\AppEntry.js ▓▓▓▓▓▓▓▓▓▓▓▓▓▓▓░ 95.5% (1369/1434)
[expo-cli] Android node_modules\expo\AppEntry.js ▓▓▓▓▓▓▓▓▓▓▓▓▓▓░░ 93.2% (1305/1404)
[expo-cli] Web node_modules\expo\AppEntry.js ▓▓▓▓▓▓▓▓▓▓▓▓▓▓▓░ 96.4% (1188/1210)
[expo-cli] iOS node_modules\expo\AppEntry.js ▓▓▓▓▓▓▓▓▓▓▓▓▓▓▓░ 95.5% (1373/1435)
[expo-cli] Android node_modules\expo\AppEntry.js ▓▓▓▓▓▓▓▓▓▓▓▓▓▓░░ 93.2% (1332/1411)
[expo-cli] Web node_modules\expo\AppEntry.js ▓▓▓▓▓▓▓▓▓▓▓▓▓▓▓░ 97.5% (1206/1234)
[expo-cli] iOS node_modules\expo\AppEntry.js ▓▓▓▓▓▓▓▓▓▓▓▓▓▓▓░ 95.5% (1374/1436)
[expo-cli] Android node_modules\expo\AppEntry.js ▓▓▓▓▓▓▓▓▓▓▓▓▓▓░░ 93.2% (1372/1436)
[expo-cli] Web node_modules\expo\AppEntry.js ▓▓▓▓▓▓▓▓▓▓▓▓▓▓▓░ 97.5% (1209/1234)
[expo-cli] iOS node_modules\expo\AppEntry.js ▓▓▓▓▓▓▓▓▓▓▓▓▓▓▓░ 95.5% (1435/1477)
[expo-cli] Android node_modules\expo\AppEntry.js ▓▓▓▓▓▓▓▓▓▓▓▓▓▓▓░ 94.1% (1433/1477)
[expo-cli] Web node_modules\expo\AppEntry.js ▓▓▓▓▓▓▓▓▓▓▓▓▓▓▓░ 97.5% (1253/1282)
[expo-cli] iOS node_modules\expo\AppEntry.js ▓▓▓▓▓▓▓▓▓▓▓▓▓▓▓░ 97.5% (1499/1528)
[expo-cli] Android node_modules\expo\AppEntry.js ▓▓▓▓▓▓▓▓▓▓▓▓▓▓▓░ 97.1% (1486/1508)
[expo-cli] Web node_modules\expo\AppEntry.js ▓▓▓▓▓▓▓▓▓▓▓▓▓▓▓░ 97.5% (1298/1325)
[expo-cli] iOS node_modules\expo\AppEntry.js ▓▓▓▓▓▓▓▓▓▓▓▓▓▓▓░ 97.5% (1531/1551)
[expo-cli] Android node_modules\expo\AppEntry.js ▓▓▓▓▓▓▓▓▓▓▓▓▓▓▓░ 97.7% (1527/1545)
[expo-cli] Web node_modules\expo\AppEntry.js ▓▓▓▓▓▓▓▓▓▓▓▓▓▓▓░ 99.9% (1336/1336)
[expo-cli] iOS node_modules\expo\AppEntry.js ▓▓▓▓▓▓▓▓▓▓▓▓▓▓▓░ 99.9% (1561/1561)
[expo-cli] Android node_modules\expo\AppEntry.js ▓▓▓▓▓▓▓▓▓▓▓▓▓▓▓░ 99.9% (1561/1561)
[expo-cli] Web Bundled 216621ms node_modules\expo\AppEntry.js (1336 modules)
[expo-cli] Web node_modules\expo\AppEntry.js ▓▓▓▓▓▓▓▓▓▓▓▓▓▓▓░ 99.9% (1336/1336)
[expo-cli] iOS node_modules\expo\AppEntry.js ▓▓▓▓▓▓▓▓▓▓▓▓▓▓▓░ 99.9% (1561/1561)
[expo-cli] Android node_modules\expo\AppEntry.js ▓▓▓▓▓▓▓▓▓▓▓▓▓▓▓░ 99.9% (1561/1561)
[expo-cli] iOS node_modules\expo\AppEntry.js ▓▓▓▓▓▓▓▓▓▓▓▓▓▓▓░ 99.9% (1561/1561)
[expo-cli] Android node_modules\expo\AppEntry.js ▓▓▓▓▓▓▓▓▓▓▓▓▓▓▓░ 99.9% (1561/1561)
[expo-cli] iOS Bundled 234590ms node_modules\expo\AppEntry.js (1561 modules)
[expo-cli] iOS node_modules\expo\AppEntry.js ▓▓▓▓▓▓▓▓▓▓▓▓▓▓▓░ 99.9% (1561/1561)
[expo-cli] Android node_modules\expo\AppEntry.js ▓▓▓▓▓▓▓▓▓▓▓▓▓▓▓░ 99.9% (1561/1561)
[expo-cli] Android node_modules\expo\AppEntry.js ▓▓▓▓▓▓▓▓▓▓▓▓▓▓▓░ 99.9% (1561/1561)
[expo-cli] Android Bundled 253421ms node_modules\expo\AppEntry.js (1561 modules)
[expo-cli] Android node_modules\expo\AppEntry.js ▓▓▓▓▓▓▓▓▓▓▓▓▓▓▓░ 99.9% (1561/1561)
[expo-cli] Creating asset map
[expo-cli] 
[expo-cli] › Assets (73):
[expo-cli] node_modules\@react-navigation\elements\lib\module\assets\back-icon-mask.0a328cd9c1afd0afe8e3b1ec5165b1b4.png (653 B)
[expo-cli] node_modules\@react-navigation\elements\lib\module\assets\back-icon-mask.png (653 B)
[expo-cli] node_modules\@react-navigation\elements\lib\module\assets\back-icon.35ba0eaec5a4f5ed12ca16fabeae451d.png (207 B)
[expo-cli] node_modules\@react-navigation\elements\lib\module\assets\back-icon.png (8 variations | 359 B)
[expo-cli] node_modules\@react-navigation\elements\lib\module\assets\clear-icon.c94f6478e7ae0cdd9f15de1fcb9e5e55.png (4 variations | 425 B)
[expo-cli] node_modules\@react-navigation\elements\lib\module\assets\clear-icon.png (4 variations | 425 B)
[expo-cli] node_modules\@react-navigation\elements\lib\module\assets\close-icon.808e1b1b9b53114ec2838071a7e6daa7.png (4 variations | 235 B)
[expo-cli] node_modules\@react-navigation\elements\lib\module\assets\close-icon.png (4 variations | 235 B)
[expo-cli] node_modules\@react-navigation\elements\lib\module\assets\search-icon.286d67d3f74808a60a78d3ebf1a5fb57.png (928 B)
[expo-cli] node_modules\@react-navigation\elements\lib\module\assets\search-icon.png (7 variations | 592 B)
[expo-cli] node_modules\expo\node_modules\@expo\vector-icons\build\vendor\react-native-vector-icons\Fonts\AntDesign.3f78af31cca60105799838a1a7a59fbd.ttf (130 kB)
[expo-cli] node_modules\expo\node_modules\@expo\vector-icons\build\vendor\react-native-vector-icons\Fonts\AntDesign.ttf (130 kB)
[expo-cli] node_modules\expo\node_modules\@expo\vector-icons\build\vendor\react-native-vector-icons\Fonts\Entypo.31b5ffea3daddc69dd01a1f3d6cf63c5.ttf (66.2 kB)
[expo-cli] node_modules\expo\node_modules\@expo\vector-icons\build\vendor\react-native-vector-icons\Fonts\Entypo.ttf (66.2 kB)
[expo-cli] node_modules\expo\node_modules\@expo\vector-icons\build\vendor\react-native-vector-icons\Fonts\EvilIcons.140c53a7643ea949007aa9a282153849.ttf (13.5 kB)
[expo-cli] node_modules\expo\node_modules\@expo\vector-icons\build\vendor\react-native-vector-icons\Fonts\EvilIcons.ttf (13.5 kB)
[expo-cli] node_modules\expo\node_modules\@expo\vector-icons\build\vendor\react-native-vector-icons\Fonts\Feather.ca4b48e04dc1ce10bfbddb262c8b835f.ttf (55.6 kB)
[expo-cli] node_modules\expo\node_modules\@expo\vector-icons\build\vendor\react-native-vector-icons\Fonts\Feather.ttf (55.6 kB)
[expo-cli] node_modules\expo\node_modules\@expo\vector-icons\build\vendor\react-native-vector-icons\Fonts\FontAwesome.b06871f281fee6b241d60582ae9369b9.ttf (166 kB)
[expo-cli] node_modules\expo\node_modules\@expo\vector-icons\build\vendor\react-native-vector-icons\Fonts\FontAwesome.ttf (166 kB)
[expo-cli] node_modules\expo\node_modules\@expo\vector-icons\build\vendor\react-native-vector-icons\Fonts\FontAwesome5_Brands.3b89dd103490708d19a95adcae52210e.ttf (134 kB)
[expo-cli] node_modules\expo\node_modules\@expo\vector-icons\build\vendor\react-native-vector-icons\Fonts\FontAwesome5_Brands.ttf (134 kB)
[expo-cli] node_modules\expo\node_modules\@expo\vector-icons\build\vendor\react-native-vector-icons\Fonts\FontAwesome5_Regular.1f77739ca9ff2188b539c36f30ffa2be.ttf (33.7 kB)
[expo-cli] node_modules\expo\node_modules\@expo\vector-icons\build\vendor\react-native-vector-icons\Fonts\FontAwesome5_Regular.ttf (33.7 kB)
[expo-cli] node_modules\expo\node_modules\@expo\vector-icons\build\vendor\react-native-vector-icons\Fonts\FontAwesome5_Solid.605ed7926cf39a2ad5ec2d1f9d391d3d.ttf (203 kB)
[expo-cli] node_modules\expo\node_modules\@expo\vector-icons\build\vendor\react-native-vector-icons\Fonts\FontAwesome5_Solid.ttf (203 kB)
[expo-cli] node_modules\expo\node_modules\@expo\vector-icons\build\vendor\react-native-vector-icons\Fonts\FontAwesome6_Brands.56c8d80832e37783f12c05db7c8849e2.ttf (209 kB)
[expo-cli] node_modules\expo\node_modules\@expo\vector-icons\build\vendor\react-native-vector-icons\Fonts\FontAwesome6_Brands.ttf (209 kB)
[expo-cli] node_modules\expo\node_modules\@expo\vector-icons\build\vendor\react-native-vector-icons\Fonts\FontAwesome6_Regular.370dd5af19f8364907b6e2c41f45dbbf.ttf (68 kB)
[expo-cli] node_modules\expo\node_modules\@expo\vector-icons\build\vendor\react-native-vector-icons\Fonts\FontAwesome6_Regular.ttf (68 kB)
[expo-cli] node_modules\expo\node_modules\@expo\vector-icons\build\vendor\react-native-vector-icons\Fonts\FontAwesome6_Solid.adec7d6f310bc577f05e8fe06a5daccf.ttf (424 kB)
[expo-cli] node_modules\expo\node_modules\@expo\vector-icons\build\vendor\react-native-vector-icons\Fonts\FontAwesome6_Solid.ttf (424 kB)
[expo-cli] node_modules\expo\node_modules\@expo\vector-icons\build\vendor\react-native-vector-icons\Fonts\Fontisto.b49ae8ab2dbccb02c4d11caaacf09eab.ttf (314 kB)
[expo-cli] node_modules\expo\node_modules\@expo\vector-icons\build\vendor\react-native-vector-icons\Fonts\Fontisto.ttf (314 kB)
[expo-cli] node_modules\expo\node_modules\@expo\vector-icons\build\vendor\react-native-vector-icons\Fonts\Foundation.e20945d7c929279ef7a6f1db184a4470.ttf (57 kB)
[expo-cli] node_modules\expo\node_modules\@expo\vector-icons\build\vendor\react-native-vector-icons\Fonts\Foundation.ttf (57 kB)
[expo-cli] node_modules\expo\node_modules\@expo\vector-icons\build\vendor\react-native-vector-icons\Fonts\Ionicons.b4eb097d35f44ed943676fd56f6bdc51.ttf (390 kB)
[expo-cli] node_modules\expo\node_modules\@expo\vector-icons\build\vendor\react-native-vector-icons\Fonts\Ionicons.ttf (390 kB)
[expo-cli] node_modules\expo\node_modules\@expo\vector-icons\build\vendor\react-native-vector-icons\Fonts\MaterialCommunityIcons.6e435534bd35da5fef04168860a9b8fa.ttf (1.31 MB)
[expo-cli] node_modules\expo\node_modules\@expo\vector-icons\build\vendor\react-native-vector-icons\Fonts\MaterialCommunityIcons.ttf (1.31 MB)
[expo-cli] node_modules\expo\node_modules\@expo\vector-icons\build\vendor\react-native-vector-icons\Fonts\MaterialIcons.4e85bc9ebe07e0340c9c4fc2f6c38908.ttf (357 kB)
[expo-cli] node_modules\expo\node_modules\@expo\vector-icons\build\vendor\react-native-vector-icons\Fonts\MaterialIcons.ttf (357 kB)
[expo-cli] node_modules\expo\node_modules\@expo\vector-icons\build\vendor\react-native-vector-icons\Fonts\Octicons.871378c6eab492a3e689a9385dc45a12.ttf (69.4 kB)
[expo-cli] node_modules\expo\node_modules\@expo\vector-icons\build\vendor\react-native-vector-icons\Fonts\Octicons.ttf (69.4 kB)
[expo-cli] node_modules\expo\node_modules\@expo\vector-icons\build\vendor\react-native-vector-icons\Fonts\SimpleLineIcons.d2285965fe34b05465047401b8595dd0.ttf (54.1 kB)
[expo-cli] node_modules\expo\node_modules\@expo\vector-icons\build\vendor\react-native-vector-icons\Fonts\SimpleLineIcons.ttf (54.1 kB)
[expo-cli] node_modules\expo\node_modules\@expo\vector-icons\build\vendor\react-native-vector-icons\Fonts\Zocial.1681f34aaca71b8dfb70756bca331eb2.ttf (25.8 kB)
[expo-cli] node_modules\expo\node_modules\@expo\vector-icons\build\vendor\react-native-vector-icons\Fonts\Zocial.ttf (25.8 kB)
[expo-cli] 
[expo-cli] › web bundles (6):
[expo-cli] _expo/static/js/web/AppEntry-34ccec98bf0bbbd253bd2a7fa8066623.js (3 MB)
[expo-cli] _expo/static/js/web/AppEntry-34ccec98bf0bbbd253bd2a7fa8066623.js.map (8.79 MB)
[expo-cli] _expo/static/js/web/index-3c684ecdfcc69a0b8a2cc9420c0dd51c.js (12.7 kB)
[expo-cli] _expo/static/js/web/index-3c684ecdfcc69a0b8a2cc9420c0dd51c.js.map (58.8 kB)
[expo-cli] _expo/static/js/web/ScreenCapture-dd2f4f34462747cc28436a8e32dc990f.js (2.48 kB)
[expo-cli] _expo/static/js/web/ScreenCapture-dd2f4f34462747cc28436a8e32dc990f.js.map (12.5 kB)
[expo-cli] 
[expo-cli] › ios bundles (2):
[expo-cli] _expo/static/js/ios/AppEntry-dadadc37b13684bbdabf1bfc6ec4af7c.hbc (3.35 MB)
[expo-cli] _expo/static/js/ios/AppEntry-dadadc37b13684bbdabf1bfc6ec4af7c.hbc.map (9.61 MB)
[expo-cli] 
[expo-cli] › android bundles (2):
[expo-cli] _expo/static/js/android/AppEntry-3c7e38fd6a3b52bc2feaab8220db40b1.hbc (3.36 MB)
[expo-cli] _expo/static/js/android/AppEntry-3c7e38fd6a3b52bc2feaab8220db40b1.hbc.map (9.65 MB)
[expo-cli] 
[expo-cli] › Files (4):
[expo-cli] assetmap.json (19.4 kB)
[expo-cli] favicon.ico (14.5 kB)
[expo-cli] index.html (1.22 kB)
[expo-cli] metadata.json (5.11 kB)
[expo-cli] 
[expo-cli] Exported: dist
✔ Exported bundle(s)
- Uploading...
- Uploading assetmap.json (0 / 19.0 KB)
✔ Uploaded assetmap.json 
√ Uploaded 2 app bundles
√ Uploading assets skipped - no new assets found
i 39 iOS assets, 39 Android assets (maximum: 2000 total per update). Learn more about asset limits: https://expo.fyi/eas-update-asset-limits
Skipping project fingerprints
- Publishing...
✔ Published!

Branch             production
Runtime version    1.7.2
Platform           android, ios
Update group ID    c31f3d50-0037-4ee4-99e5-b9f82341da77
Android update ID  019f34b8-3d8e-7dd8-966f-efa3492a23bb
iOS update ID      019f34b8-3d8e-7616-89c9-e7e1fe2d1ae9
Message            fix(subscription): immediate revocation visibility runtime 1.7.2
Commit             2aea67d8e277c449b338087b7dd7e37164d9208d*
EAS Dashboard      https://expo.dev/accounts/isamu_123/projects/osmani-tv/updates/c31f3d50-0037-4ee4-99e5-b9f82341da77

npm warn Unknown env config "devdir". This will stop working in the next major version of npm.


=== OTA runtime 1.8.0 ===
No environment variables with visibility "Plain text" and "Sensitive" found for the "production" environment on EAS.

- Exporting...
[expo-cli] --non-interactive is not supported, use $CI=1 instead
[expo-cli] » android: androidStatusBar.backgroundColor: Color conflicts with the splash.backgroundColor
[expo-cli] » android: androidStatusBar.backgroundColor: Color conflicts with the splash.backgroundColor
[expo-cli] » android: androidStatusBar.backgroundColor: Color conflicts with the splash.backgroundColor
[expo-cli] » android: androidStatusBar.backgroundColor: Color conflicts with the splash.backgroundColor
[expo-cli] » android: androidStatusBar.backgroundColor: Color conflicts with the splash.backgroundColor
[expo-cli] Starting Metro Bundler
[expo-cli] warning: Bundler cache is empty, rebuilding (this may take a minute)
[expo-cli] Web node_modules\expo\AppEntry.js ░░░░░░░░░░░░░░░░  0.0% (0/1)
[expo-cli] iOS node_modules\expo\AppEntry.js ░░░░░░░░░░░░░░░░  0.0% (0/1)
[expo-cli] Android node_modules\expo\AppEntry.js ░░░░░░░░░░░░░░░░  0.0% (0/1)
[expo-cli] | (node:3784) Warning: The 'NO_COLOR' env is ignored due to the 'FORCE_COLOR' env being set.
[expo-cli] | (Use `node --trace-warnings ...` to show where the warning was created)
[expo-cli] Web node_modules\expo\AppEntry.js ░░░░░░░░░░░░░░░░  1.0% (1/3)
[expo-cli] iOS node_modules\expo\AppEntry.js ░░░░░░░░░░░░░░░░  0.0% (0/1)
[expo-cli] Android node_modules\expo\AppEntry.js ░░░░░░░░░░░░░░░░  0.0% (0/1)
[expo-cli] | (node:2984) Warning: The 'NO_COLOR' env is ignored due to the 'FORCE_COLOR' env being set.
[expo-cli] | (Use `node --trace-warnings ...` to show where the warning was created)
[expo-cli] Web node_modules\expo\AppEntry.js ░░░░░░░░░░░░░░░░  4.0% (2/3)
[expo-cli] iOS node_modules\expo\AppEntry.js ░░░░░░░░░░░░░░░░  1.0% (1/1)
[expo-cli] Android node_modules\expo\AppEntry.js ░░░░░░░░░░░░░░░░  1.0% (1/3)
[expo-cli] | (node:14400) Warning: The 'NO_COLOR' env is ignored due to the 'FORCE_COLOR' env being set.
[expo-cli] | (Use `node --trace-warnings ...` to show where the warning was created)
[expo-cli] Web node_modules\expo\AppEntry.js ▓▓▓▓░░░░░░░░░░░░ 25.0% ( 6/12)
[expo-cli] iOS node_modules\expo\AppEntry.js ▓▓░░░░░░░░░░░░░░ 13.2% (  9/105)
[expo-cli] Android node_modules\expo\AppEntry.js ▓░░░░░░░░░░░░░░░  9.0% (3/5)
[expo-cli] Web node_modules\expo\AppEntry.js ▓▓▓▓░░░░░░░░░░░░ 25.0% ( 6/12)
[expo-cli] iOS node_modules\expo\AppEntry.js ▓▓░░░░░░░░░░░░░░ 13.2% ( 23/150)
[expo-cli] Android node_modules\expo\AppEntry.js ▓░░░░░░░░░░░░░░░  9.0% ( 10/106)
[expo-cli] | (node:3476) Warning: The 'NO_COLOR' env is ignored due to the 'FORCE_COLOR' env being set.
[expo-cli] | (Use `node --trace-warnings ...` to show where the warning was created)
[expo-cli] | (node:15244) Warning: The 'NO_COLOR' env is ignored due to the 'FORCE_COLOR' env being set.
[expo-cli] | (Use `node --trace-warnings ...` to show where the warning was created)
[expo-cli] | (node:23604) Warning: The 'NO_COLOR' env is ignored due to the 'FORCE_COLOR' env being set.
[expo-cli] | (Use `node --trace-warnings ...` to show where the warning was created)
[expo-cli] | (node:25424) Warning: The 'NO_COLOR' env is ignored due to the 'FORCE_COLOR' env being set.
[expo-cli] | (Use `node --trace-warnings ...` to show where the warning was created)
[expo-cli] | (node:20796) Warning: The 'NO_COLOR' env is ignored due to the 'FORCE_COLOR' env being set.
[expo-cli] | (Use `node --trace-warnings ...` to show where the warning was created)
[expo-cli] Web node_modules\expo\AppEntry.js ▓▓▓▓▓░░░░░░░░░░░ 34.0% (10/96)
[expo-cli] iOS node_modules\expo\AppEntry.js ▓▓░░░░░░░░░░░░░░ 13.2% ( 36/179)
[expo-cli] Android node_modules\expo\AppEntry.js ▓░░░░░░░░░░░░░░░  9.0% ( 10/106)
[expo-cli] Web node_modules\expo\AppEntry.js ▓▓▓▓▓░░░░░░░░░░░ 34.0% (12/97)
[expo-cli] iOS node_modules\expo\AppEntry.js ▓▓░░░░░░░░░░░░░░ 13.2% ( 56/209)
[expo-cli] Android node_modules\expo\AppEntry.js ▓░░░░░░░░░░░░░░░  9.0% ( 12/107)
[expo-cli] Web node_modules\expo\AppEntry.js ▓▓▓▓▓░░░░░░░░░░░ 34.0% (12/97)
[expo-cli] iOS node_modules\expo\AppEntry.js ▓▓░░░░░░░░░░░░░░ 13.2% (103/317)
[expo-cli] Android node_modules\expo\AppEntry.js ▓░░░░░░░░░░░░░░░  9.0% ( 17/110)
[expo-cli] Web node_modules\expo\AppEntry.js ▓▓▓▓▓░░░░░░░░░░░ 34.0% (12/97)
[expo-cli] iOS node_modules\expo\AppEntry.js ▓▓░░░░░░░░░░░░░░ 13.2% (103/317)
[expo-cli] Android node_modules\expo\AppEntry.js ▓▓░░░░░░░░░░░░░░ 13.7% ( 67/181)
[expo-cli] Web node_modules\expo\AppEntry.js ▓▓▓▓▓░░░░░░░░░░░ 34.0% ( 22/137)
[expo-cli] iOS node_modules\expo\AppEntry.js ▓▓▓░░░░░░░░░░░░░ 20.9% (158/346)
[expo-cli] Android node_modules\expo\AppEntry.js ▓▓▓░░░░░░░░░░░░░ 20.2% (105/318)
[expo-cli] Web node_modules\expo\AppEntry.js ▓▓▓▓▓░░░░░░░░░░░ 34.0% ( 50/230)
[expo-cli] iOS node_modules\expo\AppEntry.js ▓▓▓░░░░░░░░░░░░░ 20.9% (158/346)
[expo-cli] Android node_modules\expo\AppEntry.js ▓▓▓░░░░░░░░░░░░░ 20.2% (105/318)
[expo-cli] Web node_modules\expo\AppEntry.js ▓▓▓▓▓░░░░░░░░░░░ 34.0% ( 66/268)
[expo-cli] iOS node_modules\expo\AppEntry.js ▓▓▓░░░░░░░░░░░░░ 20.9% (158/346)
[expo-cli] Android node_modules\expo\AppEntry.js ▓▓▓░░░░░░░░░░░░░ 20.2% (105/318)
[expo-cli] Web node_modules\expo\AppEntry.js ▓▓▓▓▓░░░░░░░░░░░ 34.0% ( 94/312)
[expo-cli] iOS node_modules\expo\AppEntry.js ▓▓▓░░░░░░░░░░░░░ 21.4% (164/357)
[expo-cli] Android node_modules\expo\AppEntry.js ▓▓▓░░░░░░░░░░░░░ 20.2% (105/318)
[expo-cli] Web node_modules\expo\AppEntry.js ▓▓▓▓▓░░░░░░░░░░░ 34.0% ( 95/330)
[expo-cli] iOS node_modules\expo\AppEntry.js ▓▓▓▓░░░░░░░░░░░░ 28.1% (261/497)
[expo-cli] Android node_modules\expo\AppEntry.js ▓▓▓░░░░░░░░░░░░░ 20.2% (105/318)
[expo-cli] Web node_modules\expo\AppEntry.js ▓▓▓▓▓░░░░░░░░░░░ 34.0% ( 95/330)
[expo-cli] iOS node_modules\expo\AppEntry.js ▓▓▓▓░░░░░░░░░░░░ 29.1% (315/616)
[expo-cli] Android node_modules\expo\AppEntry.js ▓▓▓░░░░░░░░░░░░░ 20.2% (105/318)
[expo-cli] Web node_modules\expo\AppEntry.js ▓▓▓▓▓░░░░░░░░░░░ 34.0% ( 95/330)
[expo-cli] iOS node_modules\expo\AppEntry.js ▓▓▓▓░░░░░░░░░░░░ 29.1% (319/620)
[expo-cli] Android node_modules\expo\AppEntry.js ▓▓▓░░░░░░░░░░░░░ 20.6% (220/528)
[expo-cli] Web node_modules\expo\AppEntry.js ▓▓▓▓▓░░░░░░░░░░░ 34.0% ( 95/330)
[expo-cli] iOS node_modules\expo\AppEntry.js ▓▓▓▓░░░░░░░░░░░░ 29.1% (320/630)
[expo-cli] Android node_modules\expo\AppEntry.js ▓▓▓░░░░░░░░░░░░░ 20.6% (254/583)
[expo-cli] Web node_modules\expo\AppEntry.js ▓▓▓▓▓░░░░░░░░░░░ 34.0% (106/336)
[expo-cli] iOS node_modules\expo\AppEntry.js ▓▓▓▓░░░░░░░░░░░░ 29.1% (346/661)
[expo-cli] Android node_modules\expo\AppEntry.js ▓▓▓▓░░░░░░░░░░░░ 26.0% (315/618)
[expo-cli] Web node_modules\expo\AppEntry.js ▓▓▓▓▓░░░░░░░░░░░ 34.0% (170/425)
[expo-cli] iOS node_modules\expo\AppEntry.js ▓▓▓▓░░░░░░░░░░░░ 29.1% (346/661)
[expo-cli] Android node_modules\expo\AppEntry.js ▓▓▓▓░░░░░░░░░░░░ 26.1% (318/629)
[expo-cli] Web node_modules\expo\AppEntry.js ▓▓▓▓▓░░░░░░░░░░░ 34.0% (242/513)
[expo-cli] iOS node_modules\expo\AppEntry.js ▓▓▓▓░░░░░░░░░░░░ 29.1% (346/661)
[expo-cli] Android node_modules\expo\AppEntry.js ▓▓▓▓░░░░░░░░░░░░ 26.1% (318/629)
[expo-cli] Web node_modules\expo\AppEntry.js ▓▓▓▓▓░░░░░░░░░░░ 34.0% (298/546)
[expo-cli] iOS node_modules\expo\AppEntry.js ▓▓▓▓░░░░░░░░░░░░ 29.1% (353/663)
[expo-cli] Android node_modules\expo\AppEntry.js ▓▓▓▓░░░░░░░░░░░░ 26.1% (318/629)
[expo-cli] Web node_modules\expo\AppEntry.js ▓▓▓▓▓░░░░░░░░░░░ 35.1% (334/564)
[expo-cli] iOS node_modules\expo\AppEntry.js ▓▓▓▓▓░░░░░░░░░░░ 34.6% (402/683)
[expo-cli] Android node_modules\expo\AppEntry.js ▓▓▓▓░░░░░░░░░░░░ 26.1% (320/647)
[expo-cli] Web node_modules\expo\AppEntry.js ▓▓▓▓▓░░░░░░░░░░░ 35.1% (334/564)
[expo-cli] iOS node_modules\expo\AppEntry.js ▓▓▓▓▓▓▓░░░░░░░░░ 45.4% (528/784)
[expo-cli] Android node_modules\expo\AppEntry.js ▓▓▓▓░░░░░░░░░░░░ 26.1% (320/647)
[expo-cli] Web node_modules\expo\AppEntry.js ▓▓▓▓▓░░░░░░░░░░░ 35.1% (334/564)
[expo-cli] iOS node_modules\expo\AppEntry.js ▓▓▓▓▓▓▓░░░░░░░░░ 49.7% (619/878)
[expo-cli] Android node_modules\expo\AppEntry.js ▓▓▓▓░░░░░░░░░░░░ 29.3% (357/659)
[expo-cli] Web node_modules\expo\AppEntry.js ▓▓▓▓▓░░░░░░░░░░░ 35.1% (334/564)
[expo-cli] iOS node_modules\expo\AppEntry.js ▓▓▓▓▓▓▓▓░░░░░░░░ 50.6% (625/879)
[expo-cli] Android node_modules\expo\AppEntry.js ▓▓▓▓▓▓░░░░░░░░░░ 40.6% (459/724)
[expo-cli] Web node_modules\expo\AppEntry.js ▓▓▓▓▓░░░░░░░░░░░ 35.1% (334/564)
[expo-cli] iOS node_modules\expo\AppEntry.js ▓▓▓▓▓▓▓▓░░░░░░░░ 52.9% (648/891)
[expo-cli] Android node_modules\expo\AppEntry.js ▓▓▓▓▓▓▓░░░░░░░░░ 44.2% (575/865)
[expo-cli] Web node_modules\expo\AppEntry.js ▓▓▓▓▓░░░░░░░░░░░ 36.1% (364/617)
[expo-cli] iOS node_modules\expo\AppEntry.js ▓▓▓▓▓▓▓▓░░░░░░░░ 54.5% (661/895)
[expo-cli] Android node_modules\expo\AppEntry.js ▓▓▓▓▓▓▓▓░░░░░░░░ 52.4% (645/891)
[expo-cli] Web node_modules\expo\AppEntry.js ▓▓▓▓▓▓░░░░░░░░░░ 40.4% (429/677)
[expo-cli] iOS node_modules\expo\AppEntry.js ▓▓▓▓▓▓▓▓░░░░░░░░ 54.5% (661/895)
[expo-cli] Android node_modules\expo\AppEntry.js ▓▓▓▓▓▓▓▓░░░░░░░░ 52.4% (645/891)
[expo-cli] Web node_modules\expo\AppEntry.js ▓▓▓▓▓▓▓▓░░░░░░░░ 50.4% (526/750)
[expo-cli] iOS node_modules\expo\AppEntry.js ▓▓▓▓▓▓▓▓░░░░░░░░ 54.5% (661/895)
[expo-cli] Android node_modules\expo\AppEntry.js ▓▓▓▓▓▓▓▓░░░░░░░░ 52.4% (645/891)
[expo-cli] Web node_modules\expo\AppEntry.js ▓▓▓▓▓▓▓▓░░░░░░░░ 52.5% (562/776)
[expo-cli] iOS node_modules\expo\AppEntry.js ▓▓▓▓▓▓▓▓▓░░░░░░░ 59.9% (718/965)
[expo-cli] Android node_modules\expo\AppEntry.js ▓▓▓▓▓▓▓▓░░░░░░░░ 52.4% (645/891)
[expo-cli] | [33m» [1mandroid[22m: androidStatusBar.backgroundColor: Color conflicts with the splash.backgroundColor[39m
[expo-cli] Web node_modules\expo\AppEntry.js ▓▓▓▓▓▓▓▓░░░░░░░░ 52.5% (562/776)
[expo-cli] iOS node_modules\expo\AppEntry.js ▓▓▓▓▓▓▓▓▓░░░░░░░ 60.7% ( 808/1039)
[expo-cli] Android node_modules\expo\AppEntry.js ▓▓▓▓▓▓▓▓░░░░░░░░ 52.4% (645/891)
[expo-cli] Web node_modules\expo\AppEntry.js ▓▓▓▓▓▓▓▓░░░░░░░░ 52.5% (562/776)
[expo-cli] iOS node_modules\expo\AppEntry.js ▓▓▓▓▓▓▓▓▓▓░░░░░░ 68.7% ( 879/1062)
[expo-cli] Android node_modules\expo\AppEntry.js ▓▓▓▓▓▓▓▓▓░░░░░░░ 58.0% (693/910)
[expo-cli] Web node_modules\expo\AppEntry.js ▓▓▓▓▓▓▓▓░░░░░░░░ 52.5% (562/776)
[expo-cli] iOS node_modules\expo\AppEntry.js ▓▓▓▓▓▓▓▓▓▓░░░░░░ 68.7% ( 879/1062)
[expo-cli] Android node_modules\expo\AppEntry.js ▓▓▓▓▓▓▓▓▓▓░░░░░░ 67.5% ( 822/1013)
[expo-cli] Web node_modules\expo\AppEntry.js ▓▓▓▓▓▓▓▓▓░░░░░░░ 57.7% (593/781)
[expo-cli] iOS node_modules\expo\AppEntry.js ▓▓▓▓▓▓▓▓▓▓▓░░░░░ 69.0% ( 895/1078)
[expo-cli] Android node_modules\expo\AppEntry.js ▓▓▓▓▓▓▓▓▓▓░░░░░░ 68.4% ( 876/1059)
[expo-cli] Web node_modules\expo\AppEntry.js ▓▓▓▓▓▓▓▓▓▓░░░░░░ 67.0% (687/839)
[expo-cli] iOS node_modules\expo\AppEntry.js ▓▓▓▓▓▓▓▓▓▓▓░░░░░ 69.0% ( 895/1078)
[expo-cli] Android node_modules\expo\AppEntry.js ▓▓▓▓▓▓▓▓▓▓░░░░░░ 68.4% ( 884/1071)
[expo-cli] Web node_modules\expo\AppEntry.js ▓▓▓▓▓▓▓▓▓▓▓░░░░░ 72.4% (776/923)
[expo-cli] iOS node_modules\expo\AppEntry.js ▓▓▓▓▓▓▓▓▓▓▓░░░░░ 70.0% ( 913/1095)
[expo-cli] Android node_modules\expo\AppEntry.js ▓▓▓▓▓▓▓▓▓▓░░░░░░ 68.7% ( 892/1076)
[expo-cli] Web node_modules\expo\AppEntry.js ▓▓▓▓▓▓▓▓▓▓▓░░░░░ 72.4% (776/923)
[expo-cli] iOS node_modules\expo\AppEntry.js ▓▓▓▓▓▓▓▓▓▓▓▓▓░░░ 83.6% (1057/1160)
[expo-cli] Android node_modules\expo\AppEntry.js ▓▓▓▓▓▓▓▓▓▓▓░░░░░ 68.8% ( 896/1080)
[expo-cli] Web node_modules\expo\AppEntry.js ▓▓▓▓▓▓▓▓▓▓▓░░░░░ 72.4% (776/923)
[expo-cli] iOS node_modules\expo\AppEntry.js ▓▓▓▓▓▓▓▓▓▓▓▓▓░░░ 83.6% (1062/1162)
[expo-cli] Android node_modules\expo\AppEntry.js ▓▓▓▓▓▓▓▓▓▓▓▓▓░░░ 83.3% (1038/1148)
[expo-cli] Web node_modules\expo\AppEntry.js ▓▓▓▓▓▓▓▓▓▓▓▓░░░░ 76.0% (829/951)
[expo-cli] iOS node_modules\expo\AppEntry.js ▓▓▓▓▓▓▓▓▓▓▓▓▓░░░ 85.5% (1079/1167)
[expo-cli] Android node_modules\expo\AppEntry.js ▓▓▓▓▓▓▓▓▓▓▓▓▓░░░ 85.3% (1073/1162)
[expo-cli] Web node_modules\expo\AppEntry.js ▓▓▓▓▓▓▓▓▓▓▓▓░░░░ 79.8% ( 902/1010)
[expo-cli] iOS node_modules\expo\AppEntry.js ▓▓▓▓▓▓▓▓▓▓▓▓▓░░░ 85.5% (1079/1167)
[expo-cli] Android node_modules\expo\AppEntry.js ▓▓▓▓▓▓▓▓▓▓▓▓▓░░░ 85.3% (1073/1162)
[expo-cli] Web node_modules\expo\AppEntry.js ▓▓▓▓▓▓▓▓▓▓▓▓▓░░░ 82.5% ( 921/1014)
[expo-cli] iOS node_modules\expo\AppEntry.js ▓▓▓▓▓▓▓▓▓▓▓▓▓▓▓░ 94.8% (1161/1211)
[expo-cli] Android node_modules\expo\AppEntry.js ▓▓▓▓▓▓▓▓▓▓▓▓▓▓░░ 88.0% (1101/1174)
[expo-cli] Web node_modules\expo\AppEntry.js ▓▓▓▓▓▓▓▓▓▓▓▓▓░░░ 87.1% ( 966/1058)
[expo-cli] iOS node_modules\expo\AppEntry.js ▓▓▓▓▓▓▓▓▓▓▓▓▓▓▓░ 94.8% (1166/1211)
[expo-cli] Android node_modules\expo\AppEntry.js ▓▓▓▓▓▓▓▓▓▓▓▓▓▓░░ 92.6% (1167/1213)
[expo-cli] Web node_modules\expo\AppEntry.js ▓▓▓▓▓▓▓▓▓▓▓▓▓░░░ 87.1% (1012/1105)
[expo-cli] iOS node_modules\expo\AppEntry.js ▓▓▓▓▓▓▓▓▓▓▓▓▓▓▓░ 94.8% (1170/1213)
[expo-cli] Android node_modules\expo\AppEntry.js ▓▓▓▓▓▓▓▓▓▓▓▓▓▓░░ 92.6% (1167/1213)
[expo-cli] Web node_modules\expo\AppEntry.js ▓▓▓▓▓▓▓▓▓▓▓▓▓░░░ 87.1% (1012/1105)
[expo-cli] iOS node_modules\expo\AppEntry.js ▓▓▓▓▓▓▓▓▓▓▓▓▓▓▓░ 94.8% (1212/1286)
[expo-cli] Android node_modules\expo\AppEntry.js ▓▓▓▓▓▓▓▓▓▓▓▓▓▓░░ 92.9% (1205/1271)
[expo-cli] Web node_modules\expo\AppEntry.js ▓▓▓▓▓▓▓▓▓▓▓▓▓░░░ 87.3% (1070/1149)
[expo-cli] iOS node_modules\expo\AppEntry.js ▓▓▓▓▓▓▓▓▓▓▓▓▓▓▓░ 94.8% (1212/1286)
[expo-cli] Android node_modules\expo\AppEntry.js ▓▓▓▓▓▓▓▓▓▓▓▓▓▓░░ 92.9% (1211/1285)
[expo-cli] Web node_modules\expo\AppEntry.js ▓▓▓▓▓▓▓▓▓▓▓▓▓▓░░ 88.0% (1110/1183)
[expo-cli] iOS node_modules\expo\AppEntry.js ▓▓▓▓▓▓▓▓▓▓▓▓▓▓▓░ 94.8% (1267/1346)
[expo-cli] Android node_modules\expo\AppEntry.js ▓▓▓▓▓▓▓▓▓▓▓▓▓▓░░ 92.9% (1211/1285)
[expo-cli] Web node_modules\expo\AppEntry.js ▓▓▓▓▓▓▓▓▓▓▓▓▓▓░░ 88.6% (1127/1197)
[expo-cli] iOS node_modules\expo\AppEntry.js ▓▓▓▓▓▓▓▓▓▓▓▓▓▓▓░ 94.8% (1282/1370)
[expo-cli] Android node_modules\expo\AppEntry.js ▓▓▓▓▓▓▓▓▓▓▓▓▓▓░░ 92.9% (1284/1373)
[expo-cli] Web node_modules\expo\AppEntry.js ▓▓▓▓▓▓▓▓▓▓▓▓▓▓▓░ 94.8% (1172/1204)
[expo-cli] iOS node_modules\expo\AppEntry.js ▓▓▓▓▓▓▓▓▓▓▓▓▓▓▓░ 94.8% (1282/1370)
[expo-cli] Android node_modules\expo\AppEntry.js ▓▓▓▓▓▓▓▓▓▓▓▓▓▓░░ 92.9% (1284/1373)
[expo-cli] Web node_modules\expo\AppEntry.js ▓▓▓▓▓▓▓▓▓▓▓▓▓▓▓░ 96.1% (1186/1210)
[expo-cli] iOS node_modules\expo\AppEntry.js ▓▓▓▓▓▓▓▓▓▓▓▓▓▓▓░ 94.8% (1332/1411)
[expo-cli] Android node_modules\expo\AppEntry.js ▓▓▓▓▓▓▓▓▓▓▓▓▓▓░░ 92.9% (1284/1373)
[expo-cli] Web node_modules\expo\AppEntry.js ▓▓▓▓▓▓▓▓▓▓▓▓▓▓▓░ 96.4% (1188/1210)
[expo-cli] iOS node_modules\expo\AppEntry.js ▓▓▓▓▓▓▓▓▓▓▓▓▓▓▓░ 94.8% (1370/1435)
[expo-cli] Android node_modules\expo\AppEntry.js ▓▓▓▓▓▓▓▓▓▓▓▓▓▓░░ 92.9% (1296/1384)
[expo-cli] Web node_modules\expo\AppEntry.js ▓▓▓▓▓▓▓▓▓▓▓▓▓▓▓░ 96.4% (1188/1210)
[expo-cli] iOS node_modules\expo\AppEntry.js ▓▓▓▓▓▓▓▓▓▓▓▓▓▓▓░ 94.8% (1374/1436)
[expo-cli] Android node_modules\expo\AppEntry.js ▓▓▓▓▓▓▓▓▓▓▓▓▓▓░░ 92.9% (1337/1411)
[expo-cli] Web node_modules\expo\AppEntry.js ▓▓▓▓▓▓▓▓▓▓▓▓▓▓▓░ 97.5% (1208/1234)
[expo-cli] iOS node_modules\expo\AppEntry.js ▓▓▓▓▓▓▓▓▓▓▓▓▓▓▓░ 94.8% (1395/1454)
[expo-cli] Android node_modules\expo\AppEntry.js ▓▓▓▓▓▓▓▓▓▓▓▓▓▓░░ 92.9% (1372/1436)
[expo-cli] Web node_modules\expo\AppEntry.js ▓▓▓▓▓▓▓▓▓▓▓▓▓▓▓░ 97.5% (1228/1247)
[expo-cli] iOS node_modules\expo\AppEntry.js ▓▓▓▓▓▓▓▓▓▓▓▓▓▓▓░ 94.8% (1437/1482)
[expo-cli] Android node_modules\expo\AppEntry.js ▓▓▓▓▓▓▓▓▓▓▓▓▓▓▓░ 94.3% (1434/1477)
[expo-cli] Web node_modules\expo\AppEntry.js ▓▓▓▓▓▓▓▓▓▓▓▓▓▓▓░ 97.5% (1255/1284)
[expo-cli] iOS node_modules\expo\AppEntry.js ▓▓▓▓▓▓▓▓▓▓▓▓▓▓▓░ 97.5% (1500/1528)
[expo-cli] Android node_modules\expo\AppEntry.js ▓▓▓▓▓▓▓▓▓▓▓▓▓▓▓░ 97.9% (1490/1506)
[expo-cli] Web node_modules\expo\AppEntry.js ▓▓▓▓▓▓▓▓▓▓▓▓▓▓▓░ 97.5% (1306/1325)
[expo-cli] iOS node_modules\expo\AppEntry.js ▓▓▓▓▓▓▓▓▓▓▓▓▓▓▓░ 98.2% (1538/1552)
[expo-cli] Android node_modules\expo\AppEntry.js ▓▓▓▓▓▓▓▓▓▓▓▓▓▓▓░ 97.9% (1527/1543)
[expo-cli] Web node_modules\expo\AppEntry.js ▓▓▓▓▓▓▓▓▓▓▓▓▓▓▓░ 99.9% (1336/1336)
[expo-cli] iOS node_modules\expo\AppEntry.js ▓▓▓▓▓▓▓▓▓▓▓▓▓▓▓░ 99.9% (1561/1561)
[expo-cli] Android node_modules\expo\AppEntry.js ▓▓▓▓▓▓▓▓▓▓▓▓▓▓▓░ 99.9% (1559/1561)
[expo-cli] Web node_modules\expo\AppEntry.js ▓▓▓▓▓▓▓▓▓▓▓▓▓▓▓░ 99.9% (1336/1336)
[expo-cli] iOS node_modules\expo\AppEntry.js ▓▓▓▓▓▓▓▓▓▓▓▓▓▓▓░ 99.9% (1561/1561)
[expo-cli] Android node_modules\expo\AppEntry.js ▓▓▓▓▓▓▓▓▓▓▓▓▓▓▓░ 99.9% (1560/1561)
[expo-cli] Web Bundled 201967ms node_modules\expo\AppEntry.js (1336 modules)
[expo-cli] iOS node_modules\expo\AppEntry.js ▓▓▓▓▓▓▓▓▓▓▓▓▓▓▓░ 99.9% (1561/1561)
[expo-cli] Android node_modules\expo\AppEntry.js ▓▓▓▓▓▓▓▓▓▓▓▓▓▓▓░ 99.9% (1561/1561)
[expo-cli] iOS Bundled 222044ms node_modules\expo\AppEntry.js (1561 modules)
[expo-cli] iOS node_modules\expo\AppEntry.js ▓▓▓▓▓▓▓▓▓▓▓▓▓▓▓░ 99.9% (1561/1561)
[expo-cli] Android node_modules\expo\AppEntry.js ▓▓▓▓▓▓▓▓▓▓▓▓▓▓▓░ 99.9% (1561/1561)
[expo-cli] Android node_modules\expo\AppEntry.js ▓▓▓▓▓▓▓▓▓▓▓▓▓▓▓░ 99.9% (1561/1561)
[expo-cli] Android Bundled 239576ms node_modules\expo\AppEntry.js (1561 modules)
[expo-cli] Android node_modules\expo\AppEntry.js ▓▓▓▓▓▓▓▓▓▓▓▓▓▓▓░ 99.9% (1561/1561)
[expo-cli] Creating asset map
[expo-cli] 
[expo-cli] › Assets (73):
[expo-cli] node_modules\@react-navigation\elements\lib\module\assets\back-icon-mask.0a328cd9c1afd0afe8e3b1ec5165b1b4.png (653 B)
[expo-cli] node_modules\@react-navigation\elements\lib\module\assets\back-icon-mask.png (653 B)
[expo-cli] node_modules\@react-navigation\elements\lib\module\assets\back-icon.35ba0eaec5a4f5ed12ca16fabeae451d.png (207 B)
[expo-cli] node_modules\@react-navigation\elements\lib\module\assets\back-icon.png (8 variations | 359 B)
[expo-cli] node_modules\@react-navigation\elements\lib\module\assets\clear-icon.c94f6478e7ae0cdd9f15de1fcb9e5e55.png (4 variations | 425 B)
[expo-cli] node_modules\@react-navigation\elements\lib\module\assets\clear-icon.png (4 variations | 425 B)
[expo-cli] node_modules\@react-navigation\elements\lib\module\assets\close-icon.808e1b1b9b53114ec2838071a7e6daa7.png (4 variations | 235 B)
[expo-cli] node_modules\@react-navigation\elements\lib\module\assets\close-icon.png (4 variations | 235 B)
[expo-cli] node_modules\@react-navigation\elements\lib\module\assets\search-icon.286d67d3f74808a60a78d3ebf1a5fb57.png (928 B)
[expo-cli] node_modules\@react-navigation\elements\lib\module\assets\search-icon.png (7 variations | 592 B)
[expo-cli] node_modules\expo\node_modules\@expo\vector-icons\build\vendor\react-native-vector-icons\Fonts\AntDesign.3f78af31cca60105799838a1a7a59fbd.ttf (130 kB)
[expo-cli] node_modules\expo\node_modules\@expo\vector-icons\build\vendor\react-native-vector-icons\Fonts\AntDesign.ttf (130 kB)
[expo-cli] node_modules\expo\node_modules\@expo\vector-icons\build\vendor\react-native-vector-icons\Fonts\Entypo.31b5ffea3daddc69dd01a1f3d6cf63c5.ttf (66.2 kB)
[expo-cli] node_modules\expo\node_modules\@expo\vector-icons\build\vendor\react-native-vector-icons\Fonts\Entypo.ttf (66.2 kB)
[expo-cli] node_modules\expo\node_modules\@expo\vector-icons\build\vendor\react-native-vector-icons\Fonts\EvilIcons.140c53a7643ea949007aa9a282153849.ttf (13.5 kB)
[expo-cli] node_modules\expo\node_modules\@expo\vector-icons\build\vendor\react-native-vector-icons\Fonts\EvilIcons.ttf (13.5 kB)
[expo-cli] node_modules\expo\node_modules\@expo\vector-icons\build\vendor\react-native-vector-icons\Fonts\Feather.ca4b48e04dc1ce10bfbddb262c8b835f.ttf (55.6 kB)
[expo-cli] node_modules\expo\node_modules\@expo\vector-icons\build\vendor\react-native-vector-icons\Fonts\Feather.ttf (55.6 kB)
[expo-cli] node_modules\expo\node_modules\@expo\vector-icons\build\vendor\react-native-vector-icons\Fonts\FontAwesome.b06871f281fee6b241d60582ae9369b9.ttf (166 kB)
[expo-cli] node_modules\expo\node_modules\@expo\vector-icons\build\vendor\react-native-vector-icons\Fonts\FontAwesome.ttf (166 kB)
[expo-cli] node_modules\expo\node_modules\@expo\vector-icons\build\vendor\react-native-vector-icons\Fonts\FontAwesome5_Brands.3b89dd103490708d19a95adcae52210e.ttf (134 kB)
[expo-cli] node_modules\expo\node_modules\@expo\vector-icons\build\vendor\react-native-vector-icons\Fonts\FontAwesome5_Brands.ttf (134 kB)
[expo-cli] node_modules\expo\node_modules\@expo\vector-icons\build\vendor\react-native-vector-icons\Fonts\FontAwesome5_Regular.1f77739ca9ff2188b539c36f30ffa2be.ttf (33.7 kB)
[expo-cli] node_modules\expo\node_modules\@expo\vector-icons\build\vendor\react-native-vector-icons\Fonts\FontAwesome5_Regular.ttf (33.7 kB)
[expo-cli] node_modules\expo\node_modules\@expo\vector-icons\build\vendor\react-native-vector-icons\Fonts\FontAwesome5_Solid.605ed7926cf39a2ad5ec2d1f9d391d3d.ttf (203 kB)
[expo-cli] node_modules\expo\node_modules\@expo\vector-icons\build\vendor\react-native-vector-icons\Fonts\FontAwesome5_Solid.ttf (203 kB)
[expo-cli] node_modules\expo\node_modules\@expo\vector-icons\build\vendor\react-native-vector-icons\Fonts\FontAwesome6_Brands.56c8d80832e37783f12c05db7c8849e2.ttf (209 kB)
[expo-cli] node_modules\expo\node_modules\@expo\vector-icons\build\vendor\react-native-vector-icons\Fonts\FontAwesome6_Brands.ttf (209 kB)
[expo-cli] node_modules\expo\node_modules\@expo\vector-icons\build\vendor\react-native-vector-icons\Fonts\FontAwesome6_Regular.370dd5af19f8364907b6e2c41f45dbbf.ttf (68 kB)
[expo-cli] node_modules\expo\node_modules\@expo\vector-icons\build\vendor\react-native-vector-icons\Fonts\FontAwesome6_Regular.ttf (68 kB)
[expo-cli] node_modules\expo\node_modules\@expo\vector-icons\build\vendor\react-native-vector-icons\Fonts\FontAwesome6_Solid.adec7d6f310bc577f05e8fe06a5daccf.ttf (424 kB)
[expo-cli] node_modules\expo\node_modules\@expo\vector-icons\build\vendor\react-native-vector-icons\Fonts\FontAwesome6_Solid.ttf (424 kB)
[expo-cli] node_modules\expo\node_modules\@expo\vector-icons\build\vendor\react-native-vector-icons\Fonts\Fontisto.b49ae8ab2dbccb02c4d11caaacf09eab.ttf (314 kB)
[expo-cli] node_modules\expo\node_modules\@expo\vector-icons\build\vendor\react-native-vector-icons\Fonts\Fontisto.ttf (314 kB)
[expo-cli] node_modules\expo\node_modules\@expo\vector-icons\build\vendor\react-native-vector-icons\Fonts\Foundation.e20945d7c929279ef7a6f1db184a4470.ttf (57 kB)
[expo-cli] node_modules\expo\node_modules\@expo\vector-icons\build\vendor\react-native-vector-icons\Fonts\Foundation.ttf (57 kB)
[expo-cli] node_modules\expo\node_modules\@expo\vector-icons\build\vendor\react-native-vector-icons\Fonts\Ionicons.b4eb097d35f44ed943676fd56f6bdc51.ttf (390 kB)
[expo-cli] node_modules\expo\node_modules\@expo\vector-icons\build\vendor\react-native-vector-icons\Fonts\Ionicons.ttf (390 kB)
[expo-cli] node_modules\expo\node_modules\@expo\vector-icons\build\vendor\react-native-vector-icons\Fonts\MaterialCommunityIcons.6e435534bd35da5fef04168860a9b8fa.ttf (1.31 MB)
[expo-cli] node_modules\expo\node_modules\@expo\vector-icons\build\vendor\react-native-vector-icons\Fonts\MaterialCommunityIcons.ttf (1.31 MB)
[expo-cli] node_modules\expo\node_modules\@expo\vector-icons\build\vendor\react-native-vector-icons\Fonts\MaterialIcons.4e85bc9ebe07e0340c9c4fc2f6c38908.ttf (357 kB)
[expo-cli] node_modules\expo\node_modules\@expo\vector-icons\build\vendor\react-native-vector-icons\Fonts\MaterialIcons.ttf (357 kB)
[expo-cli] node_modules\expo\node_modules\@expo\vector-icons\build\vendor\react-native-vector-icons\Fonts\Octicons.871378c6eab492a3e689a9385dc45a12.ttf (69.4 kB)
[expo-cli] node_modules\expo\node_modules\@expo\vector-icons\build\vendor\react-native-vector-icons\Fonts\Octicons.ttf (69.4 kB)
[expo-cli] node_modules\expo\node_modules\@expo\vector-icons\build\vendor\react-native-vector-icons\Fonts\SimpleLineIcons.d2285965fe34b05465047401b8595dd0.ttf (54.1 kB)
[expo-cli] node_modules\expo\node_modules\@expo\vector-icons\build\vendor\react-native-vector-icons\Fonts\SimpleLineIcons.ttf (54.1 kB)
[expo-cli] node_modules\expo\node_modules\@expo\vector-icons\build\vendor\react-native-vector-icons\Fonts\Zocial.1681f34aaca71b8dfb70756bca331eb2.ttf (25.8 kB)
[expo-cli] node_modules\expo\node_modules\@expo\vector-icons\build\vendor\react-native-vector-icons\Fonts\Zocial.ttf (25.8 kB)
[expo-cli] 
[expo-cli] › web bundles (6):
[expo-cli] _expo/static/js/web/AppEntry-eb8a5dfb6b96d0f29462c357b75258d8.js (3 MB)
[expo-cli] _expo/static/js/web/AppEntry-eb8a5dfb6b96d0f29462c357b75258d8.js.map (8.79 MB)
[expo-cli] _expo/static/js/web/index-3c684ecdfcc69a0b8a2cc9420c0dd51c.js (12.7 kB)
[expo-cli] _expo/static/js/web/index-3c684ecdfcc69a0b8a2cc9420c0dd51c.js.map (58.8 kB)
[expo-cli] _expo/static/js/web/ScreenCapture-dd2f4f34462747cc28436a8e32dc990f.js (2.48 kB)
[expo-cli] _expo/static/js/web/ScreenCapture-dd2f4f34462747cc28436a8e32dc990f.js.map (12.5 kB)
[expo-cli] 
[expo-cli] › ios bundles (2):
[expo-cli] _expo/static/js/ios/AppEntry-dadadc37b13684bbdabf1bfc6ec4af7c.hbc (3.35 MB)
[expo-cli] _expo/static/js/ios/AppEntry-dadadc37b13684bbdabf1bfc6ec4af7c.hbc.map (9.61 MB)
[expo-cli] 
[expo-cli] › android bundles (2):
[expo-cli] _expo/static/js/android/AppEntry-3c7e38fd6a3b52bc2feaab8220db40b1.hbc (3.36 MB)
[expo-cli] _expo/static/js/android/AppEntry-3c7e38fd6a3b52bc2feaab8220db40b1.hbc.map (9.65 MB)
[expo-cli] 
[expo-cli] › Files (4):
[expo-cli] assetmap.json (19.4 kB)
[expo-cli] favicon.ico (14.5 kB)
[expo-cli] index.html (1.22 kB)
[expo-cli] metadata.json (5.11 kB)
[expo-cli] 
[expo-cli] Exported: dist
✔ Exported bundle(s)
- Uploading...
- Uploading assetmap.json (0 / 19.0 KB)
✔ Uploaded assetmap.json 
√ Uploaded 2 app bundles
√ Uploading assets skipped - no new assets found
i 39 iOS assets, 39 Android assets (maximum: 2000 total per update). Learn more about asset limits: https://expo.fyi/eas-update-asset-limits
Skipping project fingerprints
- Publishing...
✔ Published!

Branch             production
Runtime version    1.8.0
Platform           android, ios
Update group ID    aa601190-e30b-4be4-b97f-23d6359c414c
Android update ID  019f34bd-72cf-71df-b6d1-0dc886d2a3e9
iOS update ID      019f34bd-72cf-7835-8172-0f0e7395f48e
Message            fix(subscription): immediate revocation visibility runtime 1.8.0
Commit             2aea67d8e277c449b338087b7dd7e37164d9208d*
EAS Dashboard      https://expo.dev/accounts/isamu_123/projects/osmani-tv/updates/aa601190-e30b-4be4-b97f-23d6359c414c

npm warn Unknown env config "devdir". This will stop working in the next major version of npm.


=== OTA runtime 1.8.1 ===
No environment variables with visibility "Plain text" and "Sensitive" found for the "production" environment on EAS.

- Exporting...
[expo-cli] --non-interactive is not supported, use $CI=1 instead
[expo-cli] » android: androidStatusBar.backgroundColor: Color conflicts with the splash.backgroundColor
[expo-cli] » android: androidStatusBar.backgroundColor: Color conflicts with the splash.backgroundColor
[expo-cli] » android: androidStatusBar.backgroundColor: Color conflicts with the splash.backgroundColor
[expo-cli] » android: androidStatusBar.backgroundColor: Color conflicts with the splash.backgroundColor
[expo-cli] » android: androidStatusBar.backgroundColor: Color conflicts with the splash.backgroundColor
[expo-cli] Starting Metro Bundler
[expo-cli] warning: Bundler cache is empty, rebuilding (this may take a minute)
[expo-cli] Web node_modules\expo\AppEntry.js ░░░░░░░░░░░░░░░░  0.0% (0/1)
[expo-cli] iOS node_modules\expo\AppEntry.js ░░░░░░░░░░░░░░░░  0.0% (0/1)
[expo-cli] Android node_modules\expo\AppEntry.js ░░░░░░░░░░░░░░░░  0.0% (0/1)
[expo-cli] | (node:14544) Warning: The 'NO_COLOR' env is ignored due to the 'FORCE_COLOR' env being set.
[expo-cli] | (Use `node --trace-warnings ...` to show where the warning was created)
[expo-cli] Web node_modules\expo\AppEntry.js ░░░░░░░░░░░░░░░░  1.0% (1/1)
[expo-cli] iOS node_modules\expo\AppEntry.js ░░░░░░░░░░░░░░░░  1.0% (1/3)
[expo-cli] Android node_modules\expo\AppEntry.js ░░░░░░░░░░░░░░░░  1.0% (1/3)
[expo-cli] | (node:23156) Warning: The 'NO_COLOR' env is ignored due to the 'FORCE_COLOR' env being set.
[expo-cli] | (Use `node --trace-warnings ...` to show where the warning was created)
[expo-cli] | (node:10168) Warning: The 'NO_COLOR' env is ignored due to the 'FORCE_COLOR' env being set.
[expo-cli] Web node_modules\expo\AppEntry.js ░░░░░░░░░░░░░░░░  4.0% (2/3)
[expo-cli] iOS node_modules\expo\AppEntry.js ▓▓▓░░░░░░░░░░░░░ 19.1% (15/52)
[expo-cli] Android node_modules\expo\AppEntry.js ░░░░░░░░░░░░░░░░  4.0% (2/5)
[expo-cli] | (Use `node --trace-warnings ...` to show where the warning was created)
[expo-cli] Web node_modules\expo\AppEntry.js ▓▓░░░░░░░░░░░░░░ 16.0% (4/9)
[expo-cli] iOS node_modules\expo\AppEntry.js ▓▓▓▓▓░░░░░░░░░░░ 37.4% ( 64/157)
[expo-cli] Android node_modules\expo\AppEntry.js ░░░░░░░░░░░░░░░░  4.0% (2/5)
[expo-cli] Web node_modules\expo\AppEntry.js ▓▓▓▓▓▓▓░░░░░░░░░ 44.4% (10/15)
[expo-cli] iOS node_modules\expo\AppEntry.js ▓▓▓▓▓░░░░░░░░░░░ 37.4% ( 89/257)
[expo-cli] Android node_modules\expo\AppEntry.js ▓▓▓░░░░░░░░░░░░░ 19.1% ( 7/16)
[expo-cli] | (node:5996) Warning: The 'NO_COLOR' env is ignored due to the 'FORCE_COLOR' env being set.
[expo-cli] | (Use `node --trace-warnings ...` to show where the warning was created)
[expo-cli] | (node:3156) Warning: The 'NO_COLOR' env is ignored due to the 'FORCE_COLOR' env being set.
[expo-cli] | (Use `node --trace-warnings ...` to show where the warning was created)
[expo-cli] | (node:25240) Warning: The 'NO_COLOR' env is ignored due to the 'FORCE_COLOR' env being set.
[expo-cli] | (Use `node --trace-warnings ...` to show where the warning was created)
[expo-cli] | (node:24480) Warning: The 'NO_COLOR' env is ignored due to the 'FORCE_COLOR' env being set.
[expo-cli] | (Use `node --trace-warnings ...` to show where the warning was created)
[expo-cli] | (node:24528) Warning: The 'NO_COLOR' env is ignored due to the 'FORCE_COLOR' env being set.
[expo-cli] | (Use `node --trace-warnings ...` to show where the warning was created)
[expo-cli] Web node_modules\expo\AppEntry.js ▓▓▓▓▓▓▓░░░░░░░░░ 44.4% (11/21)
[expo-cli] iOS node_modules\expo\AppEntry.js ▓▓▓▓▓░░░░░░░░░░░ 37.4% (101/351)
[expo-cli] Android node_modules\expo\AppEntry.js ▓▓▓░░░░░░░░░░░░░ 20.3% ( 12/107)
[expo-cli] Web node_modules\expo\AppEntry.js ▓▓▓▓▓▓▓░░░░░░░░░ 44.4% (11/21)
[expo-cli] iOS node_modules\expo\AppEntry.js ▓▓▓▓▓░░░░░░░░░░░ 37.4% (127/403)
[expo-cli] Android node_modules\expo\AppEntry.js ▓▓▓░░░░░░░░░░░░░ 20.3% ( 13/108)
[expo-cli] Web node_modules\expo\AppEntry.js ▓▓▓▓▓▓▓░░░░░░░░░ 44.4% ( 18/108)
[expo-cli] iOS node_modules\expo\AppEntry.js ▓▓▓▓▓░░░░░░░░░░░ 37.4% (166/440)
[expo-cli] Android node_modules\expo\AppEntry.js ▓▓▓░░░░░░░░░░░░░ 20.3% ( 15/187)
[expo-cli] Web node_modules\expo\AppEntry.js ▓▓▓▓▓▓▓░░░░░░░░░ 44.4% ( 20/115)
[expo-cli] iOS node_modules\expo\AppEntry.js ▓▓▓▓▓░░░░░░░░░░░ 37.4% (250/598)
[expo-cli] Android node_modules\expo\AppEntry.js ▓▓▓░░░░░░░░░░░░░ 20.3% ( 15/187)
[expo-cli] Web node_modules\expo\AppEntry.js ▓▓▓▓▓▓▓░░░░░░░░░ 44.4% ( 20/115)
[expo-cli] iOS node_modules\expo\AppEntry.js ▓▓▓▓▓░░░░░░░░░░░ 37.4% (301/663)
[expo-cli] Android node_modules\expo\AppEntry.js ▓▓▓░░░░░░░░░░░░░ 20.3% ( 15/187)
[expo-cli] Web node_modules\expo\AppEntry.js ▓▓▓▓▓▓▓░░░░░░░░░ 44.4% ( 37/170)
[expo-cli] iOS node_modules\expo\AppEntry.js ▓▓▓▓▓░░░░░░░░░░░ 37.4% (346/704)
[expo-cli] Android node_modules\expo\AppEntry.js ▓▓▓░░░░░░░░░░░░░ 20.3% ( 19/212)
[expo-cli] Web node_modules\expo\AppEntry.js ▓▓▓▓▓▓▓░░░░░░░░░ 44.4% ( 55/203)
[expo-cli] iOS node_modules\expo\AppEntry.js ▓▓▓▓▓░░░░░░░░░░░ 37.4% (346/704)
[expo-cli] Android node_modules\expo\AppEntry.js ▓▓▓░░░░░░░░░░░░░ 20.3% ( 19/212)
[expo-cli] Web node_modules\expo\AppEntry.js ▓▓▓▓▓▓▓░░░░░░░░░ 44.4% ( 98/301)
[expo-cli] iOS node_modules\expo\AppEntry.js ▓▓▓▓▓░░░░░░░░░░░ 37.4% (346/704)
[expo-cli] Android node_modules\expo\AppEntry.js ▓▓▓░░░░░░░░░░░░░ 20.3% ( 19/212)
[expo-cli] Web node_modules\expo\AppEntry.js ▓▓▓▓▓▓▓░░░░░░░░░ 44.4% (101/317)
[expo-cli] iOS node_modules\expo\AppEntry.js ▓▓▓▓▓░░░░░░░░░░░ 37.4% (356/708)
[expo-cli] Android node_modules\expo\AppEntry.js ▓▓▓░░░░░░░░░░░░░ 20.3% (107/319)
[expo-cli] Web node_modules\expo\AppEntry.js ▓▓▓▓▓▓▓░░░░░░░░░ 44.4% (101/317)
[expo-cli] iOS node_modules\expo\AppEntry.js ▓▓▓▓▓░░░░░░░░░░░ 37.4% (371/713)
[expo-cli] Android node_modules\expo\AppEntry.js ▓▓▓░░░░░░░░░░░░░ 20.3% (166/470)
[expo-cli] Web node_modules\expo\AppEntry.js ▓▓▓▓▓▓▓░░░░░░░░░ 44.4% (103/335)
[expo-cli] iOS node_modules\expo\AppEntry.js ▓▓▓▓▓░░░░░░░░░░░ 37.4% (431/748)
[expo-cli] Android node_modules\expo\AppEntry.js ▓▓▓░░░░░░░░░░░░░ 20.3% (174/478)
[expo-cli] Web node_modules\expo\AppEntry.js ▓▓▓▓▓▓▓░░░░░░░░░ 44.4% (114/346)
[expo-cli] iOS node_modules\expo\AppEntry.js ▓▓▓▓▓▓░░░░░░░░░░ 41.2% (508/791)
[expo-cli] Android node_modules\expo\AppEntry.js ▓▓▓░░░░░░░░░░░░░ 20.3% (192/507)
[expo-cli] Web node_modules\expo\AppEntry.js ▓▓▓▓▓▓▓░░░░░░░░░ 44.4% (114/346)
[expo-cli] iOS node_modules\expo\AppEntry.js ▓▓▓▓▓▓▓░░░░░░░░░ 47.1% (615/903)
[expo-cli] Android node_modules\expo\AppEntry.js ▓▓▓░░░░░░░░░░░░░ 20.3% (192/507)
[expo-cli] Web node_modules\expo\AppEntry.js ▓▓▓▓▓▓▓░░░░░░░░░ 44.4% (129/352)
[expo-cli] iOS node_modules\expo\AppEntry.js ▓▓▓▓▓▓▓░░░░░░░░░ 49.6% (703/998)
[expo-cli] Android node_modules\expo\AppEntry.js ▓▓▓░░░░░░░░░░░░░ 20.3% (216/528)
[expo-cli] Web node_modules\expo\AppEntry.js ▓▓▓▓▓▓▓░░░░░░░░░ 44.4% (198/441)
[expo-cli] iOS node_modules\expo\AppEntry.js ▓▓▓▓▓▓▓░░░░░░░░░ 49.6% (703/998)
[expo-cli] Android node_modules\expo\AppEntry.js ▓▓▓░░░░░░░░░░░░░ 20.3% (216/528)
[expo-cli] Web node_modules\expo\AppEntry.js ▓▓▓▓▓▓▓░░░░░░░░░ 44.4% (255/461)
[expo-cli] iOS node_modules\expo\AppEntry.js ▓▓▓▓▓▓▓░░░░░░░░░ 49.6% (703/998)
[expo-cli] Android node_modules\expo\AppEntry.js ▓▓▓░░░░░░░░░░░░░ 20.3% (216/528)
[expo-cli] Web node_modules\expo\AppEntry.js ▓▓▓▓▓▓▓░░░░░░░░░ 44.4% (328/565)
[expo-cli] iOS node_modules\expo\AppEntry.js ▓▓▓▓▓▓▓░░░░░░░░░ 49.6% (703/998)
[expo-cli] Android node_modules\expo\AppEntry.js ▓▓▓░░░░░░░░░░░░░ 20.3% (253/565)
[expo-cli] Web node_modules\expo\AppEntry.js ▓▓▓▓▓▓▓░░░░░░░░░ 44.4% (328/565)
[expo-cli] iOS node_modules\expo\AppEntry.js ▓▓▓▓▓▓▓▓░░░░░░░░ 51.0% ( 717/1004)
[expo-cli] Android node_modules\expo\AppEntry.js ▓▓▓▓░░░░░░░░░░░░ 27.5% (386/741)
[expo-cli] Web node_modules\expo\AppEntry.js ▓▓▓▓▓▓▓░░░░░░░░░ 44.4% (337/567)
[expo-cli] iOS node_modules\expo\AppEntry.js ▓▓▓▓▓▓▓▓░░░░░░░░ 53.8% ( 742/1012)
[expo-cli] Android node_modules\expo\AppEntry.js ▓▓▓▓▓░░░░░░░░░░░ 33.7% (477/822)
[expo-cli] Web node_modules\expo\AppEntry.js ▓▓▓▓▓▓▓░░░░░░░░░ 44.4% (342/571)
[expo-cli] iOS node_modules\expo\AppEntry.js ▓▓▓▓▓▓▓▓▓▓░░░░░░ 66.6% ( 852/1044)
[expo-cli] Android node_modules\expo\AppEntry.js ▓▓▓▓▓░░░░░░░░░░░ 37.1% (505/829)
[expo-cli] Web node_modules\expo\AppEntry.js ▓▓▓▓▓▓▓░░░░░░░░░ 44.4% (342/571)
[expo-cli] iOS node_modules\expo\AppEntry.js ▓▓▓▓▓▓▓▓▓▓▓▓░░░░ 76.6% ( 962/1099)
[expo-cli] Android node_modules\expo\AppEntry.js ▓▓▓▓▓▓░░░░░░░░░░ 38.3% (518/837)
[expo-cli] Web node_modules\expo\AppEntry.js ▓▓▓▓▓▓▓░░░░░░░░░ 44.4% (387/624)
[expo-cli] iOS node_modules\expo\AppEntry.js ▓▓▓▓▓▓▓▓▓▓▓▓░░░░ 80.4% (1000/1115)
[expo-cli] Android node_modules\expo\AppEntry.js ▓▓▓▓▓▓░░░░░░░░░░ 39.2% (529/845)
[expo-cli] Web node_modules\expo\AppEntry.js ▓▓▓▓▓▓▓░░░░░░░░░ 44.4% (461/703)
[expo-cli] iOS node_modules\expo\AppEntry.js ▓▓▓▓▓▓▓▓▓▓▓▓░░░░ 80.4% (1000/1115)
[expo-cli] Android node_modules\expo\AppEntry.js ▓▓▓▓▓▓░░░░░░░░░░ 39.2% (529/845)
[expo-cli] | [33m» [1mandroid[22m: androidStatusBar.backgroundColor: Color conflicts with the splash.backgroundColor[39m
[expo-cli] Web node_modules\expo\AppEntry.js ▓▓▓▓▓▓▓▓░░░░░░░░ 51.4% (523/730)
[expo-cli] iOS node_modules\expo\AppEntry.js ▓▓▓▓▓▓▓▓▓▓▓▓░░░░ 80.4% (1000/1115)
[expo-cli] Android node_modules\expo\AppEntry.js ▓▓▓▓▓▓░░░░░░░░░░ 39.2% (529/845)
[expo-cli] Web node_modules\expo\AppEntry.js ▓▓▓▓▓▓▓▓░░░░░░░░ 52.5% (549/758)
[expo-cli] iOS node_modules\expo\AppEntry.js ▓▓▓▓▓▓▓▓▓▓▓▓░░░░ 80.4% (1000/1115)
[expo-cli] Android node_modules\expo\AppEntry.js ▓▓▓▓▓▓▓░░░░░░░░░ 49.5% (610/867)
[expo-cli] Web node_modules\expo\AppEntry.js ▓▓▓▓▓▓▓▓░░░░░░░░ 52.8% (552/760)
[expo-cli] iOS node_modules\expo\AppEntry.js ▓▓▓▓▓▓▓▓▓▓▓▓░░░░ 80.4% (1006/1123)
[expo-cli] Android node_modules\expo\AppEntry.js ▓▓▓▓▓▓▓▓▓░░░░░░░ 61.9% (741/942)
[expo-cli] Web node_modules\expo\AppEntry.js ▓▓▓▓▓▓▓▓░░░░░░░░ 52.8% (571/786)
[expo-cli] iOS node_modules\expo\AppEntry.js ▓▓▓▓▓▓▓▓▓▓▓▓▓░░░ 82.7% (1061/1167)
[expo-cli] Android node_modules\expo\AppEntry.js ▓▓▓▓▓▓▓▓▓▓░░░░░░ 63.3% ( 806/1021)
[expo-cli] Web node_modules\expo\AppEntry.js ▓▓▓▓▓▓▓▓░░░░░░░░ 54.0% (597/815)
[expo-cli] iOS node_modules\expo\AppEntry.js ▓▓▓▓▓▓▓▓▓▓▓▓▓▓░░ 89.8% (1119/1181)
[expo-cli] Android node_modules\expo\AppEntry.js ▓▓▓▓▓▓▓▓▓▓░░░░░░ 64.0% ( 828/1037)
[expo-cli] Web node_modules\expo\AppEntry.js ▓▓▓▓▓▓▓▓▓░░░░░░░ 59.9% (681/881)
[expo-cli] iOS node_modules\expo\AppEntry.js ▓▓▓▓▓▓▓▓▓▓▓▓▓▓░░ 89.8% (1119/1181)
[expo-cli] Android node_modules\expo\AppEntry.js ▓▓▓▓▓▓▓▓▓▓░░░░░░ 64.1% ( 843/1055)
[expo-cli] Web node_modules\expo\AppEntry.js ▓▓▓▓▓▓▓▓▓▓░░░░░░ 68.4% (746/902)
[expo-cli] iOS node_modules\expo\AppEntry.js ▓▓▓▓▓▓▓▓▓▓▓▓▓▓░░ 89.9% (1120/1181)
[expo-cli] Android node_modules\expo\AppEntry.js ▓▓▓▓▓▓▓▓▓▓░░░░░░ 66.3% ( 868/1066)
[expo-cli] Web node_modules\expo\AppEntry.js ▓▓▓▓▓▓▓▓▓▓▓░░░░░ 69.5% (771/925)
[expo-cli] iOS node_modules\expo\AppEntry.js ▓▓▓▓▓▓▓▓▓▓▓▓▓▓░░ 89.9% (1120/1181)
[expo-cli] Android node_modules\expo\AppEntry.js ▓▓▓▓▓▓▓▓▓▓▓▓░░░░ 77.6% ( 964/1094)
[expo-cli] Web node_modules\expo\AppEntry.js ▓▓▓▓▓▓▓▓▓▓▓░░░░░ 69.5% (771/925)
[expo-cli] iOS node_modules\expo\AppEntry.js ▓▓▓▓▓▓▓▓▓▓▓▓▓▓░░ 89.9% (1163/1252)
[expo-cli] Android node_modules\expo\AppEntry.js ▓▓▓▓▓▓▓▓▓▓▓▓░░░░ 78.0% ( 985/1116)
[expo-cli] Web node_modules\expo\AppEntry.js ▓▓▓▓▓▓▓▓▓▓▓▓░░░░ 75.0% (824/952)
[expo-cli] iOS node_modules\expo\AppEntry.js ▓▓▓▓▓▓▓▓▓▓▓▓▓▓░░ 89.9% (1181/1263)
[expo-cli] Android node_modules\expo\AppEntry.js ▓▓▓▓▓▓▓▓▓▓▓▓▓░░░ 81.9% (1026/1134)
[expo-cli] Web node_modules\expo\AppEntry.js ▓▓▓▓▓▓▓▓▓▓▓▓▓░░░ 82.6% (895/985)
[expo-cli] iOS node_modules\expo\AppEntry.js ▓▓▓▓▓▓▓▓▓▓▓▓▓▓░░ 89.9% (1182/1264)
[expo-cli] Android node_modules\expo\AppEntry.js ▓▓▓▓▓▓▓▓▓▓▓▓▓░░░ 84.8% (1049/1139)
[expo-cli] Web node_modules\expo\AppEntry.js ▓▓▓▓▓▓▓▓▓▓▓▓▓░░░ 82.8% ( 929/1033)
[expo-cli] iOS node_modules\expo\AppEntry.js ▓▓▓▓▓▓▓▓▓▓▓▓▓▓░░ 89.9% (1216/1302)
[expo-cli] Android node_modules\expo\AppEntry.js ▓▓▓▓▓▓▓▓▓▓▓▓▓░░░ 85.5% (1093/1197)
[expo-cli] Web node_modules\expo\AppEntry.js ▓▓▓▓▓▓▓▓▓▓▓▓▓░░░ 84.6% ( 960/1044)
[expo-cli] iOS node_modules\expo\AppEntry.js ▓▓▓▓▓▓▓▓▓▓▓▓▓▓░░ 89.9% (1263/1338)
[expo-cli] Android node_modules\expo\AppEntry.js ▓▓▓▓▓▓▓▓▓▓▓▓▓▓░░ 88.9% (1134/1203)
[expo-cli] Web node_modules\expo\AppEntry.js ▓▓▓▓▓▓▓▓▓▓▓▓▓░░░ 86.2% (1009/1114)
[expo-cli] iOS node_modules\expo\AppEntry.js ▓▓▓▓▓▓▓▓▓▓▓▓▓▓░░ 89.9% (1266/1340)
[expo-cli] Android node_modules\expo\AppEntry.js ▓▓▓▓▓▓▓▓▓▓▓▓▓▓░░ 90.9% (1152/1208)
[expo-cli] Web node_modules\expo\AppEntry.js ▓▓▓▓▓▓▓▓▓▓▓▓▓░░░ 86.2% (1032/1118)
[expo-cli] iOS node_modules\expo\AppEntry.js ▓▓▓▓▓▓▓▓▓▓▓▓▓▓░░ 89.9% (1287/1368)
[expo-cli] Android node_modules\expo\AppEntry.js ▓▓▓▓▓▓▓▓▓▓▓▓▓▓░░ 91.9% (1196/1271)
[expo-cli] Web node_modules\expo\AppEntry.js ▓▓▓▓▓▓▓▓▓▓▓▓▓░░░ 86.2% (1032/1118)
[expo-cli] iOS node_modules\expo\AppEntry.js ▓▓▓▓▓▓▓▓▓▓▓▓▓▓░░ 93.3% (1334/1381)
[expo-cli] Android node_modules\expo\AppEntry.js ▓▓▓▓▓▓▓▓▓▓▓▓▓▓░░ 91.9% (1197/1271)
[expo-cli] Web node_modules\expo\AppEntry.js ▓▓▓▓▓▓▓▓▓▓▓▓▓▓░░ 89.0% (1095/1161)
[expo-cli] iOS node_modules\expo\AppEntry.js ▓▓▓▓▓▓▓▓▓▓▓▓▓▓▓░ 93.9% (1339/1393)
[expo-cli] Android node_modules\expo\AppEntry.js ▓▓▓▓▓▓▓▓▓▓▓▓▓▓░░ 91.9% (1205/1272)
[expo-cli] Web node_modules\expo\AppEntry.js ▓▓▓▓▓▓▓▓▓▓▓▓▓▓░░ 89.3% (1117/1189)
[expo-cli] iOS node_modules\expo\AppEntry.js ▓▓▓▓▓▓▓▓▓▓▓▓▓▓▓░ 93.9% (1346/1409)
[expo-cli] Android node_modules\expo\AppEntry.js ▓▓▓▓▓▓▓▓▓▓▓▓▓▓░░ 92.2% (1258/1314)
[expo-cli] Web node_modules\expo\AppEntry.js ▓▓▓▓▓▓▓▓▓▓▓▓▓▓░░ 92.8% (1163/1207)
[expo-cli] iOS node_modules\expo\AppEntry.js ▓▓▓▓▓▓▓▓▓▓▓▓▓▓▓░ 93.9% (1389/1439)
[expo-cli] Android node_modules\expo\AppEntry.js ▓▓▓▓▓▓▓▓▓▓▓▓▓▓░░ 92.2% (1271/1342)
[expo-cli] Web node_modules\expo\AppEntry.js ▓▓▓▓▓▓▓▓▓▓▓▓▓▓▓░ 95.9% (1184/1209)
[expo-cli] iOS node_modules\expo\AppEntry.js ▓▓▓▓▓▓▓▓▓▓▓▓▓▓▓░ 93.9% (1399/1457)
[expo-cli] Android node_modules\expo\AppEntry.js ▓▓▓▓▓▓▓▓▓▓▓▓▓▓░░ 92.2% (1296/1379)
[expo-cli] Web node_modules\expo\AppEntry.js ▓▓▓▓▓▓▓▓▓▓▓▓▓▓▓░ 96.6% (1189/1210)
[expo-cli] iOS node_modules\expo\AppEntry.js ▓▓▓▓▓▓▓▓▓▓▓▓▓▓▓░ 93.9% (1424/1471)
[expo-cli] Android node_modules\expo\AppEntry.js ▓▓▓▓▓▓▓▓▓▓▓▓▓▓░░ 92.2% (1344/1412)
[expo-cli] Web node_modules\expo\AppEntry.js ▓▓▓▓▓▓▓▓▓▓▓▓▓▓▓░ 98.2% (1207/1225)
[expo-cli] iOS node_modules\expo\AppEntry.js ▓▓▓▓▓▓▓▓▓▓▓▓▓▓▓░ 94.6% (1464/1519)
[expo-cli] Android node_modules\expo\AppEntry.js ▓▓▓▓▓▓▓▓▓▓▓▓▓▓░░ 92.2% (1397/1461)
[expo-cli] Web node_modules\expo\AppEntry.js ▓▓▓▓▓▓▓▓▓▓▓▓▓▓▓░ 98.2% (1229/1253)
[expo-cli] iOS node_modules\expo\AppEntry.js ▓▓▓▓▓▓▓▓▓▓▓▓▓▓▓░ 96.7% (1523/1551)
[expo-cli] Android node_modules\expo\AppEntry.js ▓▓▓▓▓▓▓▓▓▓▓▓▓▓▓░ 94.9% (1460/1499)
[expo-cli] Web node_modules\expo\AppEntry.js ▓▓▓▓▓▓▓▓▓▓▓▓▓▓▓░ 98.2% (1301/1325)
[expo-cli] iOS node_modules\expo\AppEntry.js ▓▓▓▓▓▓▓▓▓▓▓▓▓▓▓░ 99.9% (1554/1554)
[expo-cli] Android node_modules\expo\AppEntry.js ▓▓▓▓▓▓▓▓▓▓▓▓▓▓▓░ 97.9% (1529/1545)
[expo-cli] Web node_modules\expo\AppEntry.js ▓▓▓▓▓▓▓▓▓▓▓▓▓▓▓░ 99.9% (1335/1336)
[expo-cli] iOS node_modules\expo\AppEntry.js ▓▓▓▓▓▓▓▓▓▓▓▓▓▓▓░ 99.9% (1561/1561)
[expo-cli] Android node_modules\expo\AppEntry.js ▓▓▓▓▓▓▓▓▓▓▓▓▓▓▓░ 99.9% (1560/1561)
[expo-cli] Web node_modules\expo\AppEntry.js ▓▓▓▓▓▓▓▓▓▓▓▓▓▓▓░ 99.9% (1336/1336)
[expo-cli] iOS node_modules\expo\AppEntry.js ▓▓▓▓▓▓▓▓▓▓▓▓▓▓▓░ 99.9% (1561/1561)
[expo-cli] Android node_modules\expo\AppEntry.js ▓▓▓▓▓▓▓▓▓▓▓▓▓▓▓░ 99.9% (1560/1561)
[expo-cli] Web node_modules\expo\AppEntry.js ▓▓▓▓▓▓▓▓▓▓▓▓▓▓▓░ 99.9% (1336/1336)
[expo-cli] iOS node_modules\expo\AppEntry.js ▓▓▓▓▓▓▓▓▓▓▓▓▓▓▓░ 99.9% (1561/1561)
[expo-cli] Android node_modules\expo\AppEntry.js ▓▓▓▓▓▓▓▓▓▓▓▓▓▓▓░ 99.9% (1561/1561)
[expo-cli] Web Bundled 200085ms node_modules\expo\AppEntry.js (1336 modules)
[expo-cli] Web node_modules\expo\AppEntry.js ▓▓▓▓▓▓▓▓▓▓▓▓▓▓▓░ 99.9% (1336/1336)
[expo-cli] iOS node_modules\expo\AppEntry.js ▓▓▓▓▓▓▓▓▓▓▓▓▓▓▓░ 99.9% (1561/1561)
[expo-cli] Android node_modules\expo\AppEntry.js ▓▓▓▓▓▓▓▓▓▓▓▓▓▓▓░ 99.9% (1561/1561)
[expo-cli] iOS node_modules\expo\AppEntry.js ▓▓▓▓▓▓▓▓▓▓▓▓▓▓▓░ 99.9% (1561/1561)
[expo-cli] Android node_modules\expo\AppEntry.js ▓▓▓▓▓▓▓▓▓▓▓▓▓▓▓░ 99.9% (1561/1561)
[expo-cli] iOS Bundled 212224ms node_modules\expo\AppEntry.js (1561 modules)
[expo-cli] iOS node_modules\expo\AppEntry.js ▓▓▓▓▓▓▓▓▓▓▓▓▓▓▓░ 99.9% (1561/1561)
[expo-cli] Android node_modules\expo\AppEntry.js ▓▓▓▓▓▓▓▓▓▓▓▓▓▓▓░ 99.9% (1561/1561)
[expo-cli] Android node_modules\expo\AppEntry.js ▓▓▓▓▓▓▓▓▓▓▓▓▓▓▓░ 99.9% (1561/1561)
[expo-cli] Android Bundled 229897ms node_modules\expo\AppEntry.js (1561 modules)
[expo-cli] Android node_modules\expo\AppEntry.js ▓▓▓▓▓▓▓▓▓▓▓▓▓▓▓░ 99.9% (1561/1561)
[expo-cli] Creating asset map
[expo-cli] 
[expo-cli] › Assets (73):
[expo-cli] node_modules\@react-navigation\elements\lib\module\assets\back-icon-mask.0a328cd9c1afd0afe8e3b1ec5165b1b4.png (653 B)
[expo-cli] node_modules\@react-navigation\elements\lib\module\assets\back-icon-mask.png (653 B)
[expo-cli] node_modules\@react-navigation\elements\lib\module\assets\back-icon.35ba0eaec5a4f5ed12ca16fabeae451d.png (207 B)
[expo-cli] node_modules\@react-navigation\elements\lib\module\assets\back-icon.png (8 variations | 359 B)
[expo-cli] node_modules\@react-navigation\elements\lib\module\assets\clear-icon.c94f6478e7ae0cdd9f15de1fcb9e5e55.png (4 variations | 425 B)
[expo-cli] node_modules\@react-navigation\elements\lib\module\assets\clear-icon.png (4 variations | 425 B)
[expo-cli] node_modules\@react-navigation\elements\lib\module\assets\close-icon.808e1b1b9b53114ec2838071a7e6daa7.png (4 variations | 235 B)
[expo-cli] node_modules\@react-navigation\elements\lib\module\assets\close-icon.png (4 variations | 235 B)
[expo-cli] node_modules\@react-navigation\elements\lib\module\assets\search-icon.286d67d3f74808a60a78d3ebf1a5fb57.png (928 B)
[expo-cli] node_modules\@react-navigation\elements\lib\module\assets\search-icon.png (7 variations | 592 B)
[expo-cli] node_modules\expo\node_modules\@expo\vector-icons\build\vendor\react-native-vector-icons\Fonts\AntDesign.3f78af31cca60105799838a1a7a59fbd.ttf (130 kB)
[expo-cli] node_modules\expo\node_modules\@expo\vector-icons\build\vendor\react-native-vector-icons\Fonts\AntDesign.ttf (130 kB)
[expo-cli] node_modules\expo\node_modules\@expo\vector-icons\build\vendor\react-native-vector-icons\Fonts\Entypo.31b5ffea3daddc69dd01a1f3d6cf63c5.ttf (66.2 kB)
[expo-cli] node_modules\expo\node_modules\@expo\vector-icons\build\vendor\react-native-vector-icons\Fonts\Entypo.ttf (66.2 kB)
[expo-cli] node_modules\expo\node_modules\@expo\vector-icons\build\vendor\react-native-vector-icons\Fonts\EvilIcons.140c53a7643ea949007aa9a282153849.ttf (13.5 kB)
[expo-cli] node_modules\expo\node_modules\@expo\vector-icons\build\vendor\react-native-vector-icons\Fonts\EvilIcons.ttf (13.5 kB)
[expo-cli] node_modules\expo\node_modules\@expo\vector-icons\build\vendor\react-native-vector-icons\Fonts\Feather.ca4b48e04dc1ce10bfbddb262c8b835f.ttf (55.6 kB)
[expo-cli] node_modules\expo\node_modules\@expo\vector-icons\build\vendor\react-native-vector-icons\Fonts\Feather.ttf (55.6 kB)
[expo-cli] node_modules\expo\node_modules\@expo\vector-icons\build\vendor\react-native-vector-icons\Fonts\FontAwesome.b06871f281fee6b241d60582ae9369b9.ttf (166 kB)
[expo-cli] node_modules\expo\node_modules\@expo\vector-icons\build\vendor\react-native-vector-icons\Fonts\FontAwesome.ttf (166 kB)
[expo-cli] node_modules\expo\node_modules\@expo\vector-icons\build\vendor\react-native-vector-icons\Fonts\FontAwesome5_Brands.3b89dd103490708d19a95adcae52210e.ttf (134 kB)
[expo-cli] node_modules\expo\node_modules\@expo\vector-icons\build\vendor\react-native-vector-icons\Fonts\FontAwesome5_Brands.ttf (134 kB)
[expo-cli] node_modules\expo\node_modules\@expo\vector-icons\build\vendor\react-native-vector-icons\Fonts\FontAwesome5_Regular.1f77739ca9ff2188b539c36f30ffa2be.ttf (33.7 kB)
[expo-cli] node_modules\expo\node_modules\@expo\vector-icons\build\vendor\react-native-vector-icons\Fonts\FontAwesome5_Regular.ttf (33.7 kB)
[expo-cli] node_modules\expo\node_modules\@expo\vector-icons\build\vendor\react-native-vector-icons\Fonts\FontAwesome5_Solid.605ed7926cf39a2ad5ec2d1f9d391d3d.ttf (203 kB)
[expo-cli] node_modules\expo\node_modules\@expo\vector-icons\build\vendor\react-native-vector-icons\Fonts\FontAwesome5_Solid.ttf (203 kB)
[expo-cli] node_modules\expo\node_modules\@expo\vector-icons\build\vendor\react-native-vector-icons\Fonts\FontAwesome6_Brands.56c8d80832e37783f12c05db7c8849e2.ttf (209 kB)
[expo-cli] node_modules\expo\node_modules\@expo\vector-icons\build\vendor\react-native-vector-icons\Fonts\FontAwesome6_Brands.ttf (209 kB)
[expo-cli] node_modules\expo\node_modules\@expo\vector-icons\build\vendor\react-native-vector-icons\Fonts\FontAwesome6_Regular.370dd5af19f8364907b6e2c41f45dbbf.ttf (68 kB)
[expo-cli] node_modules\expo\node_modules\@expo\vector-icons\build\vendor\react-native-vector-icons\Fonts\FontAwesome6_Regular.ttf (68 kB)
[expo-cli] node_modules\expo\node_modules\@expo\vector-icons\build\vendor\react-native-vector-icons\Fonts\FontAwesome6_Solid.adec7d6f310bc577f05e8fe06a5daccf.ttf (424 kB)
[expo-cli] node_modules\expo\node_modules\@expo\vector-icons\build\vendor\react-native-vector-icons\Fonts\FontAwesome6_Solid.ttf (424 kB)
[expo-cli] node_modules\expo\node_modules\@expo\vector-icons\build\vendor\react-native-vector-icons\Fonts\Fontisto.b49ae8ab2dbccb02c4d11caaacf09eab.ttf (314 kB)
[expo-cli] node_modules\expo\node_modules\@expo\vector-icons\build\vendor\react-native-vector-icons\Fonts\Fontisto.ttf (314 kB)
[expo-cli] node_modules\expo\node_modules\@expo\vector-icons\build\vendor\react-native-vector-icons\Fonts\Foundation.e20945d7c929279ef7a6f1db184a4470.ttf (57 kB)
[expo-cli] node_modules\expo\node_modules\@expo\vector-icons\build\vendor\react-native-vector-icons\Fonts\Foundation.ttf (57 kB)
[expo-cli] node_modules\expo\node_modules\@expo\vector-icons\build\vendor\react-native-vector-icons\Fonts\Ionicons.b4eb097d35f44ed943676fd56f6bdc51.ttf (390 kB)
[expo-cli] node_modules\expo\node_modules\@expo\vector-icons\build\vendor\react-native-vector-icons\Fonts\Ionicons.ttf (390 kB)
[expo-cli] node_modules\expo\node_modules\@expo\vector-icons\build\vendor\react-native-vector-icons\Fonts\MaterialCommunityIcons.6e435534bd35da5fef04168860a9b8fa.ttf (1.31 MB)
[expo-cli] node_modules\expo\node_modules\@expo\vector-icons\build\vendor\react-native-vector-icons\Fonts\MaterialCommunityIcons.ttf (1.31 MB)
[expo-cli] node_modules\expo\node_modules\@expo\vector-icons\build\vendor\react-native-vector-icons\Fonts\MaterialIcons.4e85bc9ebe07e0340c9c4fc2f6c38908.ttf (357 kB)
[expo-cli] node_modules\expo\node_modules\@expo\vector-icons\build\vendor\react-native-vector-icons\Fonts\MaterialIcons.ttf (357 kB)
[expo-cli] node_modules\expo\node_modules\@expo\vector-icons\build\vendor\react-native-vector-icons\Fonts\Octicons.871378c6eab492a3e689a9385dc45a12.ttf (69.4 kB)
[expo-cli] node_modules\expo\node_modules\@expo\vector-icons\build\vendor\react-native-vector-icons\Fonts\Octicons.ttf (69.4 kB)
[expo-cli] node_modules\expo\node_modules\@expo\vector-icons\build\vendor\react-native-vector-icons\Fonts\SimpleLineIcons.d2285965fe34b05465047401b8595dd0.ttf (54.1 kB)
[expo-cli] node_modules\expo\node_modules\@expo\vector-icons\build\vendor\react-native-vector-icons\Fonts\SimpleLineIcons.ttf (54.1 kB)
[expo-cli] node_modules\expo\node_modules\@expo\vector-icons\build\vendor\react-native-vector-icons\Fonts\Zocial.1681f34aaca71b8dfb70756bca331eb2.ttf (25.8 kB)
[expo-cli] node_modules\expo\node_modules\@expo\vector-icons\build\vendor\react-native-vector-icons\Fonts\Zocial.ttf (25.8 kB)
[expo-cli] 
[expo-cli] › web bundles (6):
[expo-cli] _expo/static/js/web/AppEntry-8ae2934194f9f36184412183191d2dc3.js (3.01 MB)
[expo-cli] _expo/static/js/web/AppEntry-8ae2934194f9f36184412183191d2dc3.js.map (8.79 MB)
[expo-cli] _expo/static/js/web/index-56524af43ecd20202178faacdbeb537a.js (12.7 kB)
[expo-cli] _expo/static/js/web/index-56524af43ecd20202178faacdbeb537a.js.map (58.8 kB)
[expo-cli] _expo/static/js/web/ScreenCapture-44b74ed40139f779cfc35deddfd44930.js (2.48 kB)
[expo-cli] _expo/static/js/web/ScreenCapture-44b74ed40139f779cfc35deddfd44930.js.map (12.5 kB)
[expo-cli] 
[expo-cli] › ios bundles (2):
[expo-cli] _expo/static/js/ios/AppEntry-f92713ef141bbd0b3e4dce87cec9f670.hbc (3.35 MB)
[expo-cli] _expo/static/js/ios/AppEntry-f92713ef141bbd0b3e4dce87cec9f670.hbc.map (9.61 MB)
[expo-cli] 
[expo-cli] › android bundles (2):
[expo-cli] _expo/static/js/android/AppEntry-c94532a757034c957927a84f71551278.hbc (3.36 MB)
[expo-cli] _expo/static/js/android/AppEntry-c94532a757034c957927a84f71551278.hbc.map (9.65 MB)
[expo-cli] 
[expo-cli] › Files (4):
[expo-cli] assetmap.json (19.4 kB)
[expo-cli] favicon.ico (14.5 kB)
[expo-cli] index.html (1.22 kB)
[expo-cli] metadata.json (5.11 kB)
[expo-cli] 
[expo-cli] Exported: dist
✔ Exported bundle(s)
- Uploading...
- Uploading assetmap.json (0 / 19.0 KB)
✔ Uploaded assetmap.json 1s
√ Uploaded 2 app bundles
√ Uploading assets skipped - no new assets found
i 39 iOS assets, 39 Android assets (maximum: 2000 total per update). Learn more about asset limits: https://expo.fyi/eas-update-asset-limits
Skipping project fingerprints
- Publishing...
✔ Published!

Branch             production
Runtime version    1.8.1
Platform           android, ios
Update group ID    5a6378a5-4e09-41f5-83ff-483829654cbf
Android update ID  019f34c2-688b-784e-9fb2-539fe3d0c748
iOS update ID      019f34c2-688b-76e6-8aa2-e4c48d0078ca
Message            fix(subscription): immediate revocation visibility runtime 1.8.1
Commit             2aea67d8e277c449b338087b7dd7e37164d9208d*
EAS Dashboard      https://expo.dev/accounts/isamu_123/projects/osmani-tv/updates/5a6378a5-4e09-41f5-83ff-483829654cbf

npm warn Unknown env config "devdir". This will stop working in the next major version of npm.


=== OTA runtime 1.8.2 ===
No environment variables with visibility "Plain text" and "Sensitive" found for the "production" environment on EAS.

- Exporting...
[expo-cli] --non-interactive is not supported, use $CI=1 instead
[expo-cli] » android: androidStatusBar.backgroundColor: Color conflicts with the splash.backgroundColor
[expo-cli] » android: androidStatusBar.backgroundColor: Color conflicts with the splash.backgroundColor
[expo-cli] » android: androidStatusBar.backgroundColor: Color conflicts with the splash.backgroundColor
[expo-cli] » android: androidStatusBar.backgroundColor: Color conflicts with the splash.backgroundColor
[expo-cli] » android: androidStatusBar.backgroundColor: Color conflicts with the splash.backgroundColor
[expo-cli] Starting Metro Bundler
[expo-cli] warning: Bundler cache is empty, rebuilding (this may take a minute)
[expo-cli] Web node_modules\expo\AppEntry.js ░░░░░░░░░░░░░░░░  0.0% (0/1)
[expo-cli] iOS node_modules\expo\AppEntry.js ░░░░░░░░░░░░░░░░  0.0% (0/1)
[expo-cli] Android node_modules\expo\AppEntry.js ░░░░░░░░░░░░░░░░  0.0% (0/1)
[expo-cli] | (node:18508) Warning: The 'NO_COLOR' env is ignored due to the 'FORCE_COLOR' env being set.
[expo-cli] | (Use `node --trace-warnings ...` to show where the warning was created)
[expo-cli] Web node_modules\expo\AppEntry.js ░░░░░░░░░░░░░░░░  1.0% (1/3)
[expo-cli] iOS node_modules\expo\AppEntry.js ░░░░░░░░░░░░░░░░  1.0% (1/1)
[expo-cli] Android node_modules\expo\AppEntry.js ░░░░░░░░░░░░░░░░  1.0% (1/3)
[expo-cli] | (node:21684) Warning: The 'NO_COLOR' env is ignored due to the 'FORCE_COLOR' env being set.
[expo-cli] | (Use `node --trace-warnings ...` to show where the warning was created)
[expo-cli] | (node:17144) Warning: The 'NO_COLOR' env is ignored due to the 'FORCE_COLOR' env being set.
[expo-cli] | (Use `node --trace-warnings ...` to show where the warning was created)
[expo-cli] Web node_modules\expo\AppEntry.js ▓▓▓▓░░░░░░░░░░░░ 25.0% ( 6/12)
[expo-cli] iOS node_modules\expo\AppEntry.js ▓▓░░░░░░░░░░░░░░ 12.8% ( 5/17)
[expo-cli] Android node_modules\expo\AppEntry.js ▓░░░░░░░░░░░░░░░  9.0% (3/5)
[expo-cli] Web node_modules\expo\AppEntry.js ▓▓▓▓░░░░░░░░░░░░ 25.0% ( 6/12)
[expo-cli] iOS node_modules\expo\AppEntry.js ▓▓░░░░░░░░░░░░░░ 14.5% ( 18/148)
[expo-cli] Android node_modules\expo\AppEntry.js ▓░░░░░░░░░░░░░░░  9.0% ( 10/103)
[expo-cli] Web node_modules\expo\AppEntry.js ▓▓▓▓▓░░░░░░░░░░░ 34.0% ( 7/95)
[expo-cli] iOS node_modules\expo\AppEntry.js ▓▓░░░░░░░░░░░░░░ 14.5% ( 34/177)
[expo-cli] Android node_modules\expo\AppEntry.js ▓░░░░░░░░░░░░░░░  9.0% ( 10/103)
[expo-cli] | (node:24824) Warning: The 'NO_COLOR' env is ignored due to the 'FORCE_COLOR' env being set.
[expo-cli] | (Use `node --trace-warnings ...` to show where the warning was created)
[expo-cli] | (node:13960) Warning: The 'NO_COLOR' env is ignored due to the 'FORCE_COLOR' env being set.
[expo-cli] | (Use `node --trace-warnings ...` to show where the warning was created)
[expo-cli] | (node:18788) Warning: The 'NO_COLOR' env is ignored due to the 'FORCE_COLOR' env being set.
[expo-cli] | (Use `node --trace-warnings ...` to show where the warning was created)
[expo-cli] | (node:20188) Warning: The 'NO_COLOR' env is ignored due to the 'FORCE_COLOR' env being set.
[expo-cli] | (Use `node --trace-warnings ...` to show where the warning was created)
[expo-cli] | (node:21792) Warning: The 'NO_COLOR' env is ignored due to the 'FORCE_COLOR' env being set.
[expo-cli] | (Use `node --trace-warnings ...` to show where the warning was created)
[expo-cli] Web node_modules\expo\AppEntry.js ▓▓▓▓▓░░░░░░░░░░░ 34.0% ( 12/101)
[expo-cli] iOS node_modules\expo\AppEntry.js ▓▓░░░░░░░░░░░░░░ 14.5% ( 42/198)
[expo-cli] Android node_modules\expo\AppEntry.js ▓░░░░░░░░░░░░░░░  9.0% ( 10/103)
[expo-cli] Web node_modules\expo\AppEntry.js ▓▓▓▓▓░░░░░░░░░░░ 34.0% ( 12/101)
[expo-cli] iOS node_modules\expo\AppEntry.js ▓▓░░░░░░░░░░░░░░ 14.5% ( 81/304)
[expo-cli] Android node_modules\expo\AppEntry.js ▓░░░░░░░░░░░░░░░  9.0% ( 10/103)
[expo-cli] Web node_modules\expo\AppEntry.js ▓▓▓▓▓░░░░░░░░░░░ 34.0% ( 12/101)
[expo-cli] iOS node_modules\expo\AppEntry.js ▓▓░░░░░░░░░░░░░░ 14.5% (106/320)
[expo-cli] Android node_modules\expo\AppEntry.js ▓░░░░░░░░░░░░░░░  9.0% ( 29/134)
[expo-cli] Web node_modules\expo\AppEntry.js ▓▓▓▓▓░░░░░░░░░░░ 34.0% ( 12/101)
[expo-cli] iOS node_modules\expo\AppEntry.js ▓▓░░░░░░░░░░░░░░ 14.5% (106/320)
[expo-cli] Android node_modules\expo\AppEntry.js ▓░░░░░░░░░░░░░░░ 12.4% (100/284)
[expo-cli] Web node_modules\expo\AppEntry.js ▓▓▓▓▓░░░░░░░░░░░ 34.0% ( 29/172)
[expo-cli] iOS node_modules\expo\AppEntry.js ▓▓▓░░░░░░░░░░░░░ 19.1% (148/339)
[expo-cli] Android node_modules\expo\AppEntry.js ▓░░░░░░░░░░░░░░░ 12.4% (103/312)
[expo-cli] Web node_modules\expo\AppEntry.js ▓▓▓▓▓░░░░░░░░░░░ 34.0% ( 53/235)
[expo-cli] iOS node_modules\expo\AppEntry.js ▓▓▓░░░░░░░░░░░░░ 19.1% (148/339)
[expo-cli] Android node_modules\expo\AppEntry.js ▓░░░░░░░░░░░░░░░ 12.4% (103/312)
[expo-cli] Web node_modules\expo\AppEntry.js ▓▓▓▓▓░░░░░░░░░░░ 34.0% ( 69/273)
[expo-cli] iOS node_modules\expo\AppEntry.js ▓▓▓░░░░░░░░░░░░░ 19.1% (148/339)
[expo-cli] Android node_modules\expo\AppEntry.js ▓░░░░░░░░░░░░░░░ 12.4% (103/312)
[expo-cli] Web node_modules\expo\AppEntry.js ▓▓▓▓▓░░░░░░░░░░░ 34.0% ( 91/298)
[expo-cli] iOS node_modules\expo\AppEntry.js ▓▓▓░░░░░░░░░░░░░ 21.6% (166/357)
[expo-cli] Android node_modules\expo\AppEntry.js ▓░░░░░░░░░░░░░░░ 12.4% (103/312)
[expo-cli] Web node_modules\expo\AppEntry.js ▓▓▓▓▓░░░░░░░░░░░ 34.0% (101/315)
[expo-cli] iOS node_modules\expo\AppEntry.js ▓▓▓▓░░░░░░░░░░░░ 27.9% (241/471)
[expo-cli] Android node_modules\expo\AppEntry.js ▓░░░░░░░░░░░░░░░ 12.4% (103/312)
[expo-cli] Web node_modules\expo\AppEntry.js ▓▓▓▓▓░░░░░░░░░░░ 34.0% (101/315)
[expo-cli] iOS node_modules\expo\AppEntry.js ▓▓▓▓░░░░░░░░░░░░ 28.5% (280/526)
[expo-cli] Android node_modules\expo\AppEntry.js ▓░░░░░░░░░░░░░░░ 12.4% (103/312)
[expo-cli] Web node_modules\expo\AppEntry.js ▓▓▓▓▓░░░░░░░░░░░ 34.0% (101/315)
[expo-cli] iOS node_modules\expo\AppEntry.js ▓▓▓▓░░░░░░░░░░░░ 28.5% (317/617)
[expo-cli] Android node_modules\expo\AppEntry.js ▓▓░░░░░░░░░░░░░░ 15.9% (169/458)
[expo-cli] Web node_modules\expo\AppEntry.js ▓▓▓▓▓░░░░░░░░░░░ 34.0% (101/315)
[expo-cli] iOS node_modules\expo\AppEntry.js ▓▓▓▓░░░░░░░░░░░░ 28.5% (320/630)
[expo-cli] Android node_modules\expo\AppEntry.js ▓▓░░░░░░░░░░░░░░ 15.9% (192/514)
[expo-cli] Web node_modules\expo\AppEntry.js ▓▓▓▓▓░░░░░░░░░░░ 34.0% (101/315)
[expo-cli] iOS node_modules\expo\AppEntry.js ▓▓▓▓░░░░░░░░░░░░ 28.5% (321/648)
[expo-cli] Android node_modules\expo\AppEntry.js ▓▓▓▓░░░░░░░░░░░░ 25.6% (312/617)
[expo-cli] Web node_modules\expo\AppEntry.js ▓▓▓▓▓░░░░░░░░░░░ 34.0% (149/356)
[expo-cli] iOS node_modules\expo\AppEntry.js ▓▓▓▓░░░░░░░░░░░░ 28.5% (340/659)
[expo-cli] Android node_modules\expo\AppEntry.js ▓▓▓▓░░░░░░░░░░░░ 26.3% (319/638)
[expo-cli] Web node_modules\expo\AppEntry.js ▓▓▓▓▓░░░░░░░░░░░ 34.0% (235/510)
[expo-cli] iOS node_modules\expo\AppEntry.js ▓▓▓▓░░░░░░░░░░░░ 28.5% (340/659)
[expo-cli] Android node_modules\expo\AppEntry.js ▓▓▓▓░░░░░░░░░░░░ 26.3% (319/638)
[expo-cli] Web node_modules\expo\AppEntry.js ▓▓▓▓▓░░░░░░░░░░░ 34.0% (291/546)
[expo-cli] iOS node_modules\expo\AppEntry.js ▓▓▓▓░░░░░░░░░░░░ 28.5% (343/660)
[expo-cli] Android node_modules\expo\AppEntry.js ▓▓▓▓░░░░░░░░░░░░ 26.3% (319/638)
[expo-cli] Web node_modules\expo\AppEntry.js ▓▓▓▓▓░░░░░░░░░░░ 34.6% (331/563)
[expo-cli] iOS node_modules\expo\AppEntry.js ▓▓▓▓▓▓░░░░░░░░░░ 41.6% (480/752)
[expo-cli] Android node_modules\expo\AppEntry.js ▓▓▓▓░░░░░░░░░░░░ 26.3% (319/638)
[expo-cli] Web node_modules\expo\AppEntry.js ▓▓▓▓▓░░░░░░░░░░░ 34.6% (331/563)
[expo-cli] iOS node_modules\expo\AppEntry.js ▓▓▓▓▓▓▓░░░░░░░░░ 48.9% (614/878)
[expo-cli] Android node_modules\expo\AppEntry.js ▓▓▓▓▓░░░░░░░░░░░ 31.9% (377/668)
[expo-cli] Web node_modules\expo\AppEntry.js ▓▓▓▓▓░░░░░░░░░░░ 34.6% (331/563)
[expo-cli] iOS node_modules\expo\AppEntry.js ▓▓▓▓▓▓▓▓░░░░░░░░ 51.9% (638/886)
[expo-cli] Android node_modules\expo\AppEntry.js ▓▓▓▓▓▓░░░░░░░░░░ 38.1% (517/838)
[expo-cli] Web node_modules\expo\AppEntry.js ▓▓▓▓▓░░░░░░░░░░░ 36.5% (380/629)
[expo-cli] iOS node_modules\expo\AppEntry.js ▓▓▓▓▓▓▓▓░░░░░░░░ 54.1% (659/896)
[expo-cli] Android node_modules\expo\AppEntry.js ▓▓▓▓▓▓▓▓░░░░░░░░ 52.4% (645/891)
[expo-cli] Web node_modules\expo\AppEntry.js ▓▓▓▓▓▓▓▓░░░░░░░░ 50.0% (514/728)
[expo-cli] iOS node_modules\expo\AppEntry.js ▓▓▓▓▓▓▓▓░░░░░░░░ 54.1% (659/896)
[expo-cli] Android node_modules\expo\AppEntry.js ▓▓▓▓▓▓▓▓░░░░░░░░ 52.4% (645/891)
[expo-cli] | [33m» [1mandroid[22m: androidStatusBar.backgroundColor: Color conflicts with the splash.backgroundColor[39m
[expo-cli] Web node_modules\expo\AppEntry.js ▓▓▓▓▓▓▓▓░░░░░░░░ 52.6% (562/775)
[expo-cli] iOS node_modules\expo\AppEntry.js ▓▓▓▓▓▓▓▓▓░░░░░░░ 61.7% ( 788/1027)
[expo-cli] Android node_modules\expo\AppEntry.js ▓▓▓▓▓▓▓▓░░░░░░░░ 52.4% (645/891)
[expo-cli] Web node_modules\expo\AppEntry.js ▓▓▓▓▓▓▓▓░░░░░░░░ 52.6% (562/775)
[expo-cli] iOS node_modules\expo\AppEntry.js ▓▓▓▓▓▓▓▓▓▓░░░░░░ 68.0% ( 868/1056)
[expo-cli] Android node_modules\expo\AppEntry.js ▓▓▓▓▓▓▓▓▓░░░░░░░ 57.7% ( 752/1004)
[expo-cli] Web node_modules\expo\AppEntry.js ▓▓▓▓▓▓▓▓░░░░░░░░ 56.0% (583/779)
[expo-cli] iOS node_modules\expo\AppEntry.js ▓▓▓▓▓▓▓▓▓▓▓░░░░░ 68.9% ( 893/1077)
[expo-cli] Android node_modules\expo\AppEntry.js ▓▓▓▓▓▓▓▓▓▓░░░░░░ 68.7% ( 885/1069)
[expo-cli] Web node_modules\expo\AppEntry.js ▓▓▓▓▓▓▓▓▓▓▓░░░░░ 69.2% (703/845)
[expo-cli] iOS node_modules\expo\AppEntry.js ▓▓▓▓▓▓▓▓▓▓▓░░░░░ 68.9% ( 893/1077)
[expo-cli] Android node_modules\expo\AppEntry.js ▓▓▓▓▓▓▓▓▓▓▓░░░░░ 68.9% ( 890/1072)
[expo-cli] Web node_modules\expo\AppEntry.js ▓▓▓▓▓▓▓▓▓▓▓░░░░░ 72.6% (775/923)
[expo-cli] iOS node_modules\expo\AppEntry.js ▓▓▓▓▓▓▓▓▓▓▓▓▓░░░ 83.2% (1038/1138)
[expo-cli] Android node_modules\expo\AppEntry.js ▓▓▓▓▓▓▓▓▓▓▓░░░░░ 68.9% ( 890/1072)
[expo-cli] Web node_modules\expo\AppEntry.js ▓▓▓▓▓▓▓▓▓▓▓░░░░░ 72.6% (779/923)
[expo-cli] iOS node_modules\expo\AppEntry.js ▓▓▓▓▓▓▓▓▓▓▓▓▓░░░ 85.2% (1077/1167)
[expo-cli] Android node_modules\expo\AppEntry.js ▓▓▓▓▓▓▓▓▓▓▓▓▓░░░ 85.1% (1071/1161)
[expo-cli] Web node_modules\expo\AppEntry.js ▓▓▓▓▓▓▓▓▓▓▓▓░░░░ 79.6% ( 886/1001)
[expo-cli] iOS node_modules\expo\AppEntry.js ▓▓▓▓▓▓▓▓▓▓▓▓▓░░░ 85.2% (1077/1167)
[expo-cli] Android node_modules\expo\AppEntry.js ▓▓▓▓▓▓▓▓▓▓▓▓▓░░░ 85.1% (1071/1161)
[expo-cli] Web node_modules\expo\AppEntry.js ▓▓▓▓▓▓▓▓▓▓▓▓▓░░░ 82.9% ( 924/1015)
[expo-cli] iOS node_modules\expo\AppEntry.js ▓▓▓▓▓▓▓▓▓▓▓▓▓▓▓░ 94.6% (1152/1208)
[expo-cli] Android node_modules\expo\AppEntry.js ▓▓▓▓▓▓▓▓▓▓▓▓▓▓░░ 92.1% (1163/1212)
[expo-cli] Web node_modules\expo\AppEntry.js ▓▓▓▓▓▓▓▓▓▓▓▓▓░░░ 87.3% (1011/1112)
[expo-cli] iOS node_modules\expo\AppEntry.js ▓▓▓▓▓▓▓▓▓▓▓▓▓▓▓░ 94.6% (1177/1214)
[expo-cli] Android node_modules\expo\AppEntry.js ▓▓▓▓▓▓▓▓▓▓▓▓▓▓░░ 92.4% (1165/1212)
[expo-cli] Web node_modules\expo\AppEntry.js ▓▓▓▓▓▓▓▓▓▓▓▓▓░░░ 87.3% (1081/1159)
[expo-cli] iOS node_modules\expo\AppEntry.js ▓▓▓▓▓▓▓▓▓▓▓▓▓▓▓░ 94.6% (1212/1286)
[expo-cli] Android node_modules\expo\AppEntry.js ▓▓▓▓▓▓▓▓▓▓▓▓▓▓░░ 92.7% (1207/1272)
[expo-cli] Web node_modules\expo\AppEntry.js ▓▓▓▓▓▓▓▓▓▓▓▓▓▓░░ 90.7% (1141/1199)
[expo-cli] iOS node_modules\expo\AppEntry.js ▓▓▓▓▓▓▓▓▓▓▓▓▓▓▓░ 94.6% (1280/1365)
[expo-cli] Android node_modules\expo\AppEntry.js ▓▓▓▓▓▓▓▓▓▓▓▓▓▓░░ 92.7% (1285/1372)
[expo-cli] Web node_modules\expo\AppEntry.js ▓▓▓▓▓▓▓▓▓▓▓▓▓▓▓░ 96.4% (1188/1210)
[expo-cli] iOS node_modules\expo\AppEntry.js ▓▓▓▓▓▓▓▓▓▓▓▓▓▓▓░ 94.6% (1328/1411)
[expo-cli] Android node_modules\expo\AppEntry.js ▓▓▓▓▓▓▓▓▓▓▓▓▓▓░░ 92.7% (1285/1372)
[expo-cli] Web node_modules\expo\AppEntry.js ▓▓▓▓▓▓▓▓▓▓▓▓▓▓▓░ 96.6% (1189/1210)
[expo-cli] iOS node_modules\expo\AppEntry.js ▓▓▓▓▓▓▓▓▓▓▓▓▓▓▓░ 94.6% (1352/1414)
[expo-cli] Android node_modules\expo\AppEntry.js ▓▓▓▓▓▓▓▓▓▓▓▓▓▓░░ 92.7% (1331/1411)
[expo-cli] Web node_modules\expo\AppEntry.js ▓▓▓▓▓▓▓▓▓▓▓▓▓▓▓░ 97.4% (1210/1234)
[expo-cli] iOS node_modules\expo\AppEntry.js ▓▓▓▓▓▓▓▓▓▓▓▓▓▓▓░ 94.6% (1410/1469)
[expo-cli] Android node_modules\expo\AppEntry.js ▓▓▓▓▓▓▓▓▓▓▓▓▓▓▓░ 93.8% (1405/1451)
[expo-cli] Web node_modules\expo\AppEntry.js ▓▓▓▓▓▓▓▓▓▓▓▓▓▓▓░ 97.4% (1273/1304)
[expo-cli] iOS node_modules\expo\AppEntry.js ▓▓▓▓▓▓▓▓▓▓▓▓▓▓▓░ 97.4% (1516/1539)
[expo-cli] Android node_modules\expo\AppEntry.js ▓▓▓▓▓▓▓▓▓▓▓▓▓▓▓░ 97.0% (1494/1517)
[expo-cli] Web node_modules\expo\AppEntry.js ▓▓▓▓▓▓▓▓▓▓▓▓▓▓▓░ 99.9% (1336/1336)
[expo-cli] iOS node_modules\expo\AppEntry.js ▓▓▓▓▓▓▓▓▓▓▓▓▓▓▓░ 99.9% (1561/1561)
[expo-cli] Android node_modules\expo\AppEntry.js ▓▓▓▓▓▓▓▓▓▓▓▓▓▓▓░ 99.7% (1558/1560)
[expo-cli] Web node_modules\expo\AppEntry.js ▓▓▓▓▓▓▓▓▓▓▓▓▓▓▓░ 99.9% (1336/1336)
[expo-cli] iOS node_modules\expo\AppEntry.js ▓▓▓▓▓▓▓▓▓▓▓▓▓▓▓░ 99.9% (1561/1561)
[expo-cli] Android node_modules\expo\AppEntry.js ▓▓▓▓▓▓▓▓▓▓▓▓▓▓▓░ 99.9% (1561/1561)
[expo-cli] Web Bundled 149825ms node_modules\expo\AppEntry.js (1336 modules)
[expo-cli] iOS node_modules\expo\AppEntry.js ▓▓▓▓▓▓▓▓▓▓▓▓▓▓▓░ 99.9% (1561/1561)
[expo-cli] Android node_modules\expo\AppEntry.js ▓▓▓▓▓▓▓▓▓▓▓▓▓▓▓░ 99.9% (1561/1561)
[expo-cli] iOS Bundled 162210ms node_modules\expo\AppEntry.js (1561 modules)
[expo-cli] iOS node_modules\expo\AppEntry.js ▓▓▓▓▓▓▓▓▓▓▓▓▓▓▓░ 99.9% (1561/1561)
[expo-cli] Android node_modules\expo\AppEntry.js ▓▓▓▓▓▓▓▓▓▓▓▓▓▓▓░ 99.9% (1561/1561)
[expo-cli] Android node_modules\expo\AppEntry.js ▓▓▓▓▓▓▓▓▓▓▓▓▓▓▓░ 99.9% (1561/1561)
[expo-cli] Android Bundled 171504ms node_modules\expo\AppEntry.js (1561 modules)
[expo-cli] Android node_modules\expo\AppEntry.js ▓▓▓▓▓▓▓▓▓▓▓▓▓▓▓░ 99.9% (1561/1561)
[expo-cli] Creating asset map
[expo-cli] 
[expo-cli] › Assets (73):
[expo-cli] node_modules\@react-navigation\elements\lib\module\assets\back-icon-mask.0a328cd9c1afd0afe8e3b1ec5165b1b4.png (653 B)
[expo-cli] node_modules\@react-navigation\elements\lib\module\assets\back-icon-mask.png (653 B)
[expo-cli] node_modules\@react-navigation\elements\lib\module\assets\back-icon.35ba0eaec5a4f5ed12ca16fabeae451d.png (207 B)
[expo-cli] node_modules\@react-navigation\elements\lib\module\assets\back-icon.png (8 variations | 359 B)
[expo-cli] node_modules\@react-navigation\elements\lib\module\assets\clear-icon.c94f6478e7ae0cdd9f15de1fcb9e5e55.png (4 variations | 425 B)
[expo-cli] node_modules\@react-navigation\elements\lib\module\assets\clear-icon.png (4 variations | 425 B)
[expo-cli] node_modules\@react-navigation\elements\lib\module\assets\close-icon.808e1b1b9b53114ec2838071a7e6daa7.png (4 variations | 235 B)
[expo-cli] node_modules\@react-navigation\elements\lib\module\assets\close-icon.png (4 variations | 235 B)
[expo-cli] node_modules\@react-navigation\elements\lib\module\assets\search-icon.286d67d3f74808a60a78d3ebf1a5fb57.png (928 B)
[expo-cli] node_modules\@react-navigation\elements\lib\module\assets\search-icon.png (7 variations | 592 B)
[expo-cli] node_modules\expo\node_modules\@expo\vector-icons\build\vendor\react-native-vector-icons\Fonts\AntDesign.3f78af31cca60105799838a1a7a59fbd.ttf (130 kB)
[expo-cli] node_modules\expo\node_modules\@expo\vector-icons\build\vendor\react-native-vector-icons\Fonts\AntDesign.ttf (130 kB)
[expo-cli] node_modules\expo\node_modules\@expo\vector-icons\build\vendor\react-native-vector-icons\Fonts\Entypo.31b5ffea3daddc69dd01a1f3d6cf63c5.ttf (66.2 kB)
[expo-cli] node_modules\expo\node_modules\@expo\vector-icons\build\vendor\react-native-vector-icons\Fonts\Entypo.ttf (66.2 kB)
[expo-cli] node_modules\expo\node_modules\@expo\vector-icons\build\vendor\react-native-vector-icons\Fonts\EvilIcons.140c53a7643ea949007aa9a282153849.ttf (13.5 kB)
[expo-cli] node_modules\expo\node_modules\@expo\vector-icons\build\vendor\react-native-vector-icons\Fonts\EvilIcons.ttf (13.5 kB)
[expo-cli] node_modules\expo\node_modules\@expo\vector-icons\build\vendor\react-native-vector-icons\Fonts\Feather.ca4b48e04dc1ce10bfbddb262c8b835f.ttf (55.6 kB)
[expo-cli] node_modules\expo\node_modules\@expo\vector-icons\build\vendor\react-native-vector-icons\Fonts\Feather.ttf (55.6 kB)
[expo-cli] node_modules\expo\node_modules\@expo\vector-icons\build\vendor\react-native-vector-icons\Fonts\FontAwesome.b06871f281fee6b241d60582ae9369b9.ttf (166 kB)
[expo-cli] node_modules\expo\node_modules\@expo\vector-icons\build\vendor\react-native-vector-icons\Fonts\FontAwesome.ttf (166 kB)
[expo-cli] node_modules\expo\node_modules\@expo\vector-icons\build\vendor\react-native-vector-icons\Fonts\FontAwesome5_Brands.3b89dd103490708d19a95adcae52210e.ttf (134 kB)
[expo-cli] node_modules\expo\node_modules\@expo\vector-icons\build\vendor\react-native-vector-icons\Fonts\FontAwesome5_Brands.ttf (134 kB)
[expo-cli] node_modules\expo\node_modules\@expo\vector-icons\build\vendor\react-native-vector-icons\Fonts\FontAwesome5_Regular.1f77739ca9ff2188b539c36f30ffa2be.ttf (33.7 kB)
[expo-cli] node_modules\expo\node_modules\@expo\vector-icons\build\vendor\react-native-vector-icons\Fonts\FontAwesome5_Regular.ttf (33.7 kB)
[expo-cli] node_modules\expo\node_modules\@expo\vector-icons\build\vendor\react-native-vector-icons\Fonts\FontAwesome5_Solid.605ed7926cf39a2ad5ec2d1f9d391d3d.ttf (203 kB)
[expo-cli] node_modules\expo\node_modules\@expo\vector-icons\build\vendor\react-native-vector-icons\Fonts\FontAwesome5_Solid.ttf (203 kB)
[expo-cli] node_modules\expo\node_modules\@expo\vector-icons\build\vendor\react-native-vector-icons\Fonts\FontAwesome6_Brands.56c8d80832e37783f12c05db7c8849e2.ttf (209 kB)
[expo-cli] node_modules\expo\node_modules\@expo\vector-icons\build\vendor\react-native-vector-icons\Fonts\FontAwesome6_Brands.ttf (209 kB)
[expo-cli] node_modules\expo\node_modules\@expo\vector-icons\build\vendor\react-native-vector-icons\Fonts\FontAwesome6_Regular.370dd5af19f8364907b6e2c41f45dbbf.ttf (68 kB)
[expo-cli] node_modules\expo\node_modules\@expo\vector-icons\build\vendor\react-native-vector-icons\Fonts\FontAwesome6_Regular.ttf (68 kB)
[expo-cli] node_modules\expo\node_modules\@expo\vector-icons\build\vendor\react-native-vector-icons\Fonts\FontAwesome6_Solid.adec7d6f310bc577f05e8fe06a5daccf.ttf (424 kB)
[expo-cli] node_modules\expo\node_modules\@expo\vector-icons\build\vendor\react-native-vector-icons\Fonts\FontAwesome6_Solid.ttf (424 kB)
[expo-cli] node_modules\expo\node_modules\@expo\vector-icons\build\vendor\react-native-vector-icons\Fonts\Fontisto.b49ae8ab2dbccb02c4d11caaacf09eab.ttf (314 kB)
[expo-cli] node_modules\expo\node_modules\@expo\vector-icons\build\vendor\react-native-vector-icons\Fonts\Fontisto.ttf (314 kB)
[expo-cli] node_modules\expo\node_modules\@expo\vector-icons\build\vendor\react-native-vector-icons\Fonts\Foundation.e20945d7c929279ef7a6f1db184a4470.ttf (57 kB)
[expo-cli] node_modules\expo\node_modules\@expo\vector-icons\build\vendor\react-native-vector-icons\Fonts\Foundation.ttf (57 kB)
[expo-cli] node_modules\expo\node_modules\@expo\vector-icons\build\vendor\react-native-vector-icons\Fonts\Ionicons.b4eb097d35f44ed943676fd56f6bdc51.ttf (390 kB)
[expo-cli] node_modules\expo\node_modules\@expo\vector-icons\build\vendor\react-native-vector-icons\Fonts\Ionicons.ttf (390 kB)
[expo-cli] node_modules\expo\node_modules\@expo\vector-icons\build\vendor\react-native-vector-icons\Fonts\MaterialCommunityIcons.6e435534bd35da5fef04168860a9b8fa.ttf (1.31 MB)
[expo-cli] node_modules\expo\node_modules\@expo\vector-icons\build\vendor\react-native-vector-icons\Fonts\MaterialCommunityIcons.ttf (1.31 MB)
[expo-cli] node_modules\expo\node_modules\@expo\vector-icons\build\vendor\react-native-vector-icons\Fonts\MaterialIcons.4e85bc9ebe07e0340c9c4fc2f6c38908.ttf (357 kB)
[expo-cli] node_modules\expo\node_modules\@expo\vector-icons\build\vendor\react-native-vector-icons\Fonts\MaterialIcons.ttf (357 kB)
[expo-cli] node_modules\expo\node_modules\@expo\vector-icons\build\vendor\react-native-vector-icons\Fonts\Octicons.871378c6eab492a3e689a9385dc45a12.ttf (69.4 kB)
[expo-cli] node_modules\expo\node_modules\@expo\vector-icons\build\vendor\react-native-vector-icons\Fonts\Octicons.ttf (69.4 kB)
[expo-cli] node_modules\expo\node_modules\@expo\vector-icons\build\vendor\react-native-vector-icons\Fonts\SimpleLineIcons.d2285965fe34b05465047401b8595dd0.ttf (54.1 kB)
[expo-cli] node_modules\expo\node_modules\@expo\vector-icons\build\vendor\react-native-vector-icons\Fonts\SimpleLineIcons.ttf (54.1 kB)
[expo-cli] node_modules\expo\node_modules\@expo\vector-icons\build\vendor\react-native-vector-icons\Fonts\Zocial.1681f34aaca71b8dfb70756bca331eb2.ttf (25.8 kB)
[expo-cli] node_modules\expo\node_modules\@expo\vector-icons\build\vendor\react-native-vector-icons\Fonts\Zocial.ttf (25.8 kB)
[expo-cli] 
[expo-cli] › web bundles (6):
[expo-cli] _expo/static/js/web/AppEntry-477c2d3bd0b7c949e31057a067342ee0.js (3 MB)
[expo-cli] _expo/static/js/web/AppEntry-477c2d3bd0b7c949e31057a067342ee0.js.map (8.79 MB)
[expo-cli] _expo/static/js/web/index-3c684ecdfcc69a0b8a2cc9420c0dd51c.js (12.7 kB)
[expo-cli] _expo/static/js/web/index-3c684ecdfcc69a0b8a2cc9420c0dd51c.js.map (58.8 kB)
[expo-cli] _expo/static/js/web/ScreenCapture-dd2f4f34462747cc28436a8e32dc990f.js (2.48 kB)
[expo-cli] _expo/static/js/web/ScreenCapture-dd2f4f34462747cc28436a8e32dc990f.js.map (12.5 kB)
[expo-cli] 
[expo-cli] › ios bundles (2):
[expo-cli] _expo/static/js/ios/AppEntry-dadadc37b13684bbdabf1bfc6ec4af7c.hbc (3.35 MB)
[expo-cli] _expo/static/js/ios/AppEntry-dadadc37b13684bbdabf1bfc6ec4af7c.hbc.map (9.61 MB)
[expo-cli] 
[expo-cli] › android bundles (2):
[expo-cli] _expo/static/js/android/AppEntry-3c7e38fd6a3b52bc2feaab8220db40b1.hbc (3.36 MB)
[expo-cli] _expo/static/js/android/AppEntry-3c7e38fd6a3b52bc2feaab8220db40b1.hbc.map (9.65 MB)
[expo-cli] 
[expo-cli] › Files (4):
[expo-cli] assetmap.json (19.4 kB)
[expo-cli] favicon.ico (14.5 kB)
[expo-cli] index.html (1.22 kB)
[expo-cli] metadata.json (5.11 kB)
[expo-cli] 
[expo-cli] Exported: dist
✔ Exported bundle(s)
- Uploading...
- Uploading assetmap.json (0 / 19.0 KB)
✔ Uploaded assetmap.json 
√ Uploaded 2 app bundles
√ Uploading assets skipped - no new assets found
i 39 iOS assets, 39 Android assets (maximum: 2000 total per update). Learn more about asset limits: https://expo.fyi/eas-update-asset-limits
Skipping project fingerprints
- Publishing...
✔ Published!

Branch             production
Runtime version    1.8.2
Platform           android, ios
Update group ID    b23bb9ce-5147-41a1-b551-087425c5cce7
Android update ID  019f34c6-5fb8-7f15-96da-f27e4390b14b
iOS update ID      019f34c6-5fb8-71b7-a35e-5d695b71ced7
Message            fix(subscription): immediate revocation visibility runtime 1.8.2
Commit             2aea67d8e277c449b338087b7dd7e37164d9208d*
EAS Dashboard      https://expo.dev/accounts/isamu_123/projects/osmani-tv/updates/b23bb9ce-5147-41a1-b551-087425c5cce7

npm warn Unknown env config "devdir". This will stop working in the next major version of npm.

