[publish-v24-realtime-ota] started 2026-07-06T07:36:24.828Z

=== OTA runtime 1.6.0 ===
No environment variables with visibility "Plain text" and "Sensitive" found for the "production" environment on EAS.

- Exporting...
[expo-cli] --non-interactive is not supported, use $CI=1 instead
[expo-cli] » android: androidStatusBar.backgroundColor: Color conflicts with the splash.backgroundColor
[expo-cli] » android: androidStatusBar.backgroundColor: Color conflicts with the splash.backgroundColor
[expo-cli] » android: androidStatusBar.backgroundColor: Color conflicts with the splash.backgroundColor
[expo-cli] » android: androidStatusBar.backgroundColor: Color conflicts with the splash.backgroundColor
[expo-cli] » android: androidStatusBar.backgroundColor: Color conflicts with the splash.backgroundColor
[expo-cli] Starting Metro Bundler
[expo-cli] warning: Bundler cache is empty, rebuilding (this may take a minute)
[expo-cli] Web node_modules\expo\AppEntry.js ░░░░░░░░░░░░░░░░  0.0% (0/1)
[expo-cli] iOS node_modules\expo\AppEntry.js ░░░░░░░░░░░░░░░░  0.0% (0/1)
[expo-cli] Android node_modules\expo\AppEntry.js ░░░░░░░░░░░░░░░░  0.0% (0/1)
[expo-cli] | (node:17868) Warning: The 'NO_COLOR' env is ignored due to the 'FORCE_COLOR' env being set.
[expo-cli] Web node_modules\expo\AppEntry.js ░░░░░░░░░░░░░░░░  0.0% (0/1)
[expo-cli] iOS node_modules\expo\AppEntry.js ░░░░░░░░░░░░░░░░  0.0% (0/1)
[expo-cli] Android node_modules\expo\AppEntry.js ░░░░░░░░░░░░░░░░  0.0% (0/1)
[expo-cli] | (Use `node --trace-warnings ...` to show where the warning was created)
[expo-cli] Web node_modules\expo\AppEntry.js ░░░░░░░░░░░░░░░░  1.0% (1/1)
[expo-cli] iOS node_modules\expo\AppEntry.js ░░░░░░░░░░░░░░░░  1.0% (1/3)
[expo-cli] Android node_modules\expo\AppEntry.js ░░░░░░░░░░░░░░░░  1.0% (1/3)
[expo-cli] | (node:10496) Warning: The 'NO_COLOR' env is ignored due to the 'FORCE_COLOR' env being set.
[expo-cli] | (Use `node --trace-warnings ...` to show where the warning was created)
[expo-cli] Web node_modules\expo\AppEntry.js ░░░░░░░░░░░░░░░░  4.0% (2/3)
[expo-cli] iOS node_modules\expo\AppEntry.js ░░░░░░░░░░░░░░░░  4.0% (2/5)
[expo-cli] Android node_modules\expo\AppEntry.js ▓▓▓▓░░░░░░░░░░░░ 25.0% (30/60)
[expo-cli] | (node:8940) Warning: The 'NO_COLOR' env is ignored due to the 'FORCE_COLOR' env being set.
[expo-cli] | (Use `node --trace-warnings ...` to show where the warning was created)
[expo-cli] Web node_modules\expo\AppEntry.js ▓▓▓▓░░░░░░░░░░░░ 25.0% ( 6/13)
[expo-cli] iOS node_modules\expo\AppEntry.js ▓▓▓░░░░░░░░░░░░░ 19.1% ( 7/16)
[expo-cli] Android node_modules\expo\AppEntry.js ▓▓▓▓▓▓▓▓░░░░░░░░ 50.3% (62/92)
[expo-cli] Web node_modules\expo\AppEntry.js ▓▓▓▓░░░░░░░░░░░░ 28.4% ( 8/15)
[expo-cli] iOS node_modules\expo\AppEntry.js ▓▓▓░░░░░░░░░░░░░ 22.1% ( 9/23)
[expo-cli] Android node_modules\expo\AppEntry.js ▓▓▓▓▓▓▓▓░░░░░░░░ 50.3% ( 93/235)
[expo-cli] Web node_modules\expo\AppEntry.js ▓▓▓▓░░░░░░░░░░░░ 29.8% ( 12/103)
[expo-cli] iOS node_modules\expo\AppEntry.js ▓▓▓░░░░░░░░░░░░░ 22.1% ( 9/23)
[expo-cli] Android node_modules\expo\AppEntry.js ▓▓▓▓▓▓▓▓░░░░░░░░ 50.3% (110/284)
[expo-cli] | (node:20192) Warning: The 'NO_COLOR' env is ignored due to the 'FORCE_COLOR' env being set.
[expo-cli] | (Use `node --trace-warnings ...` to show where the warning was created)
[expo-cli] | (node:21060) Warning: The 'NO_COLOR' env is ignored due to the 'FORCE_COLOR' env being set.
[expo-cli] | (Use `node --trace-warnings ...` to show where the warning was created)
[expo-cli] | (node:20796) Warning: The 'NO_COLOR' env is ignored due to the 'FORCE_COLOR' env being set.
[expo-cli] | (Use `node --trace-warnings ...` to show where the warning was created)
[expo-cli] | (node:22840) Warning: The 'NO_COLOR' env is ignored due to the 'FORCE_COLOR' env being set.
[expo-cli] | (Use `node --trace-warnings ...` to show where the warning was created)
[expo-cli] | (node:9240) Warning: The 'NO_COLOR' env is ignored due to the 'FORCE_COLOR' env being set.
[expo-cli] | (Use `node --trace-warnings ...` to show where the warning was created)
[expo-cli] Web node_modules\expo\AppEntry.js ▓▓▓▓░░░░░░░░░░░░ 29.8% ( 13/103)
[expo-cli] iOS node_modules\expo\AppEntry.js ▓▓▓░░░░░░░░░░░░░ 22.1% ( 13/132)
[expo-cli] Android node_modules\expo\AppEntry.js ▓▓▓▓▓▓▓▓░░░░░░░░ 50.3% (118/373)
[expo-cli] Web node_modules\expo\AppEntry.js ▓▓▓▓░░░░░░░░░░░░ 29.8% ( 14/104)
[expo-cli] iOS node_modules\expo\AppEntry.js ▓▓▓░░░░░░░░░░░░░ 22.1% ( 16/209)
[expo-cli] Android node_modules\expo\AppEntry.js ▓▓▓▓▓▓▓▓░░░░░░░░ 50.3% (132/419)
[expo-cli] Web node_modules\expo\AppEntry.js ▓▓▓▓░░░░░░░░░░░░ 29.8% ( 18/108)
[expo-cli] iOS node_modules\expo\AppEntry.js ▓▓▓░░░░░░░░░░░░░ 22.1% ( 16/209)
[expo-cli] Android node_modules\expo\AppEntry.js ▓▓▓▓▓▓▓▓░░░░░░░░ 50.3% (172/439)
[expo-cli] Web node_modules\expo\AppEntry.js ▓▓▓▓░░░░░░░░░░░░ 29.8% ( 22/116)
[expo-cli] iOS node_modules\expo\AppEntry.js ▓▓▓░░░░░░░░░░░░░ 22.1% ( 29/221)
[expo-cli] Android node_modules\expo\AppEntry.js ▓▓▓▓▓▓▓▓░░░░░░░░ 50.3% (223/491)
[expo-cli] Web node_modules\expo\AppEntry.js ▓▓▓▓░░░░░░░░░░░░ 29.8% ( 22/116)
[expo-cli] iOS node_modules\expo\AppEntry.js ▓▓▓░░░░░░░░░░░░░ 22.1% ( 42/225)
[expo-cli] Android node_modules\expo\AppEntry.js ▓▓▓▓▓▓▓▓░░░░░░░░ 50.3% (268/589)
[expo-cli] Web node_modules\expo\AppEntry.js ▓▓▓▓░░░░░░░░░░░░ 29.8% ( 37/163)
[expo-cli] iOS node_modules\expo\AppEntry.js ▓▓▓░░░░░░░░░░░░░ 22.1% ( 42/225)
[expo-cli] Android node_modules\expo\AppEntry.js ▓▓▓▓▓▓▓▓░░░░░░░░ 50.3% (284/623)
[expo-cli] Web node_modules\expo\AppEntry.js ▓▓▓▓░░░░░░░░░░░░ 29.8% ( 53/199)
[expo-cli] iOS node_modules\expo\AppEntry.js ▓▓▓░░░░░░░░░░░░░ 22.1% ( 42/225)
[expo-cli] Android node_modules\expo\AppEntry.js ▓▓▓▓▓▓▓▓░░░░░░░░ 50.3% (284/623)
[expo-cli] Web node_modules\expo\AppEntry.js ▓▓▓▓░░░░░░░░░░░░ 29.8% ( 73/241)
[expo-cli] iOS node_modules\expo\AppEntry.js ▓▓▓░░░░░░░░░░░░░ 22.1% ( 42/225)
[expo-cli] Android node_modules\expo\AppEntry.js ▓▓▓▓▓▓▓▓░░░░░░░░ 50.3% (284/623)
[expo-cli] Web node_modules\expo\AppEntry.js ▓▓▓▓░░░░░░░░░░░░ 29.8% (102/330)
[expo-cli] iOS node_modules\expo\AppEntry.js ▓▓▓░░░░░░░░░░░░░ 22.1% ( 48/227)
[expo-cli] Android node_modules\expo\AppEntry.js ▓▓▓▓▓▓▓▓░░░░░░░░ 50.3% (298/643)
[expo-cli] Web node_modules\expo\AppEntry.js ▓▓▓▓░░░░░░░░░░░░ 29.8% (102/330)
[expo-cli] iOS node_modules\expo\AppEntry.js ▓▓▓░░░░░░░░░░░░░ 22.1% ( 56/238)
[expo-cli] Android node_modules\expo\AppEntry.js ▓▓▓▓▓▓▓▓░░░░░░░░ 50.3% (372/718)
[expo-cli] Web node_modules\expo\AppEntry.js ▓▓▓▓░░░░░░░░░░░░ 29.8% (102/330)
[expo-cli] iOS node_modules\expo\AppEntry.js ▓▓▓░░░░░░░░░░░░░ 22.1% (135/332)
[expo-cli] Android node_modules\expo\AppEntry.js ▓▓▓▓▓▓▓▓░░░░░░░░ 50.3% (388/725)
[expo-cli] Web node_modules\expo\AppEntry.js ▓▓▓▓░░░░░░░░░░░░ 29.8% (102/330)
[expo-cli] iOS node_modules\expo\AppEntry.js ▓▓▓░░░░░░░░░░░░░ 22.1% (187/452)
[expo-cli] Android node_modules\expo\AppEntry.js ▓▓▓▓▓▓▓▓░░░░░░░░ 50.3% (415/740)
[expo-cli] Web node_modules\expo\AppEntry.js ▓▓▓▓░░░░░░░░░░░░ 29.8% (113/345)
[expo-cli] iOS node_modules\expo\AppEntry.js ▓▓▓░░░░░░░░░░░░░ 22.1% (199/469)
[expo-cli] Android node_modules\expo\AppEntry.js ▓▓▓▓▓▓▓▓░░░░░░░░ 50.3% (450/755)
[expo-cli] Web node_modules\expo\AppEntry.js ▓▓▓▓░░░░░░░░░░░░ 29.8% (115/351)
[expo-cli] iOS node_modules\expo\AppEntry.js ▓▓▓░░░░░░░░░░░░░ 22.1% (208/509)
[expo-cli] Android node_modules\expo\AppEntry.js ▓▓▓▓▓▓▓▓░░░░░░░░ 50.3% (511/810)
[expo-cli] Web node_modules\expo\AppEntry.js ▓▓▓▓░░░░░░░░░░░░ 29.8% (121/352)
[expo-cli] iOS node_modules\expo\AppEntry.js ▓▓▓░░░░░░░░░░░░░ 22.1% (224/540)
[expo-cli] Android node_modules\expo\AppEntry.js ▓▓▓▓▓▓▓▓░░░░░░░░ 50.3% (622/906)
[expo-cli] Web node_modules\expo\AppEntry.js ▓▓▓▓░░░░░░░░░░░░ 29.8% (200/443)
[expo-cli] iOS node_modules\expo\AppEntry.js ▓▓▓░░░░░░░░░░░░░ 22.1% (224/540)
[expo-cli] Android node_modules\expo\AppEntry.js ▓▓▓▓▓▓▓▓░░░░░░░░ 50.3% (622/906)
[expo-cli] Web node_modules\expo\AppEntry.js ▓▓▓▓▓░░░░░░░░░░░ 32.5% (269/472)
[expo-cli] iOS node_modules\expo\AppEntry.js ▓▓▓░░░░░░░░░░░░░ 22.1% (224/540)
[expo-cli] Android node_modules\expo\AppEntry.js ▓▓▓▓▓▓▓▓░░░░░░░░ 50.3% (622/906)
[expo-cli] Web node_modules\expo\AppEntry.js ▓▓▓▓▓░░░░░░░░░░░ 35.1% (335/566)
[expo-cli] iOS node_modules\expo\AppEntry.js ▓▓▓░░░░░░░░░░░░░ 22.1% (224/540)
[expo-cli] Android node_modules\expo\AppEntry.js ▓▓▓▓▓▓▓▓░░░░░░░░ 50.5% (670/943)
[expo-cli] Web node_modules\expo\AppEntry.js ▓▓▓▓▓░░░░░░░░░░░ 35.2% (336/566)
[expo-cli] iOS node_modules\expo\AppEntry.js ▓▓▓▓░░░░░░░░░░░░ 25.8% (330/655)
[expo-cli] Android node_modules\expo\AppEntry.js ▓▓▓▓▓▓▓▓░░░░░░░░ 51.7% ( 721/1005)
[expo-cli] Web node_modules\expo\AppEntry.js ▓▓▓▓▓░░░░░░░░░░░ 35.2% (336/566)
[expo-cli] iOS node_modules\expo\AppEntry.js ▓▓▓▓░░░░░░░░░░░░ 31.2% (452/809)
[expo-cli] Android node_modules\expo\AppEntry.js ▓▓▓▓▓▓▓▓░░░░░░░░ 54.1% ( 746/1014)
[expo-cli] Web node_modules\expo\AppEntry.js ▓▓▓▓▓░░░░░░░░░░░ 36.9% (350/576)
[expo-cli] iOS node_modules\expo\AppEntry.js ▓▓▓▓▓░░░░░░░░░░░ 36.5% (502/831)
[expo-cli] Android node_modules\expo\AppEntry.js ▓▓▓▓▓▓▓▓▓▓░░░░░░ 62.7% ( 811/1024)
[expo-cli] Web node_modules\expo\AppEntry.js ▓▓▓▓▓░░░░░░░░░░░ 37.3% (352/576)
[expo-cli] iOS node_modules\expo\AppEntry.js ▓▓▓▓▓▓░░░░░░░░░░ 40.3% (540/851)
[expo-cli] Android node_modules\expo\AppEntry.js ▓▓▓▓▓▓▓▓▓▓▓░░░░░ 69.7% ( 904/1083)
[expo-cli] Web node_modules\expo\AppEntry.js ▓▓▓▓▓▓░░░░░░░░░░ 40.1% (418/660)
[expo-cli] iOS node_modules\expo\AppEntry.js ▓▓▓▓▓▓░░░░░░░░░░ 40.3% (540/851)
[expo-cli] Android node_modules\expo\AppEntry.js ▓▓▓▓▓▓▓▓▓▓▓░░░░░ 69.7% ( 907/1088)
[expo-cli] Web node_modules\expo\AppEntry.js ▓▓▓▓▓▓▓░░░░░░░░░ 43.8% (491/742)
[expo-cli] iOS node_modules\expo\AppEntry.js ▓▓▓▓▓▓░░░░░░░░░░ 40.3% (540/851)
[expo-cli] Android node_modules\expo\AppEntry.js ▓▓▓▓▓▓▓▓▓▓▓░░░░░ 69.7% ( 907/1088)
[expo-cli] | [33m» [1mandroid[22m: androidStatusBar.backgroundColor: Color conflicts with the splash.backgroundColor[39m
[expo-cli] Web node_modules\expo\AppEntry.js ▓▓▓▓▓▓▓░░░░░░░░░ 48.5% (528/758)
[expo-cli] iOS node_modules\expo\AppEntry.js ▓▓▓▓▓▓░░░░░░░░░░ 40.4% (543/854)
[expo-cli] Android node_modules\expo\AppEntry.js ▓▓▓▓▓▓▓▓▓▓▓░░░░░ 71.5% ( 921/1089)
[expo-cli] Web node_modules\expo\AppEntry.js ▓▓▓▓▓▓▓▓░░░░░░░░ 50.6% (550/773)
[expo-cli] iOS node_modules\expo\AppEntry.js ▓▓▓▓▓▓░░░░░░░░░░ 40.4% (543/854)
[expo-cli] Android node_modules\expo\AppEntry.js ▓▓▓▓▓▓▓▓▓▓▓▓░░░░ 79.4% ( 998/1121)
[expo-cli] Web node_modules\expo\AppEntry.js ▓▓▓▓▓▓▓▓░░░░░░░░ 50.6% (552/776)
[expo-cli] iOS node_modules\expo\AppEntry.js ▓▓▓▓▓▓▓▓░░░░░░░░ 54.6% (657/889)
[expo-cli] Android node_modules\expo\AppEntry.js ▓▓▓▓▓▓▓▓▓▓▓▓░░░░ 80.6% (1009/1124)
[expo-cli] Web node_modules\expo\AppEntry.js ▓▓▓▓▓▓▓▓░░░░░░░░ 51.9% (561/782)
[expo-cli] iOS node_modules\expo\AppEntry.js ▓▓▓▓▓▓▓▓▓░░░░░░░ 58.1% ( 767/1006)
[expo-cli] Android node_modules\expo\AppEntry.js ▓▓▓▓▓▓▓▓▓▓▓▓▓░░░ 82.0% (1023/1158)
[expo-cli] Web node_modules\expo\AppEntry.js ▓▓▓▓▓▓▓▓░░░░░░░░ 53.7% (583/800)
[expo-cli] iOS node_modules\expo\AppEntry.js ▓▓▓▓▓▓▓▓▓░░░░░░░ 59.7% ( 813/1052)
[expo-cli] Android node_modules\expo\AppEntry.js ▓▓▓▓▓▓▓▓▓▓▓▓▓░░░ 86.5% (1088/1170)
[expo-cli] Web node_modules\expo\AppEntry.js ▓▓▓▓▓▓▓▓▓░░░░░░░ 61.1% (672/860)
[expo-cli] iOS node_modules\expo\AppEntry.js ▓▓▓▓▓▓▓▓▓░░░░░░░ 60.2% ( 818/1054)
[expo-cli] Android node_modules\expo\AppEntry.js ▓▓▓▓▓▓▓▓▓▓▓▓▓░░░ 86.5% (1088/1170)
[expo-cli] Web node_modules\expo\AppEntry.js ▓▓▓▓▓▓▓▓▓▓░░░░░░ 67.9% (760/922)
[expo-cli] iOS node_modules\expo\AppEntry.js ▓▓▓▓▓▓▓▓▓░░░░░░░ 62.1% ( 836/1061)
[expo-cli] Android node_modules\expo\AppEntry.js ▓▓▓▓▓▓▓▓▓▓▓▓▓░░░ 86.5% (1088/1170)
[expo-cli] Web node_modules\expo\AppEntry.js ▓▓▓▓▓▓▓▓▓▓▓░░░░░ 69.8% (771/923)
[expo-cli] iOS node_modules\expo\AppEntry.js ▓▓▓▓▓▓▓▓▓▓░░░░░░ 68.6% ( 897/1083)
[expo-cli] Android node_modules\expo\AppEntry.js ▓▓▓▓▓▓▓▓▓▓▓▓▓▓░░ 90.1% (1122/1182)
[expo-cli] Web node_modules\expo\AppEntry.js ▓▓▓▓▓▓▓▓▓▓▓░░░░░ 71.9% (787/929)
[expo-cli] iOS node_modules\expo\AppEntry.js ▓▓▓▓▓▓▓▓▓▓▓░░░░░ 72.8% ( 941/1103)
[expo-cli] Android node_modules\expo\AppEntry.js ▓▓▓▓▓▓▓▓▓▓▓▓▓▓░░ 90.1% (1140/1221)
[expo-cli] Web node_modules\expo\AppEntry.js ▓▓▓▓▓▓▓▓▓▓▓░░░░░ 71.9% (787/929)
[expo-cli] iOS node_modules\expo\AppEntry.js ▓▓▓▓▓▓▓▓▓▓▓▓░░░░ 76.6% ( 980/1120)
[expo-cli] Android node_modules\expo\AppEntry.js ▓▓▓▓▓▓▓▓▓▓▓▓▓▓░░ 90.1% (1159/1252)
[expo-cli] Web node_modules\expo\AppEntry.js ▓▓▓▓▓▓▓▓▓▓▓▓░░░░ 75.7% (816/938)
[expo-cli] iOS node_modules\expo\AppEntry.js ▓▓▓▓▓▓▓▓▓▓▓▓▓░░░ 82.4% (1036/1141)
[expo-cli] Android node_modules\expo\AppEntry.js ▓▓▓▓▓▓▓▓▓▓▓▓▓▓░░ 90.1% (1159/1252)
[expo-cli] Web node_modules\expo\AppEntry.js ▓▓▓▓▓▓▓▓▓▓▓▓▓░░░ 83.9% (904/987)
[expo-cli] iOS node_modules\expo\AppEntry.js ▓▓▓▓▓▓▓▓▓▓▓▓▓░░░ 85.4% (1058/1145)
[expo-cli] Android node_modules\expo\AppEntry.js ▓▓▓▓▓▓▓▓▓▓▓▓▓▓░░ 90.1% (1159/1252)
[expo-cli] Web node_modules\expo\AppEntry.js ▓▓▓▓▓▓▓▓▓▓▓▓▓░░░ 86.4% (923/993)
[expo-cli] iOS node_modules\expo\AppEntry.js ▓▓▓▓▓▓▓▓▓▓▓▓▓▓░░ 88.0% (1095/1167)
[expo-cli] Android node_modules\expo\AppEntry.js ▓▓▓▓▓▓▓▓▓▓▓▓▓▓░░ 90.1% (1221/1306)
[expo-cli] Web node_modules\expo\AppEntry.js ▓▓▓▓▓▓▓▓▓▓▓▓▓░░░ 86.4% ( 971/1050)
[expo-cli] iOS node_modules\expo\AppEntry.js ▓▓▓▓▓▓▓▓▓▓▓▓▓▓░░ 90.1% (1145/1206)
[expo-cli] Android node_modules\expo\AppEntry.js ▓▓▓▓▓▓▓▓▓▓▓▓▓▓░░ 90.1% (1251/1335)
[expo-cli] Web node_modules\expo\AppEntry.js ▓▓▓▓▓▓▓▓▓▓▓▓▓░░░ 86.9% (1016/1117)
[expo-cli] iOS node_modules\expo\AppEntry.js ▓▓▓▓▓▓▓▓▓▓▓▓▓▓░░ 92.2% (1164/1212)
[expo-cli] Android node_modules\expo\AppEntry.js ▓▓▓▓▓▓▓▓▓▓▓▓▓▓░░ 90.1% (1259/1339)
[expo-cli] Web node_modules\expo\AppEntry.js ▓▓▓▓▓▓▓▓▓▓▓▓▓░░░ 86.9% (1033/1119)
[expo-cli] iOS node_modules\expo\AppEntry.js ▓▓▓▓▓▓▓▓▓▓▓▓▓▓░░ 92.7% (1178/1249)
[expo-cli] Android node_modules\expo\AppEntry.js ▓▓▓▓▓▓▓▓▓▓▓▓▓▓░░ 90.1% (1307/1377)
[expo-cli] Web node_modules\expo\AppEntry.js ▓▓▓▓▓▓▓▓▓▓▓▓▓░░░ 86.9% (1033/1119)
[expo-cli] iOS node_modules\expo\AppEntry.js ▓▓▓▓▓▓▓▓▓▓▓▓▓▓░░ 92.7% (1197/1273)
[expo-cli] Android node_modules\expo\AppEntry.js ▓▓▓▓▓▓▓▓▓▓▓▓▓▓░░ 92.9% (1330/1380)
[expo-cli] Web node_modules\expo\AppEntry.js ▓▓▓▓▓▓▓▓▓▓▓▓▓▓░░ 89.1% (1090/1159)
[expo-cli] iOS node_modules\expo\AppEntry.js ▓▓▓▓▓▓▓▓▓▓▓▓▓▓░░ 92.7% (1209/1274)
[expo-cli] Android node_modules\expo\AppEntry.js ▓▓▓▓▓▓▓▓▓▓▓▓▓▓▓░ 93.9% (1339/1382)
[expo-cli] Web node_modules\expo\AppEntry.js ▓▓▓▓▓▓▓▓▓▓▓▓▓▓░░ 89.8% (1119/1190)
[expo-cli] iOS node_modules\expo\AppEntry.js ▓▓▓▓▓▓▓▓▓▓▓▓▓▓░░ 92.7% (1231/1302)
[expo-cli] Android node_modules\expo\AppEntry.js ▓▓▓▓▓▓▓▓▓▓▓▓▓▓▓░ 95.9% (1377/1417)
[expo-cli] Web node_modules\expo\AppEntry.js ▓▓▓▓▓▓▓▓▓▓▓▓▓▓░░ 91.2% (1147/1201)
[expo-cli] iOS node_modules\expo\AppEntry.js ▓▓▓▓▓▓▓▓▓▓▓▓▓▓░░ 92.7% (1274/1354)
[expo-cli] Android node_modules\expo\AppEntry.js ▓▓▓▓▓▓▓▓▓▓▓▓▓▓▓░ 95.9% (1382/1428)
[expo-cli] Web node_modules\expo\AppEntry.js ▓▓▓▓▓▓▓▓▓▓▓▓▓▓▓░ 95.4% (1180/1208)
[expo-cli] iOS node_modules\expo\AppEntry.js ▓▓▓▓▓▓▓▓▓▓▓▓▓▓░░ 92.7% (1276/1355)
[expo-cli] Android node_modules\expo\AppEntry.js ▓▓▓▓▓▓▓▓▓▓▓▓▓▓▓░ 95.9% (1398/1455)
[expo-cli] Web node_modules\expo\AppEntry.js ▓▓▓▓▓▓▓▓▓▓▓▓▓▓▓░ 96.4% (1189/1211)
[expo-cli] iOS node_modules\expo\AppEntry.js ▓▓▓▓▓▓▓▓▓▓▓▓▓▓░░ 92.7% (1305/1388)
[expo-cli] Android node_modules\expo\AppEntry.js ▓▓▓▓▓▓▓▓▓▓▓▓▓▓▓░ 95.9% (1427/1471)
[expo-cli] Web node_modules\expo\AppEntry.js ▓▓▓▓▓▓▓▓▓▓▓▓▓▓▓░ 97.9% (1207/1231)
[expo-cli] iOS node_modules\expo\AppEntry.js ▓▓▓▓▓▓▓▓▓▓▓▓▓▓░░ 92.7% (1346/1413)
[expo-cli] Android node_modules\expo\AppEntry.js ▓▓▓▓▓▓▓▓▓▓▓▓▓▓▓░ 95.9% (1449/1490)
[expo-cli] Web node_modules\expo\AppEntry.js ▓▓▓▓▓▓▓▓▓▓▓▓▓▓▓░ 97.9% (1215/1237)
[expo-cli] iOS node_modules\expo\AppEntry.js ▓▓▓▓▓▓▓▓▓▓▓▓▓▓▓░ 94.8% (1411/1458)
[expo-cli] Android node_modules\expo\AppEntry.js ▓▓▓▓▓▓▓▓▓▓▓▓▓▓▓░ 95.9% (1472/1524)
[expo-cli] Web node_modules\expo\AppEntry.js ▓▓▓▓▓▓▓▓▓▓▓▓▓▓▓░ 97.9% (1254/1284)
[expo-cli] iOS node_modules\expo\AppEntry.js ▓▓▓▓▓▓▓▓▓▓▓▓▓▓▓░ 94.8% (1455/1496)
[expo-cli] Android node_modules\expo\AppEntry.js ▓▓▓▓▓▓▓▓▓▓▓▓▓▓▓░ 96.2% (1521/1551)
[expo-cli] Web node_modules\expo\AppEntry.js ▓▓▓▓▓▓▓▓▓▓▓▓▓▓▓░ 97.9% (1301/1320)
[expo-cli] iOS node_modules\expo\AppEntry.js ▓▓▓▓▓▓▓▓▓▓▓▓▓▓▓░ 98.0% (1506/1521)
[expo-cli] Android node_modules\expo\AppEntry.js ▓▓▓▓▓▓▓▓▓▓▓▓▓▓▓░ 99.5% (1555/1561)
[expo-cli] Web node_modules\expo\AppEntry.js ▓▓▓▓▓▓▓▓▓▓▓▓▓▓▓░ 99.9% (1332/1337)
[expo-cli] iOS node_modules\expo\AppEntry.js ▓▓▓▓▓▓▓▓▓▓▓▓▓▓▓░ 99.6% (1559/1562)
[expo-cli] Android node_modules\expo\AppEntry.js ▓▓▓▓▓▓▓▓▓▓▓▓▓▓▓░ 99.9% (1562/1562)
[expo-cli] Web node_modules\expo\AppEntry.js ▓▓▓▓▓▓▓▓▓▓▓▓▓▓▓░ 99.9% (1335/1337)
[expo-cli] iOS node_modules\expo\AppEntry.js ▓▓▓▓▓▓▓▓▓▓▓▓▓▓▓░ 99.6% (1559/1562)
[expo-cli] Android node_modules\expo\AppEntry.js ▓▓▓▓▓▓▓▓▓▓▓▓▓▓▓░ 99.9% (1562/1562)
[expo-cli] Web node_modules\expo\AppEntry.js ▓▓▓▓▓▓▓▓▓▓▓▓▓▓▓░ 99.9% (1337/1337)
[expo-cli] iOS node_modules\expo\AppEntry.js ▓▓▓▓▓▓▓▓▓▓▓▓▓▓▓░ 99.9% (1562/1562)
[expo-cli] Android node_modules\expo\AppEntry.js ▓▓▓▓▓▓▓▓▓▓▓▓▓▓▓░ 99.9% (1562/1562)
[expo-cli] Web Bundled 219873ms node_modules\expo\AppEntry.js (1337 modules)
[expo-cli] Web node_modules\expo\AppEntry.js ▓▓▓▓▓▓▓▓▓▓▓▓▓▓▓░ 99.9% (1337/1337)
[expo-cli] iOS node_modules\expo\AppEntry.js ▓▓▓▓▓▓▓▓▓▓▓▓▓▓▓░ 99.9% (1562/1562)
[expo-cli] Android node_modules\expo\AppEntry.js ▓▓▓▓▓▓▓▓▓▓▓▓▓▓▓░ 99.9% (1562/1562)
[expo-cli] iOS node_modules\expo\AppEntry.js ▓▓▓▓▓▓▓▓▓▓▓▓▓▓▓░ 99.9% (1562/1562)
[expo-cli] Android node_modules\expo\AppEntry.js ▓▓▓▓▓▓▓▓▓▓▓▓▓▓▓░ 99.9% (1562/1562)
[expo-cli] Android Bundled 237765ms node_modules\expo\AppEntry.js (1562 modules)
[expo-cli] iOS node_modules\expo\AppEntry.js ▓▓▓▓▓▓▓▓▓▓▓▓▓▓▓░ 99.9% (1562/1562)
[expo-cli] Android node_modules\expo\AppEntry.js ▓▓▓▓▓▓▓▓▓▓▓▓▓▓▓░ 99.9% (1562/1562)
[expo-cli] iOS node_modules\expo\AppEntry.js ▓▓▓▓▓▓▓▓▓▓▓▓▓▓▓░ 99.9% (1562/1562)
[expo-cli] iOS Bundled 258555ms node_modules\expo\AppEntry.js (1562 modules)
[expo-cli] iOS node_modules\expo\AppEntry.js ▓▓▓▓▓▓▓▓▓▓▓▓▓▓▓░ 99.9% (1562/1562)
[expo-cli] Creating asset map
[expo-cli] 
[expo-cli] › Assets (73):
[expo-cli] node_modules\@react-navigation\elements\lib\module\assets\back-icon-mask.0a328cd9c1afd0afe8e3b1ec5165b1b4.png (653 B)
[expo-cli] node_modules\@react-navigation\elements\lib\module\assets\back-icon-mask.png (653 B)
[expo-cli] node_modules\@react-navigation\elements\lib\module\assets\back-icon.35ba0eaec5a4f5ed12ca16fabeae451d.png (207 B)
[expo-cli] node_modules\@react-navigation\elements\lib\module\assets\back-icon.png (8 variations | 359 B)
[expo-cli] node_modules\@react-navigation\elements\lib\module\assets\clear-icon.c94f6478e7ae0cdd9f15de1fcb9e5e55.png (4 variations | 425 B)
[expo-cli] node_modules\@react-navigation\elements\lib\module\assets\clear-icon.png (4 variations | 425 B)
[expo-cli] node_modules\@react-navigation\elements\lib\module\assets\close-icon.808e1b1b9b53114ec2838071a7e6daa7.png (4 variations | 235 B)
[expo-cli] node_modules\@react-navigation\elements\lib\module\assets\close-icon.png (4 variations | 235 B)
[expo-cli] node_modules\@react-navigation\elements\lib\module\assets\search-icon.286d67d3f74808a60a78d3ebf1a5fb57.png (928 B)
[expo-cli] node_modules\@react-navigation\elements\lib\module\assets\search-icon.png (7 variations | 592 B)
[expo-cli] node_modules\expo\node_modules\@expo\vector-icons\build\vendor\react-native-vector-icons\Fonts\AntDesign.3f78af31cca60105799838a1a7a59fbd.ttf (130 kB)
[expo-cli] node_modules\expo\node_modules\@expo\vector-icons\build\vendor\react-native-vector-icons\Fonts\AntDesign.ttf (130 kB)
[expo-cli] node_modules\expo\node_modules\@expo\vector-icons\build\vendor\react-native-vector-icons\Fonts\Entypo.31b5ffea3daddc69dd01a1f3d6cf63c5.ttf (66.2 kB)
[expo-cli] node_modules\expo\node_modules\@expo\vector-icons\build\vendor\react-native-vector-icons\Fonts\Entypo.ttf (66.2 kB)
[expo-cli] node_modules\expo\node_modules\@expo\vector-icons\build\vendor\react-native-vector-icons\Fonts\EvilIcons.140c53a7643ea949007aa9a282153849.ttf (13.5 kB)
[expo-cli] node_modules\expo\node_modules\@expo\vector-icons\build\vendor\react-native-vector-icons\Fonts\EvilIcons.ttf (13.5 kB)
[expo-cli] node_modules\expo\node_modules\@expo\vector-icons\build\vendor\react-native-vector-icons\Fonts\Feather.ca4b48e04dc1ce10bfbddb262c8b835f.ttf (55.6 kB)
[expo-cli] node_modules\expo\node_modules\@expo\vector-icons\build\vendor\react-native-vector-icons\Fonts\Feather.ttf (55.6 kB)
[expo-cli] node_modules\expo\node_modules\@expo\vector-icons\build\vendor\react-native-vector-icons\Fonts\FontAwesome.b06871f281fee6b241d60582ae9369b9.ttf (166 kB)
[expo-cli] node_modules\expo\node_modules\@expo\vector-icons\build\vendor\react-native-vector-icons\Fonts\FontAwesome.ttf (166 kB)
[expo-cli] node_modules\expo\node_modules\@expo\vector-icons\build\vendor\react-native-vector-icons\Fonts\FontAwesome5_Brands.3b89dd103490708d19a95adcae52210e.ttf (134 kB)
[expo-cli] node_modules\expo\node_modules\@expo\vector-icons\build\vendor\react-native-vector-icons\Fonts\FontAwesome5_Brands.ttf (134 kB)
[expo-cli] node_modules\expo\node_modules\@expo\vector-icons\build\vendor\react-native-vector-icons\Fonts\FontAwesome5_Regular.1f77739ca9ff2188b539c36f30ffa2be.ttf (33.7 kB)
[expo-cli] node_modules\expo\node_modules\@expo\vector-icons\build\vendor\react-native-vector-icons\Fonts\FontAwesome5_Regular.ttf (33.7 kB)
[expo-cli] node_modules\expo\node_modules\@expo\vector-icons\build\vendor\react-native-vector-icons\Fonts\FontAwesome5_Solid.605ed7926cf39a2ad5ec2d1f9d391d3d.ttf (203 kB)
[expo-cli] node_modules\expo\node_modules\@expo\vector-icons\build\vendor\react-native-vector-icons\Fonts\FontAwesome5_Solid.ttf (203 kB)
[expo-cli] node_modules\expo\node_modules\@expo\vector-icons\build\vendor\react-native-vector-icons\Fonts\FontAwesome6_Brands.56c8d80832e37783f12c05db7c8849e2.ttf (209 kB)
[expo-cli] node_modules\expo\node_modules\@expo\vector-icons\build\vendor\react-native-vector-icons\Fonts\FontAwesome6_Brands.ttf (209 kB)
[expo-cli] node_modules\expo\node_modules\@expo\vector-icons\build\vendor\react-native-vector-icons\Fonts\FontAwesome6_Regular.370dd5af19f8364907b6e2c41f45dbbf.ttf (68 kB)
[expo-cli] node_modules\expo\node_modules\@expo\vector-icons\build\vendor\react-native-vector-icons\Fonts\FontAwesome6_Regular.ttf (68 kB)
[expo-cli] node_modules\expo\node_modules\@expo\vector-icons\build\vendor\react-native-vector-icons\Fonts\FontAwesome6_Solid.adec7d6f310bc577f05e8fe06a5daccf.ttf (424 kB)
[expo-cli] node_modules\expo\node_modules\@expo\vector-icons\build\vendor\react-native-vector-icons\Fonts\FontAwesome6_Solid.ttf (424 kB)
[expo-cli] node_modules\expo\node_modules\@expo\vector-icons\build\vendor\react-native-vector-icons\Fonts\Fontisto.b49ae8ab2dbccb02c4d11caaacf09eab.ttf (314 kB)
[expo-cli] node_modules\expo\node_modules\@expo\vector-icons\build\vendor\react-native-vector-icons\Fonts\Fontisto.ttf (314 kB)
[expo-cli] node_modules\expo\node_modules\@expo\vector-icons\build\vendor\react-native-vector-icons\Fonts\Foundation.e20945d7c929279ef7a6f1db184a4470.ttf (57 kB)
[expo-cli] node_modules\expo\node_modules\@expo\vector-icons\build\vendor\react-native-vector-icons\Fonts\Foundation.ttf (57 kB)
[expo-cli] node_modules\expo\node_modules\@expo\vector-icons\build\vendor\react-native-vector-icons\Fonts\Ionicons.b4eb097d35f44ed943676fd56f6bdc51.ttf (390 kB)
[expo-cli] node_modules\expo\node_modules\@expo\vector-icons\build\vendor\react-native-vector-icons\Fonts\Ionicons.ttf (390 kB)
[expo-cli] node_modules\expo\node_modules\@expo\vector-icons\build\vendor\react-native-vector-icons\Fonts\MaterialCommunityIcons.6e435534bd35da5fef04168860a9b8fa.ttf (1.31 MB)
[expo-cli] node_modules\expo\node_modules\@expo\vector-icons\build\vendor\react-native-vector-icons\Fonts\MaterialCommunityIcons.ttf (1.31 MB)
[expo-cli] node_modules\expo\node_modules\@expo\vector-icons\build\vendor\react-native-vector-icons\Fonts\MaterialIcons.4e85bc9ebe07e0340c9c4fc2f6c38908.ttf (357 kB)
[expo-cli] node_modules\expo\node_modules\@expo\vector-icons\build\vendor\react-native-vector-icons\Fonts\MaterialIcons.ttf (357 kB)
[expo-cli] node_modules\expo\node_modules\@expo\vector-icons\build\vendor\react-native-vector-icons\Fonts\Octicons.871378c6eab492a3e689a9385dc45a12.ttf (69.4 kB)
[expo-cli] node_modules\expo\node_modules\@expo\vector-icons\build\vendor\react-native-vector-icons\Fonts\Octicons.ttf (69.4 kB)
[expo-cli] node_modules\expo\node_modules\@expo\vector-icons\build\vendor\react-native-vector-icons\Fonts\SimpleLineIcons.d2285965fe34b05465047401b8595dd0.ttf (54.1 kB)
[expo-cli] node_modules\expo\node_modules\@expo\vector-icons\build\vendor\react-native-vector-icons\Fonts\SimpleLineIcons.ttf (54.1 kB)
[expo-cli] node_modules\expo\node_modules\@expo\vector-icons\build\vendor\react-native-vector-icons\Fonts\Zocial.1681f34aaca71b8dfb70756bca331eb2.ttf (25.8 kB)
[expo-cli] node_modules\expo\node_modules\@expo\vector-icons\build\vendor\react-native-vector-icons\Fonts\Zocial.ttf (25.8 kB)
[expo-cli] 
[expo-cli] › web bundles (6):
[expo-cli] _expo/static/js/web/AppEntry-562cba5c8ceb73a5852ce34fafd15ca6.js (3.01 MB)
[expo-cli] _expo/static/js/web/AppEntry-562cba5c8ceb73a5852ce34fafd15ca6.js.map (8.8 MB)
[expo-cli] _expo/static/js/web/index-b97faa453ccfbd7aa189feebd9ced04a.js (12.7 kB)
[expo-cli] _expo/static/js/web/index-b97faa453ccfbd7aa189feebd9ced04a.js.map (58.8 kB)
[expo-cli] _expo/static/js/web/ScreenCapture-8277d18a2618b9cc6374c649ce8c00e8.js (2.48 kB)
[expo-cli] _expo/static/js/web/ScreenCapture-8277d18a2618b9cc6374c649ce8c00e8.js.map (12.5 kB)
[expo-cli] 
[expo-cli] › android bundles (2):
[expo-cli] _expo/static/js/android/AppEntry-b55a722bd996cc2d844e82f86951e2cb.hbc (3.36 MB)
[expo-cli] _expo/static/js/android/AppEntry-b55a722bd996cc2d844e82f86951e2cb.hbc.map (9.66 MB)
[expo-cli] 
[expo-cli] › ios bundles (2):
[expo-cli] _expo/static/js/ios/AppEntry-d0ea286458302a1f7b6397f626b164d1.hbc (3.35 MB)
[expo-cli] _expo/static/js/ios/AppEntry-d0ea286458302a1f7b6397f626b164d1.hbc.map (9.62 MB)
[expo-cli] 
[expo-cli] › Files (4):
[expo-cli] assetmap.json (19.4 kB)
[expo-cli] favicon.ico (14.5 kB)
[expo-cli] index.html (1.22 kB)
[expo-cli] metadata.json (5.11 kB)
[expo-cli] 
[expo-cli] Exported: dist
✔ Exported bundle(s)
- Uploading...
- Uploading assetmap.json (0 / 19.0 KB)
✔ Uploaded assetmap.json 1s
√ Uploaded 2 app bundles
√ Uploading assets skipped - no new assets found
i 39 iOS assets, 39 Android assets (maximum: 2000 total per update). Learn more about asset limits: https://expo.fyi/eas-update-asset-limits
Skipping project fingerprints
- Publishing...
✔ Published!

Branch             production
Runtime version    1.6.0
Platform           android, ios
Update group ID    45f3eb9c-945d-4349-9e79-df85f86466e6
Android update ID  019f3660-ff15-7ae2-aac3-84489550705b
iOS update ID      019f3660-ff15-7722-96bc-86815e7a0d81
Message            fix(realtime): v24 zero-stale revoke/grant/channel state runtime 1.6.0
Commit             2852c8af67c6f615b80b1776f5d5cb63fe68c31a*
EAS Dashboard      https://expo.dev/accounts/isamu_123/projects/osmani-tv/updates/45f3eb9c-945d-4349-9e79-df85f86466e6

npm warn Unknown env config "devdir". This will stop working in the next major version of npm.


=== OTA runtime 1.7.0 ===
No environment variables with visibility "Plain text" and "Sensitive" found for the "production" environment on EAS.

- Exporting...
[expo-cli] --non-interactive is not supported, use $CI=1 instead
[expo-cli] » android: androidStatusBar.backgroundColor: Color conflicts with the splash.backgroundColor
[expo-cli] » android: androidStatusBar.backgroundColor: Color conflicts with the splash.backgroundColor
[expo-cli] » android: androidStatusBar.backgroundColor: Color conflicts with the splash.backgroundColor
[expo-cli] » android: androidStatusBar.backgroundColor: Color conflicts with the splash.backgroundColor
[expo-cli] » android: androidStatusBar.backgroundColor: Color conflicts with the splash.backgroundColor
[expo-cli] Starting Metro Bundler
[expo-cli] warning: Bundler cache is empty, rebuilding (this may take a minute)
[expo-cli] Web node_modules\expo\AppEntry.js ░░░░░░░░░░░░░░░░  0.0% (0/1)
[expo-cli] iOS node_modules\expo\AppEntry.js ░░░░░░░░░░░░░░░░  0.0% (0/1)
[expo-cli] Android node_modules\expo\AppEntry.js ░░░░░░░░░░░░░░░░  0.0% (0/1)
[expo-cli] | (node:21512) Warning: The 'NO_COLOR' env is ignored due to the 'FORCE_COLOR' env being set.
[expo-cli] | (Use `node --trace-warnings ...` to show where the warning was created)
[expo-cli] Web node_modules\expo\AppEntry.js ░░░░░░░░░░░░░░░░  1.0% (1/3)
[expo-cli] iOS node_modules\expo\AppEntry.js ░░░░░░░░░░░░░░░░  1.0% (1/1)
[expo-cli] Android node_modules\expo\AppEntry.js ░░░░░░░░░░░░░░░░  0.0% (0/1)
[expo-cli] | (node:25248) Warning: The 'NO_COLOR' env is ignored due to the 'FORCE_COLOR' env being set.
[expo-cli] | (Use `node --trace-warnings ...` to show where the warning was created)
[expo-cli] Web node_modules\expo\AppEntry.js ▓░░░░░░░░░░░░░░░  9.0% (3/6)
[expo-cli] iOS node_modules\expo\AppEntry.js ░░░░░░░░░░░░░░░░  1.0% (1/1)
[expo-cli] Android node_modules\expo\AppEntry.js ░░░░░░░░░░░░░░░░  1.0% (1/3)
[expo-cli] | (node:16804) Warning: The 'NO_COLOR' env is ignored due to the 'FORCE_COLOR' env being set.
[expo-cli] | (Use `node --trace-warnings ...` to show where the warning was created)
[expo-cli] Web node_modules\expo\AppEntry.js ▓▓▓▓░░░░░░░░░░░░ 25.0% ( 6/12)
[expo-cli] iOS node_modules\expo\AppEntry.js ▓▓░░░░░░░░░░░░░░ 13.6% (  8/102)
[expo-cli] Android node_modules\expo\AppEntry.js ▓░░░░░░░░░░░░░░░  9.0% ( 4/14)
[expo-cli] Web node_modules\expo\AppEntry.js ▓▓▓▓▓░░░░░░░░░░░ 34.0% ( 7/95)
[expo-cli] iOS node_modules\expo\AppEntry.js ▓▓░░░░░░░░░░░░░░ 13.6% ( 30/166)
[expo-cli] Android node_modules\expo\AppEntry.js ▓░░░░░░░░░░░░░░░  9.0% (  8/105)
[expo-cli] | (node:22184) Warning: The 'NO_COLOR' env is ignored due to the 'FORCE_COLOR' env being set.
[expo-cli] | (Use `node --trace-warnings ...` to show where the warning was created)
[expo-cli] | (node:19100) Warning: The 'NO_COLOR' env is ignored due to the 'FORCE_COLOR' env being set.
[expo-cli] | (Use `node --trace-warnings ...` to show where the warning was created)
[expo-cli] | (node:21460) Warning: The 'NO_COLOR' env is ignored due to the 'FORCE_COLOR' env being set.
[expo-cli] | (Use `node --trace-warnings ...` to show where the warning was created)
[expo-cli] | (node:11456) Warning: The 'NO_COLOR' env is ignored due to the 'FORCE_COLOR' env being set.
[expo-cli] | (Use `node --trace-warnings ...` to show where the warning was created)
[expo-cli] | (node:7036) Warning: The 'NO_COLOR' env is ignored due to the 'FORCE_COLOR' env being set.
[expo-cli] | (Use `node --trace-warnings ...` to show where the warning was created)
[expo-cli] Web node_modules\expo\AppEntry.js ▓▓▓▓▓░░░░░░░░░░░ 34.0% (12/97)
[expo-cli] iOS node_modules\expo\AppEntry.js ▓▓░░░░░░░░░░░░░░ 13.6% ( 48/198)
[expo-cli] Android node_modules\expo\AppEntry.js ▓░░░░░░░░░░░░░░░  9.0% (  8/105)
[expo-cli] Web node_modules\expo\AppEntry.js ▓▓▓▓▓░░░░░░░░░░░ 34.0% (12/97)
[expo-cli] iOS node_modules\expo\AppEntry.js ▓▓░░░░░░░░░░░░░░ 17.1% (101/311)
[expo-cli] Android node_modules\expo\AppEntry.js ▓░░░░░░░░░░░░░░░  9.0% ( 22/120)
[expo-cli] Web node_modules\expo\AppEntry.js ▓▓▓▓▓░░░░░░░░░░░ 34.0% (12/97)
[expo-cli] iOS node_modules\expo\AppEntry.js ▓▓░░░░░░░░░░░░░░ 17.1% (108/315)
[expo-cli] Android node_modules\expo\AppEntry.js ▓▓▓░░░░░░░░░░░░░ 21.4% (100/220)
[expo-cli] Web node_modules\expo\AppEntry.js ▓▓▓▓▓░░░░░░░░░░░ 34.0% ( 35/214)
[expo-cli] iOS node_modules\expo\AppEntry.js ▓▓▓░░░░░░░░░░░░░ 19.7% (159/358)
[expo-cli] Android node_modules\expo\AppEntry.js ▓▓▓░░░░░░░░░░░░░ 21.4% (106/319)
[expo-cli] Web node_modules\expo\AppEntry.js ▓▓▓▓▓░░░░░░░░░░░ 34.0% ( 64/250)
[expo-cli] iOS node_modules\expo\AppEntry.js ▓▓▓░░░░░░░░░░░░░ 19.7% (159/358)
[expo-cli] Android node_modules\expo\AppEntry.js ▓▓▓░░░░░░░░░░░░░ 21.4% (106/319)
[expo-cli] Web node_modules\expo\AppEntry.js ▓▓▓▓▓░░░░░░░░░░░ 34.0% ( 88/294)
[expo-cli] iOS node_modules\expo\AppEntry.js ▓▓▓░░░░░░░░░░░░░ 22.9% (178/372)
[expo-cli] Android node_modules\expo\AppEntry.js ▓▓▓░░░░░░░░░░░░░ 21.4% (106/319)
[expo-cli] Web node_modules\expo\AppEntry.js ▓▓▓▓▓░░░░░░░░░░░ 34.0% (101/317)
[expo-cli] iOS node_modules\expo\AppEntry.js ▓▓▓▓░░░░░░░░░░░░ 27.9% (264/505)
[expo-cli] Android node_modules\expo\AppEntry.js ▓▓▓░░░░░░░░░░░░░ 21.4% (106/319)
[expo-cli] Web node_modules\expo\AppEntry.js ▓▓▓▓▓░░░░░░░░░░░ 34.0% (101/317)
[expo-cli] iOS node_modules\expo\AppEntry.js ▓▓▓▓░░░░░░░░░░░░ 29.5% (303/583)
[expo-cli] Android node_modules\expo\AppEntry.js ▓▓▓░░░░░░░░░░░░░ 21.4% (154/368)
[expo-cli] Web node_modules\expo\AppEntry.js ▓▓▓▓▓░░░░░░░░░░░ 34.0% (101/317)
[expo-cli] iOS node_modules\expo\AppEntry.js ▓▓▓▓░░░░░░░░░░░░ 29.5% (334/630)
[expo-cli] Android node_modules\expo\AppEntry.js ▓▓▓▓░░░░░░░░░░░░ 29.3% (269/547)
[expo-cli] Web node_modules\expo\AppEntry.js ▓▓▓▓▓░░░░░░░░░░░ 34.0% (101/317)
[expo-cli] iOS node_modules\expo\AppEntry.js ▓▓▓▓░░░░░░░░░░░░ 29.5% (340/631)
[expo-cli] Android node_modules\expo\AppEntry.js ▓▓▓▓░░░░░░░░░░░░ 29.3% (304/602)
[expo-cli] Web node_modules\expo\AppEntry.js ▓▓▓▓▓░░░░░░░░░░░ 34.0% (137/351)
[expo-cli] iOS node_modules\expo\AppEntry.js ▓▓▓▓░░░░░░░░░░░░ 29.5% (357/662)
[expo-cli] Android node_modules\expo\AppEntry.js ▓▓▓▓░░░░░░░░░░░░ 29.3% (317/618)
[expo-cli] Web node_modules\expo\AppEntry.js ▓▓▓▓▓░░░░░░░░░░░ 34.0% (208/486)
[expo-cli] iOS node_modules\expo\AppEntry.js ▓▓▓▓░░░░░░░░░░░░ 29.5% (357/662)
[expo-cli] Android node_modules\expo\AppEntry.js ▓▓▓▓░░░░░░░░░░░░ 29.3% (318/618)
[expo-cli] Web node_modules\expo\AppEntry.js ▓▓▓▓▓░░░░░░░░░░░ 34.0% (290/544)
[expo-cli] iOS node_modules\expo\AppEntry.js ▓▓▓▓░░░░░░░░░░░░ 29.5% (357/662)
[expo-cli] Android node_modules\expo\AppEntry.js ▓▓▓▓░░░░░░░░░░░░ 29.3% (318/618)
[expo-cli] Web node_modules\expo\AppEntry.js ▓▓▓▓▓░░░░░░░░░░░ 34.0% (313/552)
[expo-cli] iOS node_modules\expo\AppEntry.js ▓▓▓▓▓▓░░░░░░░░░░ 43.2% (466/709)
[expo-cli] Android node_modules\expo\AppEntry.js ▓▓▓▓░░░░░░░░░░░░ 29.3% (318/618)
[expo-cli] Web node_modules\expo\AppEntry.js ▓▓▓▓▓░░░░░░░░░░░ 34.9% (333/564)
[expo-cli] iOS node_modules\expo\AppEntry.js ▓▓▓▓▓▓▓░░░░░░░░░ 49.4% (572/832)
[expo-cli] Android node_modules\expo\AppEntry.js ▓▓▓▓░░░░░░░░░░░░ 29.3% (318/618)
[expo-cli] Web node_modules\expo\AppEntry.js ▓▓▓▓▓░░░░░░░░░░░ 34.9% (333/564)
[expo-cli] iOS node_modules\expo\AppEntry.js ▓▓▓▓▓▓▓░░░░░░░░░ 49.4% (613/879)
[expo-cli] Android node_modules\expo\AppEntry.js ▓▓▓▓▓░░░░░░░░░░░ 35.5% (408/685)
[expo-cli] Web node_modules\expo\AppEntry.js ▓▓▓▓▓░░░░░░░░░░░ 34.9% (333/564)
[expo-cli] iOS node_modules\expo\AppEntry.js ▓▓▓▓▓▓▓▓░░░░░░░░ 50.7% (630/885)
[expo-cli] Android node_modules\expo\AppEntry.js ▓▓▓▓▓▓░░░░░░░░░░ 43.6% (549/845)
[expo-cli] Web node_modules\expo\AppEntry.js ▓▓▓▓▓░░░░░░░░░░░ 36.3% (348/598)
[expo-cli] iOS node_modules\expo\AppEntry.js ▓▓▓▓▓▓▓▓░░░░░░░░ 54.3% (661/897)
[expo-cli] Android node_modules\expo\AppEntry.js ▓▓▓▓▓▓▓░░░░░░░░░ 49.3% (618/880)
[expo-cli] Web node_modules\expo\AppEntry.js ▓▓▓▓▓▓░░░░░░░░░░ 39.9% (426/674)
[expo-cli] iOS node_modules\expo\AppEntry.js ▓▓▓▓▓▓▓▓░░░░░░░░ 54.3% (661/897)
[expo-cli] Android node_modules\expo\AppEntry.js ▓▓▓▓▓▓▓▓░░░░░░░░ 51.1% (629/880)
[expo-cli] Web node_modules\expo\AppEntry.js ▓▓▓▓▓▓▓▓░░░░░░░░ 50.1% (511/725)
[expo-cli] iOS node_modules\expo\AppEntry.js ▓▓▓▓▓▓▓▓░░░░░░░░ 54.3% (661/897)
[expo-cli] Android node_modules\expo\AppEntry.js ▓▓▓▓▓▓▓▓░░░░░░░░ 52.1% (643/891)
[expo-cli] Web node_modules\expo\AppEntry.js ▓▓▓▓▓▓▓▓░░░░░░░░ 51.7% (547/762)
[expo-cli] iOS node_modules\expo\AppEntry.js ▓▓▓▓▓▓▓▓▓░░░░░░░ 60.6% (752/978)
[expo-cli] Android node_modules\expo\AppEntry.js ▓▓▓▓▓▓▓▓░░░░░░░░ 53.0% (650/893)
[expo-cli] | [33m» [1mandroid[22m: androidStatusBar.backgroundColor: Color conflicts with the splash.backgroundColor[39m
[expo-cli] Web node_modules\expo\AppEntry.js ▓▓▓▓▓▓▓▓░░░░░░░░ 52.3% (560/774)
[expo-cli] iOS node_modules\expo\AppEntry.js ▓▓▓▓▓▓▓▓▓▓░░░░░░ 67.6% ( 864/1051)
[expo-cli] Android node_modules\expo\AppEntry.js ▓▓▓▓▓▓▓▓░░░░░░░░ 53.0% (650/893)
[expo-cli] Web node_modules\expo\AppEntry.js ▓▓▓▓▓▓▓▓░░░░░░░░ 52.3% (560/774)
[expo-cli] iOS node_modules\expo\AppEntry.js ▓▓▓▓▓▓▓▓▓▓▓░░░░░ 68.9% ( 880/1063)
[expo-cli] Android node_modules\expo\AppEntry.js ▓▓▓▓▓▓▓▓▓░░░░░░░ 61.1% (716/916)
[expo-cli] Web node_modules\expo\AppEntry.js ▓▓▓▓▓▓▓▓░░░░░░░░ 52.3% (560/774)
[expo-cli] iOS node_modules\expo\AppEntry.js ▓▓▓▓▓▓▓▓▓▓▓░░░░░ 68.9% ( 880/1063)
[expo-cli] Android node_modules\expo\AppEntry.js ▓▓▓▓▓▓▓▓▓▓░░░░░░ 66.9% ( 848/1050)
[expo-cli] Web node_modules\expo\AppEntry.js ▓▓▓▓▓▓▓▓▓░░░░░░░ 57.9% (623/823)
[expo-cli] iOS node_modules\expo\AppEntry.js ▓▓▓▓▓▓▓▓▓▓▓░░░░░ 69.3% ( 895/1075)
[expo-cli] Android node_modules\expo\AppEntry.js ▓▓▓▓▓▓▓▓▓▓░░░░░░ 68.4% ( 879/1063)
[expo-cli] Web node_modules\expo\AppEntry.js ▓▓▓▓▓▓▓▓▓▓▓░░░░░ 70.5% (744/893)
[expo-cli] iOS node_modules\expo\AppEntry.js ▓▓▓▓▓▓▓▓▓▓▓░░░░░ 69.3% ( 895/1075)
[expo-cli] Android node_modules\expo\AppEntry.js ▓▓▓▓▓▓▓▓▓▓░░░░░░ 68.4% ( 879/1063)
[expo-cli] Web node_modules\expo\AppEntry.js ▓▓▓▓▓▓▓▓▓▓▓░░░░░ 72.5% (773/922)
[expo-cli] iOS node_modules\expo\AppEntry.js ▓▓▓▓▓▓▓▓▓▓▓▓░░░░ 77.4% (1010/1148)
[expo-cli] Android node_modules\expo\AppEntry.js ▓▓▓▓▓▓▓▓▓▓░░░░░░ 68.4% ( 879/1063)
[expo-cli] Web node_modules\expo\AppEntry.js ▓▓▓▓▓▓▓▓▓▓▓░░░░░ 72.5% (773/922)
[expo-cli] iOS node_modules\expo\AppEntry.js ▓▓▓▓▓▓▓▓▓▓▓▓▓░░░ 84.2% (1067/1163)
[expo-cli] Android node_modules\expo\AppEntry.js ▓▓▓▓▓▓▓▓▓▓▓▓░░░░ 78.5% ( 987/1114)
[expo-cli] Web node_modules\expo\AppEntry.js ▓▓▓▓▓▓▓▓▓▓▓░░░░░ 74.4% (812/943)
[expo-cli] iOS node_modules\expo\AppEntry.js ▓▓▓▓▓▓▓▓▓▓▓▓▓░░░ 85.1% (1073/1163)
[expo-cli] Android node_modules\expo\AppEntry.js ▓▓▓▓▓▓▓▓▓▓▓▓▓░░░ 83.2% (1061/1163)
[expo-cli] Web node_modules\expo\AppEntry.js ▓▓▓▓▓▓▓▓▓▓▓▓░░░░ 79.0% ( 884/1003)
[expo-cli] iOS node_modules\expo\AppEntry.js ▓▓▓▓▓▓▓▓▓▓▓▓▓░░░ 85.1% (1073/1163)
[expo-cli] Android node_modules\expo\AppEntry.js ▓▓▓▓▓▓▓▓▓▓▓▓▓░░░ 84.7% (1075/1168)
[expo-cli] Web node_modules\expo\AppEntry.js ▓▓▓▓▓▓▓▓▓▓▓▓▓░░░ 81.4% ( 916/1015)
[expo-cli] iOS node_modules\expo\AppEntry.js ▓▓▓▓▓▓▓▓▓▓▓▓▓▓▓░ 96.1% (1161/1211)
[expo-cli] Android node_modules\expo\AppEntry.js ▓▓▓▓▓▓▓▓▓▓▓▓▓░░░ 86.8% (1092/1172)
[expo-cli] Web node_modules\expo\AppEntry.js ▓▓▓▓▓▓▓▓▓▓▓▓▓░░░ 86.4% ( 970/1065)
[expo-cli] iOS node_modules\expo\AppEntry.js ▓▓▓▓▓▓▓▓▓▓▓▓▓▓▓░ 96.1% (1168/1214)
[expo-cli] Android node_modules\expo\AppEntry.js ▓▓▓▓▓▓▓▓▓▓▓▓▓▓░░ 92.6% (1166/1212)
[expo-cli] Web node_modules\expo\AppEntry.js ▓▓▓▓▓▓▓▓▓▓▓▓▓░░░ 86.4% (1018/1117)
[expo-cli] iOS node_modules\expo\AppEntry.js ▓▓▓▓▓▓▓▓▓▓▓▓▓▓▓░ 96.1% (1192/1242)
[expo-cli] Android node_modules\expo\AppEntry.js ▓▓▓▓▓▓▓▓▓▓▓▓▓▓░░ 92.6% (1166/1212)
[expo-cli] Web node_modules\expo\AppEntry.js ▓▓▓▓▓▓▓▓▓▓▓▓▓░░░ 86.4% (1038/1119)
[expo-cli] iOS node_modules\expo\AppEntry.js ▓▓▓▓▓▓▓▓▓▓▓▓▓▓▓░ 96.1% (1214/1287)
[expo-cli] Android node_modules\expo\AppEntry.js ▓▓▓▓▓▓▓▓▓▓▓▓▓▓▓░ 94.0% (1212/1287)
[expo-cli] Web node_modules\expo\AppEntry.js ▓▓▓▓▓▓▓▓▓▓▓▓▓░░░ 87.4% (1108/1185)
[expo-cli] iOS node_modules\expo\AppEntry.js ▓▓▓▓▓▓▓▓▓▓▓▓▓▓▓░ 96.1% (1222/1307)
[expo-cli] Android node_modules\expo\AppEntry.js ▓▓▓▓▓▓▓▓▓▓▓▓▓▓▓░ 94.0% (1214/1287)
[expo-cli] Web node_modules\expo\AppEntry.js ▓▓▓▓▓▓▓▓▓▓▓▓▓▓░░ 88.3% (1118/1190)
[expo-cli] iOS node_modules\expo\AppEntry.js ▓▓▓▓▓▓▓▓▓▓▓▓▓▓▓░ 96.1% (1283/1371)
[expo-cli] Android node_modules\expo\AppEntry.js ▓▓▓▓▓▓▓▓▓▓▓▓▓▓▓░ 94.0% (1265/1348)
[expo-cli] Web node_modules\expo\AppEntry.js ▓▓▓▓▓▓▓▓▓▓▓▓▓▓▓░ 93.8% (1167/1205)
[expo-cli] iOS node_modules\expo\AppEntry.js ▓▓▓▓▓▓▓▓▓▓▓▓▓▓▓░ 96.1% (1283/1371)
[expo-cli] Android node_modules\expo\AppEntry.js ▓▓▓▓▓▓▓▓▓▓▓▓▓▓▓░ 94.0% (1285/1373)
[expo-cli] Web node_modules\expo\AppEntry.js ▓▓▓▓▓▓▓▓▓▓▓▓▓▓▓░ 96.2% (1188/1211)
[expo-cli] iOS node_modules\expo\AppEntry.js ▓▓▓▓▓▓▓▓▓▓▓▓▓▓▓░ 96.1% (1329/1412)
[expo-cli] Android node_modules\expo\AppEntry.js ▓▓▓▓▓▓▓▓▓▓▓▓▓▓▓░ 94.0% (1285/1373)
[expo-cli] Web node_modules\expo\AppEntry.js ▓▓▓▓▓▓▓▓▓▓▓▓▓▓▓░ 96.6% (1190/1211)
[expo-cli] iOS node_modules\expo\AppEntry.js ▓▓▓▓▓▓▓▓▓▓▓▓▓▓▓░ 96.1% (1372/1436)
[expo-cli] Android node_modules\expo\AppEntry.js ▓▓▓▓▓▓▓▓▓▓▓▓▓▓▓░ 94.0% (1301/1394)
[expo-cli] Web node_modules\expo\AppEntry.js ▓▓▓▓▓▓▓▓▓▓▓▓▓▓▓░ 96.6% (1190/1211)
[expo-cli] iOS node_modules\expo\AppEntry.js ▓▓▓▓▓▓▓▓▓▓▓▓▓▓▓░ 96.1% (1375/1437)
[expo-cli] Android node_modules\expo\AppEntry.js ▓▓▓▓▓▓▓▓▓▓▓▓▓▓▓░ 94.0% (1351/1422)
[expo-cli] Web node_modules\expo\AppEntry.js ▓▓▓▓▓▓▓▓▓▓▓▓▓▓▓░ 97.7% (1211/1235)
[expo-cli] iOS node_modules\expo\AppEntry.js ▓▓▓▓▓▓▓▓▓▓▓▓▓▓▓░ 96.1% (1434/1478)
[expo-cli] Android node_modules\expo\AppEntry.js ▓▓▓▓▓▓▓▓▓▓▓▓▓▓▓░ 94.0% (1396/1445)
[expo-cli] Web node_modules\expo\AppEntry.js ▓▓▓▓▓▓▓▓▓▓▓▓▓▓▓░ 97.7% (1252/1272)
[expo-cli] iOS node_modules\expo\AppEntry.js ▓▓▓▓▓▓▓▓▓▓▓▓▓▓▓░ 97.0% (1500/1529)
[expo-cli] Android node_modules\expo\AppEntry.js ▓▓▓▓▓▓▓▓▓▓▓▓▓▓▓░ 95.8% (1467/1499)
[expo-cli] Web node_modules\expo\AppEntry.js ▓▓▓▓▓▓▓▓▓▓▓▓▓▓▓░ 97.7% (1308/1328)
[expo-cli] iOS node_modules\expo\AppEntry.js ▓▓▓▓▓▓▓▓▓▓▓▓▓▓▓░ 98.3% (1541/1554)
[expo-cli] Android node_modules\expo\AppEntry.js ▓▓▓▓▓▓▓▓▓▓▓▓▓▓▓░ 98.2% (1534/1552)
[expo-cli] Web node_modules\expo\AppEntry.js ▓▓▓▓▓▓▓▓▓▓▓▓▓▓▓░ 99.9% (1337/1337)
[expo-cli] iOS node_modules\expo\AppEntry.js ▓▓▓▓▓▓▓▓▓▓▓▓▓▓▓░ 99.9% (1562/1562)
[expo-cli] Android node_modules\expo\AppEntry.js ▓▓▓▓▓▓▓▓▓▓▓▓▓▓▓░ 99.9% (1562/1562)
[expo-cli] Web Bundled 185782ms node_modules\expo\AppEntry.js (1337 modules)
[expo-cli] Web node_modules\expo\AppEntry.js ▓▓▓▓▓▓▓▓▓▓▓▓▓▓▓░ 99.9% (1337/1337)
[expo-cli] iOS node_modules\expo\AppEntry.js ▓▓▓▓▓▓▓▓▓▓▓▓▓▓▓░ 99.9% (1562/1562)
[expo-cli] Android node_modules\expo\AppEntry.js ▓▓▓▓▓▓▓▓▓▓▓▓▓▓▓░ 99.9% (1562/1562)
[expo-cli] iOS node_modules\expo\AppEntry.js ▓▓▓▓▓▓▓▓▓▓▓▓▓▓▓░ 99.9% (1562/1562)
[expo-cli] Android node_modules\expo\AppEntry.js ▓▓▓▓▓▓▓▓▓▓▓▓▓▓▓░ 99.9% (1562/1562)
[expo-cli] iOS Bundled 209030ms node_modules\expo\AppEntry.js (1562 modules)
[expo-cli] iOS node_modules\expo\AppEntry.js ▓▓▓▓▓▓▓▓▓▓▓▓▓▓▓░ 99.9% (1562/1562)
[expo-cli] Android node_modules\expo\AppEntry.js ▓▓▓▓▓▓▓▓▓▓▓▓▓▓▓░ 99.9% (1562/1562)
[expo-cli] Android node_modules\expo\AppEntry.js ▓▓▓▓▓▓▓▓▓▓▓▓▓▓▓░ 99.9% (1562/1562)
[expo-cli] Android Bundled 228128ms node_modules\expo\AppEntry.js (1562 modules)
[expo-cli] Android node_modules\expo\AppEntry.js ▓▓▓▓▓▓▓▓▓▓▓▓▓▓▓░ 99.9% (1562/1562)
[expo-cli] Creating asset map
[expo-cli] 
[expo-cli] › Assets (73):
[expo-cli] node_modules\@react-navigation\elements\lib\module\assets\back-icon-mask.0a328cd9c1afd0afe8e3b1ec5165b1b4.png (653 B)
[expo-cli] node_modules\@react-navigation\elements\lib\module\assets\back-icon-mask.png (653 B)
[expo-cli] node_modules\@react-navigation\elements\lib\module\assets\back-icon.35ba0eaec5a4f5ed12ca16fabeae451d.png (207 B)
[expo-cli] node_modules\@react-navigation\elements\lib\module\assets\back-icon.png (8 variations | 359 B)
[expo-cli] node_modules\@react-navigation\elements\lib\module\assets\clear-icon.c94f6478e7ae0cdd9f15de1fcb9e5e55.png (4 variations | 425 B)
[expo-cli] node_modules\@react-navigation\elements\lib\module\assets\clear-icon.png (4 variations | 425 B)
[expo-cli] node_modules\@react-navigation\elements\lib\module\assets\close-icon.808e1b1b9b53114ec2838071a7e6daa7.png (4 variations | 235 B)
[expo-cli] node_modules\@react-navigation\elements\lib\module\assets\close-icon.png (4 variations | 235 B)
[expo-cli] node_modules\@react-navigation\elements\lib\module\assets\search-icon.286d67d3f74808a60a78d3ebf1a5fb57.png (928 B)
[expo-cli] node_modules\@react-navigation\elements\lib\module\assets\search-icon.png (7 variations | 592 B)
[expo-cli] node_modules\expo\node_modules\@expo\vector-icons\build\vendor\react-native-vector-icons\Fonts\AntDesign.3f78af31cca60105799838a1a7a59fbd.ttf (130 kB)
[expo-cli] node_modules\expo\node_modules\@expo\vector-icons\build\vendor\react-native-vector-icons\Fonts\AntDesign.ttf (130 kB)
[expo-cli] node_modules\expo\node_modules\@expo\vector-icons\build\vendor\react-native-vector-icons\Fonts\Entypo.31b5ffea3daddc69dd01a1f3d6cf63c5.ttf (66.2 kB)
[expo-cli] node_modules\expo\node_modules\@expo\vector-icons\build\vendor\react-native-vector-icons\Fonts\Entypo.ttf (66.2 kB)
[expo-cli] node_modules\expo\node_modules\@expo\vector-icons\build\vendor\react-native-vector-icons\Fonts\EvilIcons.140c53a7643ea949007aa9a282153849.ttf (13.5 kB)
[expo-cli] node_modules\expo\node_modules\@expo\vector-icons\build\vendor\react-native-vector-icons\Fonts\EvilIcons.ttf (13.5 kB)
[expo-cli] node_modules\expo\node_modules\@expo\vector-icons\build\vendor\react-native-vector-icons\Fonts\Feather.ca4b48e04dc1ce10bfbddb262c8b835f.ttf (55.6 kB)
[expo-cli] node_modules\expo\node_modules\@expo\vector-icons\build\vendor\react-native-vector-icons\Fonts\Feather.ttf (55.6 kB)
[expo-cli] node_modules\expo\node_modules\@expo\vector-icons\build\vendor\react-native-vector-icons\Fonts\FontAwesome.b06871f281fee6b241d60582ae9369b9.ttf (166 kB)
[expo-cli] node_modules\expo\node_modules\@expo\vector-icons\build\vendor\react-native-vector-icons\Fonts\FontAwesome.ttf (166 kB)
[expo-cli] node_modules\expo\node_modules\@expo\vector-icons\build\vendor\react-native-vector-icons\Fonts\FontAwesome5_Brands.3b89dd103490708d19a95adcae52210e.ttf (134 kB)
[expo-cli] node_modules\expo\node_modules\@expo\vector-icons\build\vendor\react-native-vector-icons\Fonts\FontAwesome5_Brands.ttf (134 kB)
[expo-cli] node_modules\expo\node_modules\@expo\vector-icons\build\vendor\react-native-vector-icons\Fonts\FontAwesome5_Regular.1f77739ca9ff2188b539c36f30ffa2be.ttf (33.7 kB)
[expo-cli] node_modules\expo\node_modules\@expo\vector-icons\build\vendor\react-native-vector-icons\Fonts\FontAwesome5_Regular.ttf (33.7 kB)
[expo-cli] node_modules\expo\node_modules\@expo\vector-icons\build\vendor\react-native-vector-icons\Fonts\FontAwesome5_Solid.605ed7926cf39a2ad5ec2d1f9d391d3d.ttf (203 kB)
[expo-cli] node_modules\expo\node_modules\@expo\vector-icons\build\vendor\react-native-vector-icons\Fonts\FontAwesome5_Solid.ttf (203 kB)
[expo-cli] node_modules\expo\node_modules\@expo\vector-icons\build\vendor\react-native-vector-icons\Fonts\FontAwesome6_Brands.56c8d80832e37783f12c05db7c8849e2.ttf (209 kB)
[expo-cli] node_modules\expo\node_modules\@expo\vector-icons\build\vendor\react-native-vector-icons\Fonts\FontAwesome6_Brands.ttf (209 kB)
[expo-cli] node_modules\expo\node_modules\@expo\vector-icons\build\vendor\react-native-vector-icons\Fonts\FontAwesome6_Regular.370dd5af19f8364907b6e2c41f45dbbf.ttf (68 kB)
[expo-cli] node_modules\expo\node_modules\@expo\vector-icons\build\vendor\react-native-vector-icons\Fonts\FontAwesome6_Regular.ttf (68 kB)
[expo-cli] node_modules\expo\node_modules\@expo\vector-icons\build\vendor\react-native-vector-icons\Fonts\FontAwesome6_Solid.adec7d6f310bc577f05e8fe06a5daccf.ttf (424 kB)
[expo-cli] node_modules\expo\node_modules\@expo\vector-icons\build\vendor\react-native-vector-icons\Fonts\FontAwesome6_Solid.ttf (424 kB)
[expo-cli] node_modules\expo\node_modules\@expo\vector-icons\build\vendor\react-native-vector-icons\Fonts\Fontisto.b49ae8ab2dbccb02c4d11caaacf09eab.ttf (314 kB)
[expo-cli] node_modules\expo\node_modules\@expo\vector-icons\build\vendor\react-native-vector-icons\Fonts\Fontisto.ttf (314 kB)
[expo-cli] node_modules\expo\node_modules\@expo\vector-icons\build\vendor\react-native-vector-icons\Fonts\Foundation.e20945d7c929279ef7a6f1db184a4470.ttf (57 kB)
[expo-cli] node_modules\expo\node_modules\@expo\vector-icons\build\vendor\react-native-vector-icons\Fonts\Foundation.ttf (57 kB)
[expo-cli] node_modules\expo\node_modules\@expo\vector-icons\build\vendor\react-native-vector-icons\Fonts\Ionicons.b4eb097d35f44ed943676fd56f6bdc51.ttf (390 kB)
[expo-cli] node_modules\expo\node_modules\@expo\vector-icons\build\vendor\react-native-vector-icons\Fonts\Ionicons.ttf (390 kB)
[expo-cli] node_modules\expo\node_modules\@expo\vector-icons\build\vendor\react-native-vector-icons\Fonts\MaterialCommunityIcons.6e435534bd35da5fef04168860a9b8fa.ttf (1.31 MB)
[expo-cli] node_modules\expo\node_modules\@expo\vector-icons\build\vendor\react-native-vector-icons\Fonts\MaterialCommunityIcons.ttf (1.31 MB)
[expo-cli] node_modules\expo\node_modules\@expo\vector-icons\build\vendor\react-native-vector-icons\Fonts\MaterialIcons.4e85bc9ebe07e0340c9c4fc2f6c38908.ttf (357 kB)
[expo-cli] node_modules\expo\node_modules\@expo\vector-icons\build\vendor\react-native-vector-icons\Fonts\MaterialIcons.ttf (357 kB)
[expo-cli] node_modules\expo\node_modules\@expo\vector-icons\build\vendor\react-native-vector-icons\Fonts\Octicons.871378c6eab492a3e689a9385dc45a12.ttf (69.4 kB)
[expo-cli] node_modules\expo\node_modules\@expo\vector-icons\build\vendor\react-native-vector-icons\Fonts\Octicons.ttf (69.4 kB)
[expo-cli] node_modules\expo\node_modules\@expo\vector-icons\build\vendor\react-native-vector-icons\Fonts\SimpleLineIcons.d2285965fe34b05465047401b8595dd0.ttf (54.1 kB)
[expo-cli] node_modules\expo\node_modules\@expo\vector-icons\build\vendor\react-native-vector-icons\Fonts\SimpleLineIcons.ttf (54.1 kB)
[expo-cli] node_modules\expo\node_modules\@expo\vector-icons\build\vendor\react-native-vector-icons\Fonts\Zocial.1681f34aaca71b8dfb70756bca331eb2.ttf (25.8 kB)
[expo-cli] node_modules\expo\node_modules\@expo\vector-icons\build\vendor\react-native-vector-icons\Fonts\Zocial.ttf (25.8 kB)
[expo-cli] 
[expo-cli] › web bundles (6):
[expo-cli] _expo/static/js/web/AppEntry-f515d6a1facbeefa9ee1e207ab563525.js (3.01 MB)
[expo-cli] _expo/static/js/web/AppEntry-f515d6a1facbeefa9ee1e207ab563525.js.map (8.8 MB)
[expo-cli] _expo/static/js/web/index-af3a1c882395d16f0ccdd05d5d8a4a17.js (12.7 kB)
[expo-cli] _expo/static/js/web/index-af3a1c882395d16f0ccdd05d5d8a4a17.js.map (58.8 kB)
[expo-cli] _expo/static/js/web/ScreenCapture-d96446b21546bd922e16806681d7a0b2.js (2.48 kB)
[expo-cli] _expo/static/js/web/ScreenCapture-d96446b21546bd922e16806681d7a0b2.js.map (12.5 kB)
[expo-cli] 
[expo-cli] › ios bundles (2):
[expo-cli] _expo/static/js/ios/AppEntry-371285c9b044555e37d5b2c83f2217df.hbc (3.35 MB)
[expo-cli] _expo/static/js/ios/AppEntry-371285c9b044555e37d5b2c83f2217df.hbc.map (9.62 MB)
[expo-cli] 
[expo-cli] › android bundles (2):
[expo-cli] _expo/static/js/android/AppEntry-26c9854da51303a141420b4ff8989eaa.hbc (3.37 MB)
[expo-cli] _expo/static/js/android/AppEntry-26c9854da51303a141420b4ff8989eaa.hbc.map (9.66 MB)
[expo-cli] 
[expo-cli] › Files (4):
[expo-cli] assetmap.json (19.4 kB)
[expo-cli] favicon.ico (14.5 kB)
[expo-cli] index.html (1.22 kB)
[expo-cli] metadata.json (5.11 kB)
[expo-cli] 
[expo-cli] Exported: dist
✔ Exported bundle(s)
- Uploading...
- Uploading assetmap.json (0 / 19.0 KB)
✔ Uploaded assetmap.json 1s
√ Uploaded 2 app bundles
√ Uploading assets skipped - no new assets found
i 39 iOS assets, 39 Android assets (maximum: 2000 total per update). Learn more about asset limits: https://expo.fyi/eas-update-asset-limits
Skipping project fingerprints
- Publishing...
✔ Published!

Branch             production
Runtime version    1.7.0
Platform           android, ios
Update group ID    156e0ded-5cb2-42a5-a738-91cc6d5bd977
Android update ID  019f3666-5695-7bc0-8f00-e1b077e0b4d8
iOS update ID      019f3666-5695-7305-a402-c67e00595f86
Message            fix(realtime): v24 zero-stale revoke/grant/channel state runtime 1.7.0
Commit             2852c8af67c6f615b80b1776f5d5cb63fe68c31a*
EAS Dashboard      https://expo.dev/accounts/isamu_123/projects/osmani-tv/updates/156e0ded-5cb2-42a5-a738-91cc6d5bd977

npm warn Unknown env config "devdir". This will stop working in the next major version of npm.


=== OTA runtime 1.7.1 ===
No environment variables with visibility "Plain text" and "Sensitive" found for the "production" environment on EAS.

- Exporting...
[expo-cli] --non-interactive is not supported, use $CI=1 instead
[expo-cli] » android: androidStatusBar.backgroundColor: Color conflicts with the splash.backgroundColor
[expo-cli] » android: androidStatusBar.backgroundColor: Color conflicts with the splash.backgroundColor
[expo-cli] » android: androidStatusBar.backgroundColor: Color conflicts with the splash.backgroundColor
[expo-cli] » android: androidStatusBar.backgroundColor: Color conflicts with the splash.backgroundColor
[expo-cli] » android: androidStatusBar.backgroundColor: Color conflicts with the splash.backgroundColor
[expo-cli] Starting Metro Bundler
[expo-cli] warning: Bundler cache is empty, rebuilding (this may take a minute)
[expo-cli] Web node_modules\expo\AppEntry.js ░░░░░░░░░░░░░░░░  0.0% (0/1)
[expo-cli] iOS node_modules\expo\AppEntry.js ░░░░░░░░░░░░░░░░  0.0% (0/1)
[expo-cli] Android node_modules\expo\AppEntry.js ░░░░░░░░░░░░░░░░  0.0% (0/1)
[expo-cli] | (node:3504) Warning: The 'NO_COLOR' env is ignored due to the 'FORCE_COLOR' env being set.
[expo-cli] Web node_modules\expo\AppEntry.js ░░░░░░░░░░░░░░░░  0.0% (0/1)
[expo-cli] iOS node_modules\expo\AppEntry.js ░░░░░░░░░░░░░░░░  0.0% (0/1)
[expo-cli] Android node_modules\expo\AppEntry.js ░░░░░░░░░░░░░░░░  0.0% (0/1)
[expo-cli] | (Use `node --trace-warnings ...` to show where the warning was created)
[expo-cli] Web node_modules\expo\AppEntry.js ░░░░░░░░░░░░░░░░  1.0% (1/3)
[expo-cli] iOS node_modules\expo\AppEntry.js ░░░░░░░░░░░░░░░░  1.0% (1/3)
[expo-cli] Android node_modules\expo\AppEntry.js ░░░░░░░░░░░░░░░░  1.0% (1/3)
[expo-cli] | (node:9612) Warning: The 'NO_COLOR' env is ignored due to the 'FORCE_COLOR' env being set.
[expo-cli] | (Use `node --trace-warnings ...` to show where the warning was created)
[expo-cli] | (node:22548) Warning: The 'NO_COLOR' env is ignored due to the 'FORCE_COLOR' env being set.
[expo-cli] | (Use `node --trace-warnings ...` to show where the warning was created)
[expo-cli] Web node_modules\expo\AppEntry.js ▓▓▓▓░░░░░░░░░░░░ 25.0% ( 6/12)
[expo-cli] iOS node_modules\expo\AppEntry.js ░░░░░░░░░░░░░░░░  4.0% (2/5)
[expo-cli] Android node_modules\expo\AppEntry.js ░░░░░░░░░░░░░░░░  4.0% (2/3)
[expo-cli] Web node_modules\expo\AppEntry.js ▓▓▓▓░░░░░░░░░░░░ 25.0% ( 6/12)
[expo-cli] iOS node_modules\expo\AppEntry.js ▓░░░░░░░░░░░░░░░  9.8% (  9/105)
[expo-cli] Android node_modules\expo\AppEntry.js ▓░░░░░░░░░░░░░░░  9.0% (  8/102)
[expo-cli] Web node_modules\expo\AppEntry.js ▓▓▓▓▓░░░░░░░░░░░ 34.0% ( 7/95)
[expo-cli] iOS node_modules\expo\AppEntry.js ▓░░░░░░░░░░░░░░░  9.8% ( 21/132)
[expo-cli] Android node_modules\expo\AppEntry.js ▓░░░░░░░░░░░░░░░  9.0% ( 10/106)
[expo-cli] | (node:23156) Warning: The 'NO_COLOR' env is ignored due to the 'FORCE_COLOR' env being set.
[expo-cli] | (Use `node --trace-warnings ...` to show where the warning was created)
[expo-cli] | (node:22736) Warning: The 'NO_COLOR' env is ignored due to the 'FORCE_COLOR' env being set.
[expo-cli] | (Use `node --trace-warnings ...` to show where the warning was created)
[expo-cli] | (node:1660) Warning: The 'NO_COLOR' env is ignored due to the 'FORCE_COLOR' env being set.
[expo-cli] | (Use `node --trace-warnings ...` to show where the warning was created)
[expo-cli] | (node:10992) Warning: The 'NO_COLOR' env is ignored due to the 'FORCE_COLOR' env being set.
[expo-cli] | (Use `node --trace-warnings ...` to show where the warning was created)
[expo-cli] Web node_modules\expo\AppEntry.js ▓▓▓▓▓░░░░░░░░░░░ 34.0% ( 9/95)
[expo-cli] iOS node_modules\expo\AppEntry.js ▓░░░░░░░░░░░░░░░  9.8% ( 33/153)
[expo-cli] Android node_modules\expo\AppEntry.js ▓░░░░░░░░░░░░░░░  9.0% ( 10/106)
[expo-cli] | (node:22524) Warning: The 'NO_COLOR' env is ignored due to the 'FORCE_COLOR' env being set.
[expo-cli] | (Use `node --trace-warnings ...` to show where the warning was created)
[expo-cli] Web node_modules\expo\AppEntry.js ▓▓▓▓▓░░░░░░░░░░░ 34.0% ( 12/101)
[expo-cli] iOS node_modules\expo\AppEntry.js ▓░░░░░░░░░░░░░░░  9.8% ( 51/184)
[expo-cli] Android node_modules\expo\AppEntry.js ▓░░░░░░░░░░░░░░░  9.0% ( 10/106)
[expo-cli] Web node_modules\expo\AppEntry.js ▓▓▓▓▓░░░░░░░░░░░ 34.0% ( 12/101)
[expo-cli] iOS node_modules\expo\AppEntry.js ▓▓░░░░░░░░░░░░░░ 13.0% ( 86/281)
[expo-cli] Android node_modules\expo\AppEntry.js ▓░░░░░░░░░░░░░░░  9.0% ( 10/106)
[expo-cli] Web node_modules\expo\AppEntry.js ▓▓▓▓▓░░░░░░░░░░░ 34.0% ( 12/101)
[expo-cli] iOS node_modules\expo\AppEntry.js ▓▓░░░░░░░░░░░░░░ 13.0% (103/312)
[expo-cli] Android node_modules\expo\AppEntry.js ▓░░░░░░░░░░░░░░░  9.0% ( 28/132)
[expo-cli] Web node_modules\expo\AppEntry.js ▓▓▓▓▓░░░░░░░░░░░ 34.0% ( 12/101)
[expo-cli] iOS node_modules\expo\AppEntry.js ▓▓░░░░░░░░░░░░░░ 13.0% (103/312)
[expo-cli] Android node_modules\expo\AppEntry.js ▓░░░░░░░░░░░░░░░  9.6% ( 80/258)
[expo-cli] Web node_modules\expo\AppEntry.js ▓▓▓▓▓░░░░░░░░░░░ 34.0% ( 28/172)
[expo-cli] iOS node_modules\expo\AppEntry.js ▓▓░░░░░░░░░░░░░░ 15.4% (136/346)
[expo-cli] Android node_modules\expo\AppEntry.js ▓░░░░░░░░░░░░░░░ 12.3% (105/313)
[expo-cli] Web node_modules\expo\AppEntry.js ▓▓▓▓▓░░░░░░░░░░░ 34.0% ( 50/230)
[expo-cli] iOS node_modules\expo\AppEntry.js ▓▓░░░░░░░░░░░░░░ 15.4% (136/346)
[expo-cli] Android node_modules\expo\AppEntry.js ▓░░░░░░░░░░░░░░░ 12.3% (105/313)
[expo-cli] Web node_modules\expo\AppEntry.js ▓▓▓▓▓░░░░░░░░░░░ 34.0% ( 59/246)
[expo-cli] iOS node_modules\expo\AppEntry.js ▓▓░░░░░░░░░░░░░░ 15.4% (136/346)
[expo-cli] Android node_modules\expo\AppEntry.js ▓░░░░░░░░░░░░░░░ 12.3% (105/313)
[expo-cli] Web node_modules\expo\AppEntry.js ▓▓▓▓▓░░░░░░░░░░░ 34.0% ( 75/286)
[expo-cli] iOS node_modules\expo\AppEntry.js ▓▓░░░░░░░░░░░░░░ 15.4% (136/346)
[expo-cli] Android node_modules\expo\AppEntry.js ▓░░░░░░░░░░░░░░░ 12.3% (105/313)
[expo-cli] Web node_modules\expo\AppEntry.js ▓▓▓▓▓░░░░░░░░░░░ 34.0% (100/332)
[expo-cli] iOS node_modules\expo\AppEntry.js ▓▓▓░░░░░░░░░░░░░ 22.4% (223/471)
[expo-cli] Android node_modules\expo\AppEntry.js ▓░░░░░░░░░░░░░░░ 12.3% (105/313)
[expo-cli] Web node_modules\expo\AppEntry.js ▓▓▓▓▓░░░░░░░░░░░ 34.0% (100/332)
[expo-cli] iOS node_modules\expo\AppEntry.js ▓▓▓▓░░░░░░░░░░░░ 25.3% (280/595)
[expo-cli] Android node_modules\expo\AppEntry.js ▓░░░░░░░░░░░░░░░ 12.3% (105/313)
[expo-cli] Web node_modules\expo\AppEntry.js ▓▓▓▓▓░░░░░░░░░░░ 34.0% (100/332)
[expo-cli] iOS node_modules\expo\AppEntry.js ▓▓▓▓░░░░░░░░░░░░ 25.6% (311/615)
[expo-cli] Android node_modules\expo\AppEntry.js ▓▓░░░░░░░░░░░░░░ 17.4% (190/509)
[expo-cli] Web node_modules\expo\AppEntry.js ▓▓▓▓▓░░░░░░░░░░░ 34.0% (100/332)
[expo-cli] iOS node_modules\expo\AppEntry.js ▓▓▓▓░░░░░░░░░░░░ 26.1% (334/654)
[expo-cli] Android node_modules\expo\AppEntry.js ▓▓▓▓░░░░░░░░░░░░ 25.5% (315/625)
[expo-cli] Web node_modules\expo\AppEntry.js ▓▓▓▓▓░░░░░░░░░░░ 34.0% (148/377)
[expo-cli] iOS node_modules\expo\AppEntry.js ▓▓▓▓░░░░░░░░░░░░ 27.5% (346/665)
[expo-cli] Android node_modules\expo\AppEntry.js ▓▓▓▓░░░░░░░░░░░░ 25.5% (315/625)
[expo-cli] Web node_modules\expo\AppEntry.js ▓▓▓▓▓░░░░░░░░░░░ 34.0% (223/497)
[expo-cli] iOS node_modules\expo\AppEntry.js ▓▓▓▓░░░░░░░░░░░░ 27.5% (347/665)
[expo-cli] Android node_modules\expo\AppEntry.js ▓▓▓▓░░░░░░░░░░░░ 25.5% (315/625)
[expo-cli] Web node_modules\expo\AppEntry.js ▓▓▓▓▓░░░░░░░░░░░ 34.0% (278/538)
[expo-cli] iOS node_modules\expo\AppEntry.js ▓▓▓▓░░░░░░░░░░░░ 27.5% (347/665)
[expo-cli] Android node_modules\expo\AppEntry.js ▓▓▓▓░░░░░░░░░░░░ 25.5% (315/625)
[expo-cli] Web node_modules\expo\AppEntry.js ▓▓▓▓▓░░░░░░░░░░░ 34.0% (324/562)
[expo-cli] iOS node_modules\expo\AppEntry.js ▓▓▓▓░░░░░░░░░░░░ 29.1% (359/666)
[expo-cli] Android node_modules\expo\AppEntry.js ▓▓▓▓░░░░░░░░░░░░ 25.5% (315/625)
[expo-cli] Web node_modules\expo\AppEntry.js ▓▓▓▓▓░░░░░░░░░░░ 34.9% (333/564)
[expo-cli] iOS node_modules\expo\AppEntry.js ▓▓▓▓▓▓░░░░░░░░░░ 40.5% (441/693)
[expo-cli] Android node_modules\expo\AppEntry.js ▓▓▓▓░░░░░░░░░░░░ 25.5% (315/625)
[expo-cli] Web node_modules\expo\AppEntry.js ▓▓▓▓▓░░░░░░░░░░░ 35.3% (335/564)
[expo-cli] iOS node_modules\expo\AppEntry.js ▓▓▓▓▓▓▓░░░░░░░░░ 46.4% (546/815)
[expo-cli] Android node_modules\expo\AppEntry.js ▓▓▓▓░░░░░░░░░░░░ 25.5% (315/625)
[expo-cli] Web node_modules\expo\AppEntry.js ▓▓▓▓▓░░░░░░░░░░░ 35.3% (335/564)
[expo-cli] iOS node_modules\expo\AppEntry.js ▓▓▓▓▓▓▓░░░░░░░░░ 48.5% (608/873)
[expo-cli] Android node_modules\expo\AppEntry.js ▓▓▓▓░░░░░░░░░░░░ 26.8% (340/657)
[expo-cli] Web node_modules\expo\AppEntry.js ▓▓▓▓▓░░░░░░░░░░░ 35.3% (335/564)
[expo-cli] iOS node_modules\expo\AppEntry.js ▓▓▓▓▓▓▓░░░░░░░░░ 48.5% (608/873)
[expo-cli] Android node_modules\expo\AppEntry.js ▓▓▓▓▓░░░░░░░░░░░ 35.8% (437/749)
[expo-cli] Web node_modules\expo\AppEntry.js ▓▓▓▓▓░░░░░░░░░░░ 35.3% (335/564)
[expo-cli] iOS node_modules\expo\AppEntry.js ▓▓▓▓▓▓▓▓░░░░░░░░ 51.3% (631/881)
[expo-cli] Android node_modules\expo\AppEntry.js ▓▓▓▓▓░░░░░░░░░░░ 37.5% (510/833)
[expo-cli] Web node_modules\expo\AppEntry.js ▓▓▓▓▓░░░░░░░░░░░ 35.3% (335/564)
[expo-cli] iOS node_modules\expo\AppEntry.js ▓▓▓▓▓▓▓▓░░░░░░░░ 54.1% (656/892)
[expo-cli] Android node_modules\expo\AppEntry.js ▓▓▓▓▓▓▓▓░░░░░░░░ 50.4% (625/880)
[expo-cli] Web node_modules\expo\AppEntry.js ▓▓▓▓▓▓░░░░░░░░░░ 39.2% (395/631)
[expo-cli] iOS node_modules\expo\AppEntry.js ▓▓▓▓▓▓▓▓░░░░░░░░ 54.7% (660/892)
[expo-cli] Android node_modules\expo\AppEntry.js ▓▓▓▓▓▓▓▓░░░░░░░░ 52.4% (646/892)
[expo-cli] Web node_modules\expo\AppEntry.js ▓▓▓▓▓▓▓░░░░░░░░░ 49.7% (497/705)
[expo-cli] iOS node_modules\expo\AppEntry.js ▓▓▓▓▓▓▓▓░░░░░░░░ 54.7% (660/892)
[expo-cli] Android node_modules\expo\AppEntry.js ▓▓▓▓▓▓▓▓░░░░░░░░ 52.4% (646/892)
[expo-cli] Web node_modules\expo\AppEntry.js ▓▓▓▓▓▓▓▓░░░░░░░░ 52.4% (561/775)
[expo-cli] iOS node_modules\expo\AppEntry.js ▓▓▓▓▓▓▓▓▓░░░░░░░ 59.5% (740/989)
[expo-cli] Android node_modules\expo\AppEntry.js ▓▓▓▓▓▓▓▓░░░░░░░░ 52.4% (646/892)
[expo-cli] | [33m» [1mandroid[22m: androidStatusBar.backgroundColor: Color conflicts with the splash.backgroundColor[39m
[expo-cli] Web node_modules\expo\AppEntry.js ▓▓▓▓▓▓▓▓░░░░░░░░ 52.4% (561/775)
[expo-cli] iOS node_modules\expo\AppEntry.js ▓▓▓▓▓▓▓▓▓▓░░░░░░ 68.7% ( 875/1056)
[expo-cli] Android node_modules\expo\AppEntry.js ▓▓▓▓▓▓▓▓▓░░░░░░░ 56.3% (678/904)
[expo-cli] Web node_modules\expo\AppEntry.js ▓▓▓▓▓▓▓▓░░░░░░░░ 53.8% (572/780)
[expo-cli] iOS node_modules\expo\AppEntry.js ▓▓▓▓▓▓▓▓▓▓▓░░░░░ 69.2% ( 888/1069)
[expo-cli] Android node_modules\expo\AppEntry.js ▓▓▓▓▓▓▓▓▓▓░░░░░░ 68.6% ( 876/1058)
[expo-cli] Web node_modules\expo\AppEntry.js ▓▓▓▓▓▓▓▓▓▓░░░░░░ 66.1% (684/841)
[expo-cli] iOS node_modules\expo\AppEntry.js ▓▓▓▓▓▓▓▓▓▓▓░░░░░ 69.2% ( 892/1075)
[expo-cli] Android node_modules\expo\AppEntry.js ▓▓▓▓▓▓▓▓▓▓░░░░░░ 68.6% ( 876/1058)
[expo-cli] Web node_modules\expo\AppEntry.js ▓▓▓▓▓▓▓▓▓▓▓░░░░░ 73.3% (773/903)
[expo-cli] iOS node_modules\expo\AppEntry.js ▓▓▓▓▓▓▓▓▓▓▓▓░░░░ 76.7% ( 960/1096)
[expo-cli] Android node_modules\expo\AppEntry.js ▓▓▓▓▓▓▓▓▓▓▓░░░░░ 69.0% ( 892/1075)
[expo-cli] Web node_modules\expo\AppEntry.js ▓▓▓▓▓▓▓▓▓▓▓░░░░░ 73.3% (773/903)
[expo-cli] iOS node_modules\expo\AppEntry.js ▓▓▓▓▓▓▓▓▓▓▓▓▓░░░ 84.8% (1056/1155)
[expo-cli] Android node_modules\expo\AppEntry.js ▓▓▓▓▓▓▓▓▓▓▓▓▓░░░ 82.4% (1033/1138)
[expo-cli] Web node_modules\expo\AppEntry.js ▓▓▓▓▓▓▓▓▓▓▓▓░░░░ 75.6% (838/981)
[expo-cli] iOS node_modules\expo\AppEntry.js ▓▓▓▓▓▓▓▓▓▓▓▓▓░░░ 84.8% (1074/1167)
[expo-cli] Android node_modules\expo\AppEntry.js ▓▓▓▓▓▓▓▓▓▓▓▓▓░░░ 84.5% (1070/1164)
[expo-cli] Web node_modules\expo\AppEntry.js ▓▓▓▓▓▓▓▓▓▓▓▓▓░░░ 82.3% ( 923/1019)
[expo-cli] iOS node_modules\expo\AppEntry.js ▓▓▓▓▓▓▓▓▓▓▓▓▓▓░░ 93.1% (1132/1173)
[expo-cli] Android node_modules\expo\AppEntry.js ▓▓▓▓▓▓▓▓▓▓▓▓▓░░░ 85.0% (1077/1168)
[expo-cli] Web node_modules\expo\AppEntry.js ▓▓▓▓▓▓▓▓▓▓▓▓▓░░░ 86.0% ( 966/1072)
[expo-cli] iOS node_modules\expo\AppEntry.js ▓▓▓▓▓▓▓▓▓▓▓▓▓▓░░ 93.5% (1168/1214)
[expo-cli] Android node_modules\expo\AppEntry.js ▓▓▓▓▓▓▓▓▓▓▓▓▓▓░░ 92.4% (1164/1211)
[expo-cli] Web node_modules\expo\AppEntry.js ▓▓▓▓▓▓▓▓▓▓▓▓▓░░░ 86.0% (1014/1111)
[expo-cli] iOS node_modules\expo\AppEntry.js ▓▓▓▓▓▓▓▓▓▓▓▓▓▓▓░ 94.0% (1198/1270)
[expo-cli] Android node_modules\expo\AppEntry.js ▓▓▓▓▓▓▓▓▓▓▓▓▓▓░░ 93.0% (1183/1257)
[expo-cli] Web node_modules\expo\AppEntry.js ▓▓▓▓▓▓▓▓▓▓▓▓▓░░░ 86.0% (1087/1184)
[expo-cli] iOS node_modules\expo\AppEntry.js ▓▓▓▓▓▓▓▓▓▓▓▓▓▓▓░ 94.0% (1213/1287)
[expo-cli] Android node_modules\expo\AppEntry.js ▓▓▓▓▓▓▓▓▓▓▓▓▓▓░░ 93.0% (1213/1275)
[expo-cli] Web node_modules\expo\AppEntry.js ▓▓▓▓▓▓▓▓▓▓▓▓▓▓░░ 88.1% (1117/1190)
[expo-cli] iOS node_modules\expo\AppEntry.js ▓▓▓▓▓▓▓▓▓▓▓▓▓▓▓░ 94.0% (1287/1375)
[expo-cli] Android node_modules\expo\AppEntry.js ▓▓▓▓▓▓▓▓▓▓▓▓▓▓░░ 93.0% (1267/1346)
[expo-cli] Web node_modules\expo\AppEntry.js ▓▓▓▓▓▓▓▓▓▓▓▓▓▓▓░ 95.2% (1176/1205)
[expo-cli] iOS node_modules\expo\AppEntry.js ▓▓▓▓▓▓▓▓▓▓▓▓▓▓▓░ 94.0% (1287/1375)
[expo-cli] Android node_modules\expo\AppEntry.js ▓▓▓▓▓▓▓▓▓▓▓▓▓▓░░ 93.0% (1282/1364)
[expo-cli] Web node_modules\expo\AppEntry.js ▓▓▓▓▓▓▓▓▓▓▓▓▓▓▓░ 96.6% (1190/1211)
[expo-cli] iOS node_modules\expo\AppEntry.js ▓▓▓▓▓▓▓▓▓▓▓▓▓▓▓░ 94.0% (1327/1411)
[expo-cli] Android node_modules\expo\AppEntry.js ▓▓▓▓▓▓▓▓▓▓▓▓▓▓░░ 93.0% (1287/1375)
[expo-cli] Web node_modules\expo\AppEntry.js ▓▓▓▓▓▓▓▓▓▓▓▓▓▓▓░ 96.6% (1190/1211)
[expo-cli] iOS node_modules\expo\AppEntry.js ▓▓▓▓▓▓▓▓▓▓▓▓▓▓▓░ 94.0% (1366/1430)
[expo-cli] Android node_modules\expo\AppEntry.js ▓▓▓▓▓▓▓▓▓▓▓▓▓▓░░ 93.0% (1290/1380)
[expo-cli] Web node_modules\expo\AppEntry.js ▓▓▓▓▓▓▓▓▓▓▓▓▓▓▓░ 96.6% (1190/1211)
[expo-cli] iOS node_modules\expo\AppEntry.js ▓▓▓▓▓▓▓▓▓▓▓▓▓▓▓░ 94.0% (1375/1436)
[expo-cli] Android node_modules\expo\AppEntry.js ▓▓▓▓▓▓▓▓▓▓▓▓▓▓░░ 93.0% (1333/1412)
[expo-cli] Web node_modules\expo\AppEntry.js ▓▓▓▓▓▓▓▓▓▓▓▓▓▓▓░ 97.9% (1205/1227)
[expo-cli] iOS node_modules\expo\AppEntry.js ▓▓▓▓▓▓▓▓▓▓▓▓▓▓▓░ 94.0% (1375/1436)
[expo-cli] Android node_modules\expo\AppEntry.js ▓▓▓▓▓▓▓▓▓▓▓▓▓▓░░ 93.0% (1365/1420)
[expo-cli] Web node_modules\expo\AppEntry.js ▓▓▓▓▓▓▓▓▓▓▓▓▓▓▓░ 97.9% (1210/1235)
[expo-cli] iOS node_modules\expo\AppEntry.js ▓▓▓▓▓▓▓▓▓▓▓▓▓▓▓░ 94.3% (1435/1478)
[expo-cli] Android node_modules\expo\AppEntry.js ▓▓▓▓▓▓▓▓▓▓▓▓▓▓░░ 93.3% (1397/1446)
[expo-cli] Web node_modules\expo\AppEntry.js ▓▓▓▓▓▓▓▓▓▓▓▓▓▓▓░ 97.9% (1232/1254)
[expo-cli] iOS node_modules\expo\AppEntry.js ▓▓▓▓▓▓▓▓▓▓▓▓▓▓▓░ 96.8% (1477/1501)
[expo-cli] Android node_modules\expo\AppEntry.js ▓▓▓▓▓▓▓▓▓▓▓▓▓▓▓░ 94.3% (1453/1497)
[expo-cli] Web node_modules\expo\AppEntry.js ▓▓▓▓▓▓▓▓▓▓▓▓▓▓▓░ 97.9% (1281/1310)
[expo-cli] iOS node_modules\expo\AppEntry.js ▓▓▓▓▓▓▓▓▓▓▓▓▓▓▓░ 97.5% (1512/1538)
[expo-cli] Android node_modules\expo\AppEntry.js ▓▓▓▓▓▓▓▓▓▓▓▓▓▓▓░ 97.3% (1498/1519)
[expo-cli] Web node_modules\expo\AppEntry.js ▓▓▓▓▓▓▓▓▓▓▓▓▓▓▓░ 98.9% (1322/1329)
[expo-cli] iOS node_modules\expo\AppEntry.js ▓▓▓▓▓▓▓▓▓▓▓▓▓▓▓░ 99.9% (1555/1561)
[expo-cli] Android node_modules\expo\AppEntry.js ▓▓▓▓▓▓▓▓▓▓▓▓▓▓▓░ 99.5% (1550/1554)
[expo-cli] Web node_modules\expo\AppEntry.js ▓▓▓▓▓▓▓▓▓▓▓▓▓▓▓░ 99.9% (1337/1337)
[expo-cli] iOS node_modules\expo\AppEntry.js ▓▓▓▓▓▓▓▓▓▓▓▓▓▓▓░ 99.9% (1562/1562)
[expo-cli] Android node_modules\expo\AppEntry.js ▓▓▓▓▓▓▓▓▓▓▓▓▓▓▓░ 99.9% (1562/1562)
[expo-cli] Web Bundled 200060ms node_modules\expo\AppEntry.js (1337 modules)
[expo-cli] Web node_modules\expo\AppEntry.js ▓▓▓▓▓▓▓▓▓▓▓▓▓▓▓░ 99.9% (1337/1337)
[expo-cli] iOS node_modules\expo\AppEntry.js ▓▓▓▓▓▓▓▓▓▓▓▓▓▓▓░ 99.9% (1562/1562)
[expo-cli] Android node_modules\expo\AppEntry.js ▓▓▓▓▓▓▓▓▓▓▓▓▓▓▓░ 99.9% (1562/1562)
[expo-cli] iOS node_modules\expo\AppEntry.js ▓▓▓▓▓▓▓▓▓▓▓▓▓▓▓░ 99.9% (1562/1562)
[expo-cli] Android node_modules\expo\AppEntry.js ▓▓▓▓▓▓▓▓▓▓▓▓▓▓▓░ 99.9% (1562/1562)
[expo-cli] iOS Bundled 219691ms node_modules\expo\AppEntry.js (1562 modules)
[expo-cli] iOS node_modules\expo\AppEntry.js ▓▓▓▓▓▓▓▓▓▓▓▓▓▓▓░ 99.9% (1562/1562)
[expo-cli] Android node_modules\expo\AppEntry.js ▓▓▓▓▓▓▓▓▓▓▓▓▓▓▓░ 99.9% (1562/1562)
[expo-cli] Android node_modules\expo\AppEntry.js ▓▓▓▓▓▓▓▓▓▓▓▓▓▓▓░ 99.9% (1562/1562)
[expo-cli] Android Bundled 238330ms node_modules\expo\AppEntry.js (1562 modules)
[expo-cli] Android node_modules\expo\AppEntry.js ▓▓▓▓▓▓▓▓▓▓▓▓▓▓▓░ 99.9% (1562/1562)
[expo-cli] Creating asset map
[expo-cli] 
[expo-cli] › Assets (73):
[expo-cli] node_modules\@react-navigation\elements\lib\module\assets\back-icon-mask.0a328cd9c1afd0afe8e3b1ec5165b1b4.png (653 B)
[expo-cli] node_modules\@react-navigation\elements\lib\module\assets\back-icon-mask.png (653 B)
[expo-cli] node_modules\@react-navigation\elements\lib\module\assets\back-icon.35ba0eaec5a4f5ed12ca16fabeae451d.png (207 B)
[expo-cli] node_modules\@react-navigation\elements\lib\module\assets\back-icon.png (8 variations | 359 B)
[expo-cli] node_modules\@react-navigation\elements\lib\module\assets\clear-icon.c94f6478e7ae0cdd9f15de1fcb9e5e55.png (4 variations | 425 B)
[expo-cli] node_modules\@react-navigation\elements\lib\module\assets\clear-icon.png (4 variations | 425 B)
[expo-cli] node_modules\@react-navigation\elements\lib\module\assets\close-icon.808e1b1b9b53114ec2838071a7e6daa7.png (4 variations | 235 B)
[expo-cli] node_modules\@react-navigation\elements\lib\module\assets\close-icon.png (4 variations | 235 B)
[expo-cli] node_modules\@react-navigation\elements\lib\module\assets\search-icon.286d67d3f74808a60a78d3ebf1a5fb57.png (928 B)
[expo-cli] node_modules\@react-navigation\elements\lib\module\assets\search-icon.png (7 variations | 592 B)
[expo-cli] node_modules\expo\node_modules\@expo\vector-icons\build\vendor\react-native-vector-icons\Fonts\AntDesign.3f78af31cca60105799838a1a7a59fbd.ttf (130 kB)
[expo-cli] node_modules\expo\node_modules\@expo\vector-icons\build\vendor\react-native-vector-icons\Fonts\AntDesign.ttf (130 kB)
[expo-cli] node_modules\expo\node_modules\@expo\vector-icons\build\vendor\react-native-vector-icons\Fonts\Entypo.31b5ffea3daddc69dd01a1f3d6cf63c5.ttf (66.2 kB)
[expo-cli] node_modules\expo\node_modules\@expo\vector-icons\build\vendor\react-native-vector-icons\Fonts\Entypo.ttf (66.2 kB)
[expo-cli] node_modules\expo\node_modules\@expo\vector-icons\build\vendor\react-native-vector-icons\Fonts\EvilIcons.140c53a7643ea949007aa9a282153849.ttf (13.5 kB)
[expo-cli] node_modules\expo\node_modules\@expo\vector-icons\build\vendor\react-native-vector-icons\Fonts\EvilIcons.ttf (13.5 kB)
[expo-cli] node_modules\expo\node_modules\@expo\vector-icons\build\vendor\react-native-vector-icons\Fonts\Feather.ca4b48e04dc1ce10bfbddb262c8b835f.ttf (55.6 kB)
[expo-cli] node_modules\expo\node_modules\@expo\vector-icons\build\vendor\react-native-vector-icons\Fonts\Feather.ttf (55.6 kB)
[expo-cli] node_modules\expo\node_modules\@expo\vector-icons\build\vendor\react-native-vector-icons\Fonts\FontAwesome.b06871f281fee6b241d60582ae9369b9.ttf (166 kB)
[expo-cli] node_modules\expo\node_modules\@expo\vector-icons\build\vendor\react-native-vector-icons\Fonts\FontAwesome.ttf (166 kB)
[expo-cli] node_modules\expo\node_modules\@expo\vector-icons\build\vendor\react-native-vector-icons\Fonts\FontAwesome5_Brands.3b89dd103490708d19a95adcae52210e.ttf (134 kB)
[expo-cli] node_modules\expo\node_modules\@expo\vector-icons\build\vendor\react-native-vector-icons\Fonts\FontAwesome5_Brands.ttf (134 kB)
[expo-cli] node_modules\expo\node_modules\@expo\vector-icons\build\vendor\react-native-vector-icons\Fonts\FontAwesome5_Regular.1f77739ca9ff2188b539c36f30ffa2be.ttf (33.7 kB)
[expo-cli] node_modules\expo\node_modules\@expo\vector-icons\build\vendor\react-native-vector-icons\Fonts\FontAwesome5_Regular.ttf (33.7 kB)
[expo-cli] node_modules\expo\node_modules\@expo\vector-icons\build\vendor\react-native-vector-icons\Fonts\FontAwesome5_Solid.605ed7926cf39a2ad5ec2d1f9d391d3d.ttf (203 kB)
[expo-cli] node_modules\expo\node_modules\@expo\vector-icons\build\vendor\react-native-vector-icons\Fonts\FontAwesome5_Solid.ttf (203 kB)
[expo-cli] node_modules\expo\node_modules\@expo\vector-icons\build\vendor\react-native-vector-icons\Fonts\FontAwesome6_Brands.56c8d80832e37783f12c05db7c8849e2.ttf (209 kB)
[expo-cli] node_modules\expo\node_modules\@expo\vector-icons\build\vendor\react-native-vector-icons\Fonts\FontAwesome6_Brands.ttf (209 kB)
[expo-cli] node_modules\expo\node_modules\@expo\vector-icons\build\vendor\react-native-vector-icons\Fonts\FontAwesome6_Regular.370dd5af19f8364907b6e2c41f45dbbf.ttf (68 kB)
[expo-cli] node_modules\expo\node_modules\@expo\vector-icons\build\vendor\react-native-vector-icons\Fonts\FontAwesome6_Regular.ttf (68 kB)
[expo-cli] node_modules\expo\node_modules\@expo\vector-icons\build\vendor\react-native-vector-icons\Fonts\FontAwesome6_Solid.adec7d6f310bc577f05e8fe06a5daccf.ttf (424 kB)
[expo-cli] node_modules\expo\node_modules\@expo\vector-icons\build\vendor\react-native-vector-icons\Fonts\FontAwesome6_Solid.ttf (424 kB)
[expo-cli] node_modules\expo\node_modules\@expo\vector-icons\build\vendor\react-native-vector-icons\Fonts\Fontisto.b49ae8ab2dbccb02c4d11caaacf09eab.ttf (314 kB)
[expo-cli] node_modules\expo\node_modules\@expo\vector-icons\build\vendor\react-native-vector-icons\Fonts\Fontisto.ttf (314 kB)
[expo-cli] node_modules\expo\node_modules\@expo\vector-icons\build\vendor\react-native-vector-icons\Fonts\Foundation.e20945d7c929279ef7a6f1db184a4470.ttf (57 kB)
[expo-cli] node_modules\expo\node_modules\@expo\vector-icons\build\vendor\react-native-vector-icons\Fonts\Foundation.ttf (57 kB)
[expo-cli] node_modules\expo\node_modules\@expo\vector-icons\build\vendor\react-native-vector-icons\Fonts\Ionicons.b4eb097d35f44ed943676fd56f6bdc51.ttf (390 kB)
[expo-cli] node_modules\expo\node_modules\@expo\vector-icons\build\vendor\react-native-vector-icons\Fonts\Ionicons.ttf (390 kB)
[expo-cli] node_modules\expo\node_modules\@expo\vector-icons\build\vendor\react-native-vector-icons\Fonts\MaterialCommunityIcons.6e435534bd35da5fef04168860a9b8fa.ttf (1.31 MB)
[expo-cli] node_modules\expo\node_modules\@expo\vector-icons\build\vendor\react-native-vector-icons\Fonts\MaterialCommunityIcons.ttf (1.31 MB)
[expo-cli] node_modules\expo\node_modules\@expo\vector-icons\build\vendor\react-native-vector-icons\Fonts\MaterialIcons.4e85bc9ebe07e0340c9c4fc2f6c38908.ttf (357 kB)
[expo-cli] node_modules\expo\node_modules\@expo\vector-icons\build\vendor\react-native-vector-icons\Fonts\MaterialIcons.ttf (357 kB)
[expo-cli] node_modules\expo\node_modules\@expo\vector-icons\build\vendor\react-native-vector-icons\Fonts\Octicons.871378c6eab492a3e689a9385dc45a12.ttf (69.4 kB)
[expo-cli] node_modules\expo\node_modules\@expo\vector-icons\build\vendor\react-native-vector-icons\Fonts\Octicons.ttf (69.4 kB)
[expo-cli] node_modules\expo\node_modules\@expo\vector-icons\build\vendor\react-native-vector-icons\Fonts\SimpleLineIcons.d2285965fe34b05465047401b8595dd0.ttf (54.1 kB)
[expo-cli] node_modules\expo\node_modules\@expo\vector-icons\build\vendor\react-native-vector-icons\Fonts\SimpleLineIcons.ttf (54.1 kB)
[expo-cli] node_modules\expo\node_modules\@expo\vector-icons\build\vendor\react-native-vector-icons\Fonts\Zocial.1681f34aaca71b8dfb70756bca331eb2.ttf (25.8 kB)
[expo-cli] node_modules\expo\node_modules\@expo\vector-icons\build\vendor\react-native-vector-icons\Fonts\Zocial.ttf (25.8 kB)
[expo-cli] 
[expo-cli] › web bundles (6):
[expo-cli] _expo/static/js/web/AppEntry-416d53288f4b51834fa031f771bdd414.js (3.01 MB)
[expo-cli] _expo/static/js/web/AppEntry-416d53288f4b51834fa031f771bdd414.js.map (8.8 MB)
[expo-cli] _expo/static/js/web/index-af3a1c882395d16f0ccdd05d5d8a4a17.js (12.7 kB)
[expo-cli] _expo/static/js/web/index-af3a1c882395d16f0ccdd05d5d8a4a17.js.map (58.8 kB)
[expo-cli] _expo/static/js/web/ScreenCapture-d96446b21546bd922e16806681d7a0b2.js (2.48 kB)
[expo-cli] _expo/static/js/web/ScreenCapture-d96446b21546bd922e16806681d7a0b2.js.map (12.5 kB)
[expo-cli] 
[expo-cli] › ios bundles (2):
[expo-cli] _expo/static/js/ios/AppEntry-371285c9b044555e37d5b2c83f2217df.hbc (3.35 MB)
[expo-cli] _expo/static/js/ios/AppEntry-371285c9b044555e37d5b2c83f2217df.hbc.map (9.62 MB)
[expo-cli] 
[expo-cli] › android bundles (2):
[expo-cli] _expo/static/js/android/AppEntry-26c9854da51303a141420b4ff8989eaa.hbc (3.37 MB)
[expo-cli] _expo/static/js/android/AppEntry-26c9854da51303a141420b4ff8989eaa.hbc.map (9.66 MB)
[expo-cli] 
[expo-cli] › Files (4):
[expo-cli] assetmap.json (19.4 kB)
[expo-cli] favicon.ico (14.5 kB)
[expo-cli] index.html (1.22 kB)
[expo-cli] metadata.json (5.11 kB)
[expo-cli] 
[expo-cli] Exported: dist
✔ Exported bundle(s)
- Uploading...
- Uploading assetmap.json (0 / 19.0 KB)
✔ Uploaded assetmap.json 1s
√ Uploaded 2 app bundles
√ Uploading assets skipped - no new assets found
i 39 iOS assets, 39 Android assets (maximum: 2000 total per update). Learn more about asset limits: https://expo.fyi/eas-update-asset-limits
Skipping project fingerprints
- Publishing...
✔ Published!

Branch             production
Runtime version    1.7.1
Platform           android, ios
Update group ID    2d2200ca-cd1d-4d7c-9251-75f2a9c89af0
Android update ID  019f366b-96cc-7b64-aa19-33e8f529449e
iOS update ID      019f366b-96cc-74ca-88ea-ad0424e01296
Message            fix(realtime): v24 zero-stale revoke/grant/channel state runtime 1.7.1
Commit             2852c8af67c6f615b80b1776f5d5cb63fe68c31a*
EAS Dashboard      https://expo.dev/accounts/isamu_123/projects/osmani-tv/updates/2d2200ca-cd1d-4d7c-9251-75f2a9c89af0

npm warn Unknown env config "devdir". This will stop working in the next major version of npm.


=== OTA runtime 1.7.2 ===
No environment variables with visibility "Plain text" and "Sensitive" found for the "production" environment on EAS.

- Exporting...
[expo-cli] --non-interactive is not supported, use $CI=1 instead
[expo-cli] » android: androidStatusBar.backgroundColor: Color conflicts with the splash.backgroundColor
[expo-cli] » android: androidStatusBar.backgroundColor: Color conflicts with the splash.backgroundColor
[expo-cli] » android: androidStatusBar.backgroundColor: Color conflicts with the splash.backgroundColor
[expo-cli] » android: androidStatusBar.backgroundColor: Color conflicts with the splash.backgroundColor
[expo-cli] » android: androidStatusBar.backgroundColor: Color conflicts with the splash.backgroundColor
[expo-cli] Starting Metro Bundler
[expo-cli] warning: Bundler cache is empty, rebuilding (this may take a minute)
[expo-cli] Web node_modules\expo\AppEntry.js ░░░░░░░░░░░░░░░░  0.0% (0/1)
[expo-cli] iOS node_modules\expo\AppEntry.js ░░░░░░░░░░░░░░░░  0.0% (0/1)
[expo-cli] Android node_modules\expo\AppEntry.js ░░░░░░░░░░░░░░░░  0.0% (0/1)
[expo-cli] | (node:10436) Warning: The 'NO_COLOR' env is ignored due to the 'FORCE_COLOR' env being set.
[expo-cli] Web node_modules\expo\AppEntry.js ░░░░░░░░░░░░░░░░  0.0% (0/1)
[expo-cli] iOS node_modules\expo\AppEntry.js ░░░░░░░░░░░░░░░░  0.0% (0/1)
[expo-cli] Android node_modules\expo\AppEntry.js ░░░░░░░░░░░░░░░░  0.0% (0/1)
[expo-cli] | (Use `node --trace-warnings ...` to show where the warning was created)
[expo-cli] Web node_modules\expo\AppEntry.js ░░░░░░░░░░░░░░░░  1.0% (1/3)
[expo-cli] iOS node_modules\expo\AppEntry.js ░░░░░░░░░░░░░░░░  1.0% (1/1)
[expo-cli] Android node_modules\expo\AppEntry.js ░░░░░░░░░░░░░░░░  1.0% (1/3)
[expo-cli] | (node:6264) Warning: The 'NO_COLOR' env is ignored due to the 'FORCE_COLOR' env being set.
[expo-cli] Web node_modules\expo\AppEntry.js ░░░░░░░░░░░░░░░░  1.0% (1/3)
[expo-cli] iOS node_modules\expo\AppEntry.js ░░░░░░░░░░░░░░░░  1.0% (1/1)
[expo-cli] Android node_modules\expo\AppEntry.js ░░░░░░░░░░░░░░░░  1.0% (1/3)
[expo-cli] | (Use `node --trace-warnings ...` to show where the warning was created)
[expo-cli] | (node:21096) Warning: The 'NO_COLOR' env is ignored due to the 'FORCE_COLOR' env being set.
[expo-cli] | (Use `node --trace-warnings ...` to show where the warning was created)
[expo-cli] Web node_modules\expo\AppEntry.js ▓▓▓▓▓░░░░░░░░░░░ 32.7% ( 8/14)
[expo-cli] iOS node_modules\expo\AppEntry.js ▓░░░░░░░░░░░░░░░ 12.5% ( 7/21)
[expo-cli] Android node_modules\expo\AppEntry.js ░░░░░░░░░░░░░░░░  4.0% (2/3)
[expo-cli] Web node_modules\expo\AppEntry.js ▓▓▓▓▓▓░░░░░░░░░░ 41.3% ( 9/15)
[expo-cli] iOS node_modules\expo\AppEntry.js ▓▓▓░░░░░░░░░░░░░ 18.9% ( 23/145)
[expo-cli] Android node_modules\expo\AppEntry.js ▓▓░░░░░░░░░░░░░░ 12.8% (  9/106)
[expo-cli] Web node_modules\expo\AppEntry.js ▓▓▓▓▓▓░░░░░░░░░░ 41.3% ( 9/97)
[expo-cli] iOS node_modules\expo\AppEntry.js ▓▓▓░░░░░░░░░░░░░ 18.9% ( 38/176)
[expo-cli] Android node_modules\expo\AppEntry.js ▓▓░░░░░░░░░░░░░░ 12.8% (  9/106)
[expo-cli] | (node:17144) Warning: The 'NO_COLOR' env is ignored due to the 'FORCE_COLOR' env being set.
[expo-cli] | (Use `node --trace-warnings ...` to show where the warning was created)
[expo-cli] | (node:11592) Warning: The 'NO_COLOR' env is ignored due to the 'FORCE_COLOR' env being set.
[expo-cli] | (Use `node --trace-warnings ...` to show where the warning was created)
[expo-cli] | (node:9208) Warning: The 'NO_COLOR' env is ignored due to the 'FORCE_COLOR' env being set.
[expo-cli] | (Use `node --trace-warnings ...` to show where the warning was created)
[expo-cli] | (node:6464) Warning: The 'NO_COLOR' env is ignored due to the 'FORCE_COLOR' env being set.
[expo-cli] | (Use `node --trace-warnings ...` to show where the warning was created)
[expo-cli] | (node:18368) Warning: The 'NO_COLOR' env is ignored due to the 'FORCE_COLOR' env being set.
[expo-cli] | (Use `node --trace-warnings ...` to show where the warning was created)
[expo-cli] Web node_modules\expo\AppEntry.js ▓▓▓▓▓▓░░░░░░░░░░ 41.3% ( 14/103)
[expo-cli] iOS node_modules\expo\AppEntry.js ▓▓▓░░░░░░░░░░░░░ 18.9% ( 62/210)
[expo-cli] Android node_modules\expo\AppEntry.js ▓▓░░░░░░░░░░░░░░ 12.8% (  9/106)
[expo-cli] Web node_modules\expo\AppEntry.js ▓▓▓▓▓▓░░░░░░░░░░ 41.3% ( 14/103)
[expo-cli] iOS node_modules\expo\AppEntry.js ▓▓▓░░░░░░░░░░░░░ 18.9% (105/313)
[expo-cli] Android node_modules\expo\AppEntry.js ▓▓░░░░░░░░░░░░░░ 12.8% ( 22/119)
[expo-cli] Web node_modules\expo\AppEntry.js ▓▓▓▓▓▓░░░░░░░░░░ 41.3% ( 14/103)
[expo-cli] iOS node_modules\expo\AppEntry.js ▓▓▓░░░░░░░░░░░░░ 18.9% (105/313)
[expo-cli] Android node_modules\expo\AppEntry.js ▓▓░░░░░░░░░░░░░░ 12.8% ( 74/262)
[expo-cli] Web node_modules\expo\AppEntry.js ▓▓▓▓▓▓░░░░░░░░░░ 41.3% ( 34/187)
[expo-cli] iOS node_modules\expo\AppEntry.js ▓▓▓░░░░░░░░░░░░░ 19.1% (145/332)
[expo-cli] Android node_modules\expo\AppEntry.js ▓▓░░░░░░░░░░░░░░ 12.8% (108/315)
[expo-cli] Web node_modules\expo\AppEntry.js ▓▓▓▓▓▓░░░░░░░░░░ 41.3% ( 57/246)
[expo-cli] iOS node_modules\expo\AppEntry.js ▓▓▓░░░░░░░░░░░░░ 19.1% (145/332)
[expo-cli] Android node_modules\expo\AppEntry.js ▓▓░░░░░░░░░░░░░░ 12.8% (108/315)
[expo-cli] Web node_modules\expo\AppEntry.js ▓▓▓▓▓▓░░░░░░░░░░ 41.3% ( 75/278)
[expo-cli] iOS node_modules\expo\AppEntry.js ▓▓▓░░░░░░░░░░░░░ 19.1% (145/332)
[expo-cli] Android node_modules\expo\AppEntry.js ▓▓░░░░░░░░░░░░░░ 12.8% (108/315)
[expo-cli] Web node_modules\expo\AppEntry.js ▓▓▓▓▓▓░░░░░░░░░░ 41.3% ( 96/333)
[expo-cli] iOS node_modules\expo\AppEntry.js ▓▓▓░░░░░░░░░░░░░ 24.5% (182/368)
[expo-cli] Android node_modules\expo\AppEntry.js ▓▓░░░░░░░░░░░░░░ 12.8% (108/315)
[expo-cli] Web node_modules\expo\AppEntry.js ▓▓▓▓▓▓░░░░░░░░░░ 41.3% (101/336)
[expo-cli] iOS node_modules\expo\AppEntry.js ▓▓▓▓░░░░░░░░░░░░ 26.5% (244/480)
[expo-cli] Android node_modules\expo\AppEntry.js ▓▓░░░░░░░░░░░░░░ 12.8% (108/315)
[expo-cli] Web node_modules\expo\AppEntry.js ▓▓▓▓▓▓░░░░░░░░░░ 41.3% (101/336)
[expo-cli] iOS node_modules\expo\AppEntry.js ▓▓▓▓░░░░░░░░░░░░ 27.7% (292/592)
[expo-cli] Android node_modules\expo\AppEntry.js ▓▓░░░░░░░░░░░░░░ 12.8% (108/315)
[expo-cli] Web node_modules\expo\AppEntry.js ▓▓▓▓▓▓░░░░░░░░░░ 41.3% (101/336)
[expo-cli] iOS node_modules\expo\AppEntry.js ▓▓▓▓░░░░░░░░░░░░ 27.7% (314/629)
[expo-cli] Android node_modules\expo\AppEntry.js ▓▓░░░░░░░░░░░░░░ 16.7% (170/448)
[expo-cli] Web node_modules\expo\AppEntry.js ▓▓▓▓▓▓░░░░░░░░░░ 41.3% (101/336)
[expo-cli] iOS node_modules\expo\AppEntry.js ▓▓▓▓░░░░░░░░░░░░ 27.7% (314/629)
[expo-cli] Android node_modules\expo\AppEntry.js ▓▓▓░░░░░░░░░░░░░ 18.8% (229/532)
[expo-cli] Web node_modules\expo\AppEntry.js ▓▓▓▓▓▓░░░░░░░░░░ 41.3% (120/345)
[expo-cli] iOS node_modules\expo\AppEntry.js ▓▓▓▓░░░░░░░░░░░░ 27.7% (331/654)
[expo-cli] Android node_modules\expo\AppEntry.js ▓▓▓▓░░░░░░░░░░░░ 25.2% (309/616)
[expo-cli] Web node_modules\expo\AppEntry.js ▓▓▓▓▓▓░░░░░░░░░░ 41.3% (185/444)
[expo-cli] iOS node_modules\expo\AppEntry.js ▓▓▓▓░░░░░░░░░░░░ 27.7% (331/654)
[expo-cli] Android node_modules\expo\AppEntry.js ▓▓▓▓░░░░░░░░░░░░ 25.6% (314/629)
[expo-cli] Web node_modules\expo\AppEntry.js ▓▓▓▓▓▓░░░░░░░░░░ 41.3% (252/525)
[expo-cli] iOS node_modules\expo\AppEntry.js ▓▓▓▓░░░░░░░░░░░░ 27.7% (331/654)
[expo-cli] Android node_modules\expo\AppEntry.js ▓▓▓▓░░░░░░░░░░░░ 25.6% (314/629)
[expo-cli] Web node_modules\expo\AppEntry.js ▓▓▓▓▓▓░░░░░░░░░░ 41.3% (298/552)
[expo-cli] iOS node_modules\expo\AppEntry.js ▓▓▓▓░░░░░░░░░░░░ 28.3% (351/660)
[expo-cli] Android node_modules\expo\AppEntry.js ▓▓▓▓░░░░░░░░░░░░ 25.6% (314/629)
[expo-cli] Web node_modules\expo\AppEntry.js ▓▓▓▓▓▓░░░░░░░░░░ 41.3% (340/569)
[expo-cli] iOS node_modules\expo\AppEntry.js ▓▓▓▓▓▓░░░░░░░░░░ 39.2% (430/687)
[expo-cli] Android node_modules\expo\AppEntry.js ▓▓▓▓░░░░░░░░░░░░ 25.6% (314/629)
[expo-cli] Web node_modules\expo\AppEntry.js ▓▓▓▓▓▓░░░░░░░░░░ 41.3% (340/569)
[expo-cli] iOS node_modules\expo\AppEntry.js ▓▓▓▓▓▓▓░░░░░░░░░ 46.2% (557/833)
[expo-cli] Android node_modules\expo\AppEntry.js ▓▓▓▓░░░░░░░░░░░░ 25.6% (314/629)
[expo-cli] Web node_modules\expo\AppEntry.js ▓▓▓▓▓▓░░░░░░░░░░ 41.3% (340/569)
[expo-cli] iOS node_modules\expo\AppEntry.js ▓▓▓▓▓▓▓░░░░░░░░░ 49.5% (617/877)
[expo-cli] Android node_modules\expo\AppEntry.js ▓▓▓▓░░░░░░░░░░░░ 30.5% (375/690)
[expo-cli] Web node_modules\expo\AppEntry.js ▓▓▓▓▓▓░░░░░░░░░░ 41.3% (340/569)
[expo-cli] iOS node_modules\expo\AppEntry.js ▓▓▓▓▓▓▓▓░░░░░░░░ 52.6% (645/889)
[expo-cli] Android node_modules\expo\AppEntry.js ▓▓▓▓▓░░░░░░░░░░░ 34.1% (486/832)
[expo-cli] Web node_modules\expo\AppEntry.js ▓▓▓▓▓▓░░░░░░░░░░ 41.3% (340/569)
[expo-cli] iOS node_modules\expo\AppEntry.js ▓▓▓▓▓▓▓▓░░░░░░░░ 52.6% (645/889)
[expo-cli] Android node_modules\expo\AppEntry.js ▓▓▓▓▓▓▓░░░░░░░░░ 47.2% (599/872)
[expo-cli] Web node_modules\expo\AppEntry.js ▓▓▓▓▓▓░░░░░░░░░░ 41.3% (381/634)
[expo-cli] iOS node_modules\expo\AppEntry.js ▓▓▓▓▓▓▓▓░░░░░░░░ 53.7% (653/891)
[expo-cli] Android node_modules\expo\AppEntry.js ▓▓▓▓▓▓▓▓░░░░░░░░ 52.6% (646/891)
[expo-cli] Web node_modules\expo\AppEntry.js ▓▓▓▓▓▓░░░░░░░░░░ 43.7% (464/704)
[expo-cli] iOS node_modules\expo\AppEntry.js ▓▓▓▓▓▓▓▓░░░░░░░░ 53.7% (653/891)
[expo-cli] Android node_modules\expo\AppEntry.js ▓▓▓▓▓▓▓▓░░░░░░░░ 52.6% (646/891)
[expo-cli] Web node_modules\expo\AppEntry.js ▓▓▓▓▓▓▓▓░░░░░░░░ 52.3% (556/770)
[expo-cli] iOS node_modules\expo\AppEntry.js ▓▓▓▓▓▓▓▓░░░░░░░░ 54.5% (658/891)
[expo-cli] Android node_modules\expo\AppEntry.js ▓▓▓▓▓▓▓▓░░░░░░░░ 52.6% (646/891)
[expo-cli] | [33m» [1mandroid[22m: androidStatusBar.backgroundColor: Color conflicts with the splash.backgroundColor[39m
[expo-cli] Web node_modules\expo\AppEntry.js ▓▓▓▓▓▓▓▓░░░░░░░░ 53.0% (565/777)
[expo-cli] iOS node_modules\expo\AppEntry.js ▓▓▓▓▓▓▓▓▓░░░░░░░ 59.1% (745/990)
[expo-cli] Android node_modules\expo\AppEntry.js ▓▓▓▓▓▓▓▓░░░░░░░░ 52.6% (646/891)
[expo-cli] Web node_modules\expo\AppEntry.js ▓▓▓▓▓▓▓▓░░░░░░░░ 53.0% (565/777)
[expo-cli] iOS node_modules\expo\AppEntry.js ▓▓▓▓▓▓▓▓▓▓░░░░░░ 67.6% ( 855/1040)
[expo-cli] Android node_modules\expo\AppEntry.js ▓▓▓▓▓▓▓▓░░░░░░░░ 52.6% (646/891)
[expo-cli] Web node_modules\expo\AppEntry.js ▓▓▓▓▓▓▓▓░░░░░░░░ 53.0% (565/777)
[expo-cli] iOS node_modules\expo\AppEntry.js ▓▓▓▓▓▓▓▓▓▓░░░░░░ 68.5% ( 877/1060)
[expo-cli] Android node_modules\expo\AppEntry.js ▓▓▓▓▓▓▓▓▓░░░░░░░ 57.7% ( 750/1000)
[expo-cli] Web node_modules\expo\AppEntry.js ▓▓▓▓▓▓▓▓░░░░░░░░ 53.4% (570/780)
[expo-cli] iOS node_modules\expo\AppEntry.js ▓▓▓▓▓▓▓▓▓▓▓░░░░░ 69.2% ( 889/1069)
[expo-cli] Android node_modules\expo\AppEntry.js ▓▓▓▓▓▓▓▓▓▓░░░░░░ 68.0% ( 871/1056)
[expo-cli] Web node_modules\expo\AppEntry.js ▓▓▓▓▓▓▓▓▓░░░░░░░ 59.2% (637/828)
[expo-cli] iOS node_modules\expo\AppEntry.js ▓▓▓▓▓▓▓▓▓▓▓░░░░░ 69.2% ( 889/1069)
[expo-cli] Android node_modules\expo\AppEntry.js ▓▓▓▓▓▓▓▓▓▓▓░░░░░ 69.0% ( 887/1068)
[expo-cli] Web node_modules\expo\AppEntry.js ▓▓▓▓▓▓▓▓▓▓▓░░░░░ 70.9% (735/879)
[expo-cli] iOS node_modules\expo\AppEntry.js ▓▓▓▓▓▓▓▓▓▓▓░░░░░ 69.2% ( 889/1069)
[expo-cli] Android node_modules\expo\AppEntry.js ▓▓▓▓▓▓▓▓▓▓▓░░░░░ 69.0% ( 889/1070)
[expo-cli] Web node_modules\expo\AppEntry.js ▓▓▓▓▓▓▓▓▓▓▓░░░░░ 73.1% (778/924)
[expo-cli] iOS node_modules\expo\AppEntry.js ▓▓▓▓▓▓▓▓▓▓▓░░░░░ 74.0% ( 953/1111)
[expo-cli] Android node_modules\expo\AppEntry.js ▓▓▓▓▓▓▓▓▓▓▓░░░░░ 69.0% ( 890/1072)
[expo-cli] Web node_modules\expo\AppEntry.js ▓▓▓▓▓▓▓▓▓▓▓░░░░░ 73.1% (778/924)
[expo-cli] iOS node_modules\expo\AppEntry.js ▓▓▓▓▓▓▓▓▓▓▓▓▓░░░ 84.6% (1060/1158)
[expo-cli] Android node_modules\expo\AppEntry.js ▓▓▓▓▓▓▓▓▓▓▓▓░░░░ 75.2% ( 939/1083)
[expo-cli] Web node_modules\expo\AppEntry.js ▓▓▓▓▓▓▓▓▓▓▓░░░░░ 73.1% (783/924)
[expo-cli] iOS node_modules\expo\AppEntry.js ▓▓▓▓▓▓▓▓▓▓▓▓▓░░░ 84.8% (1067/1159)
[expo-cli] Android node_modules\expo\AppEntry.js ▓▓▓▓▓▓▓▓▓▓▓▓▓░░░ 84.2% (1060/1156)
[expo-cli] Web node_modules\expo\AppEntry.js ▓▓▓▓▓▓▓▓▓▓▓▓░░░░ 79.1% (851/957)
[expo-cli] iOS node_modules\expo\AppEntry.js ▓▓▓▓▓▓▓▓▓▓▓▓▓░░░ 84.8% (1067/1159)
[expo-cli] Android node_modules\expo\AppEntry.js ▓▓▓▓▓▓▓▓▓▓▓▓▓░░░ 85.4% (1070/1161)
[expo-cli] Web node_modules\expo\AppEntry.js ▓▓▓▓▓▓▓▓▓▓▓▓▓░░░ 81.8% ( 917/1014)
[expo-cli] iOS node_modules\expo\AppEntry.js ▓▓▓▓▓▓▓▓▓▓▓▓▓░░░ 86.9% (1088/1167)
[expo-cli] Android node_modules\expo\AppEntry.js ▓▓▓▓▓▓▓▓▓▓▓▓▓░░░ 85.4% (1070/1161)
[expo-cli] Web node_modules\expo\AppEntry.js ▓▓▓▓▓▓▓▓▓▓▓▓▓░░░ 82.0% ( 923/1019)
[expo-cli] iOS node_modules\expo\AppEntry.js ▓▓▓▓▓▓▓▓▓▓▓▓▓▓▓░ 94.1% (1157/1211)
[expo-cli] Android node_modules\expo\AppEntry.js ▓▓▓▓▓▓▓▓▓▓▓▓▓▓░░ 88.9% (1135/1204)
[expo-cli] Web node_modules\expo\AppEntry.js ▓▓▓▓▓▓▓▓▓▓▓▓▓░░░ 86.8% ( 969/1064)
[expo-cli] iOS node_modules\expo\AppEntry.js ▓▓▓▓▓▓▓▓▓▓▓▓▓▓▓░ 94.1% (1157/1211)
[expo-cli] Android node_modules\expo\AppEntry.js ▓▓▓▓▓▓▓▓▓▓▓▓▓▓░░ 91.6% (1161/1213)
[expo-cli] Web node_modules\expo\AppEntry.js ▓▓▓▓▓▓▓▓▓▓▓▓▓░░░ 86.8% (1017/1111)
[expo-cli] iOS node_modules\expo\AppEntry.js ▓▓▓▓▓▓▓▓▓▓▓▓▓▓▓░ 94.1% (1180/1233)
[expo-cli] Android node_modules\expo\AppEntry.js ▓▓▓▓▓▓▓▓▓▓▓▓▓▓░░ 91.6% (1161/1213)
[expo-cli] Web node_modules\expo\AppEntry.js ▓▓▓▓▓▓▓▓▓▓▓▓▓░░░ 86.8% (1017/1111)
[expo-cli] iOS node_modules\expo\AppEntry.js ▓▓▓▓▓▓▓▓▓▓▓▓▓▓▓░ 94.1% (1205/1284)
[expo-cli] Android node_modules\expo\AppEntry.js ▓▓▓▓▓▓▓▓▓▓▓▓▓▓░░ 92.7% (1212/1287)
[expo-cli] Web node_modules\expo\AppEntry.js ▓▓▓▓▓▓▓▓▓▓▓▓▓░░░ 86.8% (1097/1184)
[expo-cli] iOS node_modules\expo\AppEntry.js ▓▓▓▓▓▓▓▓▓▓▓▓▓▓▓░ 94.1% (1214/1287)
[expo-cli] Android node_modules\expo\AppEntry.js ▓▓▓▓▓▓▓▓▓▓▓▓▓▓░░ 92.7% (1214/1287)
[expo-cli] Web node_modules\expo\AppEntry.js ▓▓▓▓▓▓▓▓▓▓▓▓▓▓░░ 87.8% (1113/1188)
[expo-cli] iOS node_modules\expo\AppEntry.js ▓▓▓▓▓▓▓▓▓▓▓▓▓▓▓░ 94.1% (1283/1373)
[expo-cli] Android node_modules\expo\AppEntry.js ▓▓▓▓▓▓▓▓▓▓▓▓▓▓░░ 92.7% (1225/1308)
[expo-cli] Web node_modules\expo\AppEntry.js ▓▓▓▓▓▓▓▓▓▓▓▓▓▓░░ 90.9% (1144/1200)
[expo-cli] iOS node_modules\expo\AppEntry.js ▓▓▓▓▓▓▓▓▓▓▓▓▓▓▓░ 94.1% (1285/1375)
[expo-cli] Android node_modules\expo\AppEntry.js ▓▓▓▓▓▓▓▓▓▓▓▓▓▓░░ 92.7% (1287/1375)
[expo-cli] Web node_modules\expo\AppEntry.js ▓▓▓▓▓▓▓▓▓▓▓▓▓▓▓░ 96.2% (1184/1208)
[expo-cli] iOS node_modules\expo\AppEntry.js ▓▓▓▓▓▓▓▓▓▓▓▓▓▓▓░ 94.1% (1299/1401)
[expo-cli] Android node_modules\expo\AppEntry.js ▓▓▓▓▓▓▓▓▓▓▓▓▓▓░░ 92.7% (1287/1375)
[expo-cli] Web node_modules\expo\AppEntry.js ▓▓▓▓▓▓▓▓▓▓▓▓▓▓▓░ 96.6% (1190/1211)
[expo-cli] iOS node_modules\expo\AppEntry.js ▓▓▓▓▓▓▓▓▓▓▓▓▓▓▓░ 94.1% (1341/1412)
[expo-cli] Android node_modules\expo\AppEntry.js ▓▓▓▓▓▓▓▓▓▓▓▓▓▓░░ 92.7% (1287/1375)
[expo-cli] Web node_modules\expo\AppEntry.js ▓▓▓▓▓▓▓▓▓▓▓▓▓▓▓░ 96.6% (1190/1211)
[expo-cli] iOS node_modules\expo\AppEntry.js ▓▓▓▓▓▓▓▓▓▓▓▓▓▓▓░ 94.1% (1374/1437)
[expo-cli] Android node_modules\expo\AppEntry.js ▓▓▓▓▓▓▓▓▓▓▓▓▓▓░░ 92.7% (1328/1412)
[expo-cli] Web node_modules\expo\AppEntry.js ▓▓▓▓▓▓▓▓▓▓▓▓▓▓▓░ 97.2% (1194/1211)
[expo-cli] iOS node_modules\expo\AppEntry.js ▓▓▓▓▓▓▓▓▓▓▓▓▓▓▓░ 94.1% (1375/1437)
[expo-cli] Android node_modules\expo\AppEntry.js ▓▓▓▓▓▓▓▓▓▓▓▓▓▓░░ 92.7% (1369/1435)
[expo-cli] Web node_modules\expo\AppEntry.js ▓▓▓▓▓▓▓▓▓▓▓▓▓▓▓░ 97.9% (1203/1226)
[expo-cli] iOS node_modules\expo\AppEntry.js ▓▓▓▓▓▓▓▓▓▓▓▓▓▓▓░ 94.3% (1435/1478)
[expo-cli] Android node_modules\expo\AppEntry.js ▓▓▓▓▓▓▓▓▓▓▓▓▓▓░░ 93.2% (1411/1471)
[expo-cli] Web node_modules\expo\AppEntry.js ▓▓▓▓▓▓▓▓▓▓▓▓▓▓▓░ 97.9% (1246/1264)
[expo-cli] iOS node_modules\expo\AppEntry.js ▓▓▓▓▓▓▓▓▓▓▓▓▓▓▓░ 95.8% (1469/1501)
[expo-cli] Android node_modules\expo\AppEntry.js ▓▓▓▓▓▓▓▓▓▓▓▓▓▓▓░ 96.7% (1476/1501)
[expo-cli] Web node_modules\expo\AppEntry.js ▓▓▓▓▓▓▓▓▓▓▓▓▓▓▓░ 97.9% (1288/1318)
[expo-cli] iOS node_modules\expo\AppEntry.js ▓▓▓▓▓▓▓▓▓▓▓▓▓▓▓░ 97.9% (1533/1552)
[expo-cli] Android node_modules\expo\AppEntry.js ▓▓▓▓▓▓▓▓▓▓▓▓▓▓▓░ 97.7% (1531/1552)
[expo-cli] Web node_modules\expo\AppEntry.js ▓▓▓▓▓▓▓▓▓▓▓▓▓▓▓░ 99.9% (1337/1337)
[expo-cli] iOS node_modules\expo\AppEntry.js ▓▓▓▓▓▓▓▓▓▓▓▓▓▓▓░ 99.9% (1562/1562)
[expo-cli] Android node_modules\expo\AppEntry.js ▓▓▓▓▓▓▓▓▓▓▓▓▓▓▓░ 99.9% (1561/1562)
[expo-cli] Web Bundled 207165ms node_modules\expo\AppEntry.js (1337 modules)
[expo-cli] Web node_modules\expo\AppEntry.js ▓▓▓▓▓▓▓▓▓▓▓▓▓▓▓░ 99.9% (1337/1337)
[expo-cli] iOS node_modules\expo\AppEntry.js ▓▓▓▓▓▓▓▓▓▓▓▓▓▓▓░ 99.9% (1562/1562)
[expo-cli] Android node_modules\expo\AppEntry.js ▓▓▓▓▓▓▓▓▓▓▓▓▓▓▓░ 99.9% (1561/1562)
[expo-cli] iOS node_modules\expo\AppEntry.js ▓▓▓▓▓▓▓▓▓▓▓▓▓▓▓░ 99.9% (1562/1562)
[expo-cli] Android node_modules\expo\AppEntry.js ▓▓▓▓▓▓▓▓▓▓▓▓▓▓▓░ 99.9% (1561/1562)
[expo-cli] iOS Bundled 226208ms node_modules\expo\AppEntry.js (1562 modules)
[expo-cli] iOS node_modules\expo\AppEntry.js ▓▓▓▓▓▓▓▓▓▓▓▓▓▓▓░ 99.9% (1562/1562)
[expo-cli] Android node_modules\expo\AppEntry.js ▓▓▓▓▓▓▓▓▓▓▓▓▓▓▓░ 99.9% (1561/1562)
[expo-cli] Android node_modules\expo\AppEntry.js ▓▓▓▓▓▓▓▓▓▓▓▓▓▓▓░ 99.9% (1561/1562)
[expo-cli] Android Bundled 245481ms node_modules\expo\AppEntry.js (1562 modules)
[expo-cli] Android node_modules\expo\AppEntry.js ▓▓▓▓▓▓▓▓▓▓▓▓▓▓▓░ 99.9% (1561/1562)
[expo-cli] Creating asset map
[expo-cli] 
[expo-cli] › Assets (73):
[expo-cli] node_modules\@react-navigation\elements\lib\module\assets\back-icon-mask.0a328cd9c1afd0afe8e3b1ec5165b1b4.png (653 B)
[expo-cli] node_modules\@react-navigation\elements\lib\module\assets\back-icon-mask.png (653 B)
[expo-cli] node_modules\@react-navigation\elements\lib\module\assets\back-icon.35ba0eaec5a4f5ed12ca16fabeae451d.png (207 B)
[expo-cli] node_modules\@react-navigation\elements\lib\module\assets\back-icon.png (8 variations | 359 B)
[expo-cli] node_modules\@react-navigation\elements\lib\module\assets\clear-icon.c94f6478e7ae0cdd9f15de1fcb9e5e55.png (4 variations | 425 B)
[expo-cli] node_modules\@react-navigation\elements\lib\module\assets\clear-icon.png (4 variations | 425 B)
[expo-cli] node_modules\@react-navigation\elements\lib\module\assets\close-icon.808e1b1b9b53114ec2838071a7e6daa7.png (4 variations | 235 B)
[expo-cli] node_modules\@react-navigation\elements\lib\module\assets\close-icon.png (4 variations | 235 B)
[expo-cli] node_modules\@react-navigation\elements\lib\module\assets\search-icon.286d67d3f74808a60a78d3ebf1a5fb57.png (928 B)
[expo-cli] node_modules\@react-navigation\elements\lib\module\assets\search-icon.png (7 variations | 592 B)
[expo-cli] node_modules\expo\node_modules\@expo\vector-icons\build\vendor\react-native-vector-icons\Fonts\AntDesign.3f78af31cca60105799838a1a7a59fbd.ttf (130 kB)
[expo-cli] node_modules\expo\node_modules\@expo\vector-icons\build\vendor\react-native-vector-icons\Fonts\AntDesign.ttf (130 kB)
[expo-cli] node_modules\expo\node_modules\@expo\vector-icons\build\vendor\react-native-vector-icons\Fonts\Entypo.31b5ffea3daddc69dd01a1f3d6cf63c5.ttf (66.2 kB)
[expo-cli] node_modules\expo\node_modules\@expo\vector-icons\build\vendor\react-native-vector-icons\Fonts\Entypo.ttf (66.2 kB)
[expo-cli] node_modules\expo\node_modules\@expo\vector-icons\build\vendor\react-native-vector-icons\Fonts\EvilIcons.140c53a7643ea949007aa9a282153849.ttf (13.5 kB)
[expo-cli] node_modules\expo\node_modules\@expo\vector-icons\build\vendor\react-native-vector-icons\Fonts\EvilIcons.ttf (13.5 kB)
[expo-cli] node_modules\expo\node_modules\@expo\vector-icons\build\vendor\react-native-vector-icons\Fonts\Feather.ca4b48e04dc1ce10bfbddb262c8b835f.ttf (55.6 kB)
[expo-cli] node_modules\expo\node_modules\@expo\vector-icons\build\vendor\react-native-vector-icons\Fonts\Feather.ttf (55.6 kB)
[expo-cli] node_modules\expo\node_modules\@expo\vector-icons\build\vendor\react-native-vector-icons\Fonts\FontAwesome.b06871f281fee6b241d60582ae9369b9.ttf (166 kB)
[expo-cli] node_modules\expo\node_modules\@expo\vector-icons\build\vendor\react-native-vector-icons\Fonts\FontAwesome.ttf (166 kB)
[expo-cli] node_modules\expo\node_modules\@expo\vector-icons\build\vendor\react-native-vector-icons\Fonts\FontAwesome5_Brands.3b89dd103490708d19a95adcae52210e.ttf (134 kB)
[expo-cli] node_modules\expo\node_modules\@expo\vector-icons\build\vendor\react-native-vector-icons\Fonts\FontAwesome5_Brands.ttf (134 kB)
[expo-cli] node_modules\expo\node_modules\@expo\vector-icons\build\vendor\react-native-vector-icons\Fonts\FontAwesome5_Regular.1f77739ca9ff2188b539c36f30ffa2be.ttf (33.7 kB)
[expo-cli] node_modules\expo\node_modules\@expo\vector-icons\build\vendor\react-native-vector-icons\Fonts\FontAwesome5_Regular.ttf (33.7 kB)
[expo-cli] node_modules\expo\node_modules\@expo\vector-icons\build\vendor\react-native-vector-icons\Fonts\FontAwesome5_Solid.605ed7926cf39a2ad5ec2d1f9d391d3d.ttf (203 kB)
[expo-cli] node_modules\expo\node_modules\@expo\vector-icons\build\vendor\react-native-vector-icons\Fonts\FontAwesome5_Solid.ttf (203 kB)
[expo-cli] node_modules\expo\node_modules\@expo\vector-icons\build\vendor\react-native-vector-icons\Fonts\FontAwesome6_Brands.56c8d80832e37783f12c05db7c8849e2.ttf (209 kB)
[expo-cli] node_modules\expo\node_modules\@expo\vector-icons\build\vendor\react-native-vector-icons\Fonts\FontAwesome6_Brands.ttf (209 kB)
[expo-cli] node_modules\expo\node_modules\@expo\vector-icons\build\vendor\react-native-vector-icons\Fonts\FontAwesome6_Regular.370dd5af19f8364907b6e2c41f45dbbf.ttf (68 kB)
[expo-cli] node_modules\expo\node_modules\@expo\vector-icons\build\vendor\react-native-vector-icons\Fonts\FontAwesome6_Regular.ttf (68 kB)
[expo-cli] node_modules\expo\node_modules\@expo\vector-icons\build\vendor\react-native-vector-icons\Fonts\FontAwesome6_Solid.adec7d6f310bc577f05e8fe06a5daccf.ttf (424 kB)
[expo-cli] node_modules\expo\node_modules\@expo\vector-icons\build\vendor\react-native-vector-icons\Fonts\FontAwesome6_Solid.ttf (424 kB)
[expo-cli] node_modules\expo\node_modules\@expo\vector-icons\build\vendor\react-native-vector-icons\Fonts\Fontisto.b49ae8ab2dbccb02c4d11caaacf09eab.ttf (314 kB)
[expo-cli] node_modules\expo\node_modules\@expo\vector-icons\build\vendor\react-native-vector-icons\Fonts\Fontisto.ttf (314 kB)
[expo-cli] node_modules\expo\node_modules\@expo\vector-icons\build\vendor\react-native-vector-icons\Fonts\Foundation.e20945d7c929279ef7a6f1db184a4470.ttf (57 kB)
[expo-cli] node_modules\expo\node_modules\@expo\vector-icons\build\vendor\react-native-vector-icons\Fonts\Foundation.ttf (57 kB)
[expo-cli] node_modules\expo\node_modules\@expo\vector-icons\build\vendor\react-native-vector-icons\Fonts\Ionicons.b4eb097d35f44ed943676fd56f6bdc51.ttf (390 kB)
[expo-cli] node_modules\expo\node_modules\@expo\vector-icons\build\vendor\react-native-vector-icons\Fonts\Ionicons.ttf (390 kB)
[expo-cli] node_modules\expo\node_modules\@expo\vector-icons\build\vendor\react-native-vector-icons\Fonts\MaterialCommunityIcons.6e435534bd35da5fef04168860a9b8fa.ttf (1.31 MB)
[expo-cli] node_modules\expo\node_modules\@expo\vector-icons\build\vendor\react-native-vector-icons\Fonts\MaterialCommunityIcons.ttf (1.31 MB)
[expo-cli] node_modules\expo\node_modules\@expo\vector-icons\build\vendor\react-native-vector-icons\Fonts\MaterialIcons.4e85bc9ebe07e0340c9c4fc2f6c38908.ttf (357 kB)
[expo-cli] node_modules\expo\node_modules\@expo\vector-icons\build\vendor\react-native-vector-icons\Fonts\MaterialIcons.ttf (357 kB)
[expo-cli] node_modules\expo\node_modules\@expo\vector-icons\build\vendor\react-native-vector-icons\Fonts\Octicons.871378c6eab492a3e689a9385dc45a12.ttf (69.4 kB)
[expo-cli] node_modules\expo\node_modules\@expo\vector-icons\build\vendor\react-native-vector-icons\Fonts\Octicons.ttf (69.4 kB)
[expo-cli] node_modules\expo\node_modules\@expo\vector-icons\build\vendor\react-native-vector-icons\Fonts\SimpleLineIcons.d2285965fe34b05465047401b8595dd0.ttf (54.1 kB)
[expo-cli] node_modules\expo\node_modules\@expo\vector-icons\build\vendor\react-native-vector-icons\Fonts\SimpleLineIcons.ttf (54.1 kB)
[expo-cli] node_modules\expo\node_modules\@expo\vector-icons\build\vendor\react-native-vector-icons\Fonts\Zocial.1681f34aaca71b8dfb70756bca331eb2.ttf (25.8 kB)
[expo-cli] node_modules\expo\node_modules\@expo\vector-icons\build\vendor\react-native-vector-icons\Fonts\Zocial.ttf (25.8 kB)
[expo-cli] 
[expo-cli] › web bundles (6):
[expo-cli] _expo/static/js/web/AppEntry-52949348ba33d3cf0a59996f937fe0cb.js (3.01 MB)
[expo-cli] _expo/static/js/web/AppEntry-52949348ba33d3cf0a59996f937fe0cb.js.map (8.8 MB)
[expo-cli] _expo/static/js/web/index-af3a1c882395d16f0ccdd05d5d8a4a17.js (12.7 kB)
[expo-cli] _expo/static/js/web/index-af3a1c882395d16f0ccdd05d5d8a4a17.js.map (58.8 kB)
[expo-cli] _expo/static/js/web/ScreenCapture-d96446b21546bd922e16806681d7a0b2.js (2.48 kB)
[expo-cli] _expo/static/js/web/ScreenCapture-d96446b21546bd922e16806681d7a0b2.js.map (12.5 kB)
[expo-cli] 
[expo-cli] › ios bundles (2):
[expo-cli] _expo/static/js/ios/AppEntry-371285c9b044555e37d5b2c83f2217df.hbc (3.35 MB)
[expo-cli] _expo/static/js/ios/AppEntry-371285c9b044555e37d5b2c83f2217df.hbc.map (9.62 MB)
[expo-cli] 
[expo-cli] › android bundles (2):
[expo-cli] _expo/static/js/android/AppEntry-26c9854da51303a141420b4ff8989eaa.hbc (3.37 MB)
[expo-cli] _expo/static/js/android/AppEntry-26c9854da51303a141420b4ff8989eaa.hbc.map (9.66 MB)
[expo-cli] 
[expo-cli] › Files (4):
[expo-cli] assetmap.json (19.4 kB)
[expo-cli] favicon.ico (14.5 kB)
[expo-cli] index.html (1.22 kB)
[expo-cli] metadata.json (5.11 kB)
[expo-cli] 
[expo-cli] Exported: dist
✔ Exported bundle(s)
- Uploading...
- Uploading assetmap.json (0 / 19.0 KB)
✔ Uploaded assetmap.json 1s
√ Uploaded 2 app bundles
√ Uploading assets skipped - no new assets found
i 39 iOS assets, 39 Android assets (maximum: 2000 total per update). Learn more about asset limits: https://expo.fyi/eas-update-asset-limits
Skipping project fingerprints
- Publishing...
✔ Published!

Branch             production
Runtime version    1.7.2
Platform           android, ios
Update group ID    a5794ffa-ff42-487a-9281-3476a7114d48
Android update ID  019f3670-da21-7566-8f36-46208a36a7e1
iOS update ID      019f3670-da21-7229-ae8a-c47c826cb59d
Message            fix(realtime): v24 zero-stale revoke/grant/channel state runtime 1.7.2
Commit             2852c8af67c6f615b80b1776f5d5cb63fe68c31a*
EAS Dashboard      https://expo.dev/accounts/isamu_123/projects/osmani-tv/updates/a5794ffa-ff42-487a-9281-3476a7114d48

npm warn Unknown env config "devdir". This will stop working in the next major version of npm.


=== OTA runtime 1.8.0 ===
No environment variables with visibility "Plain text" and "Sensitive" found for the "production" environment on EAS.

- Exporting...
[expo-cli] --non-interactive is not supported, use $CI=1 instead
[expo-cli] » android: androidStatusBar.backgroundColor: Color conflicts with the splash.backgroundColor
[expo-cli] » android: androidStatusBar.backgroundColor: Color conflicts with the splash.backgroundColor
[expo-cli] » android: androidStatusBar.backgroundColor: Color conflicts with the splash.backgroundColor
[expo-cli] » android: androidStatusBar.backgroundColor: Color conflicts with the splash.backgroundColor
[expo-cli] » android: androidStatusBar.backgroundColor: Color conflicts with the splash.backgroundColor
[expo-cli] Starting Metro Bundler
[expo-cli] warning: Bundler cache is empty, rebuilding (this may take a minute)
[expo-cli] Web node_modules\expo\AppEntry.js ░░░░░░░░░░░░░░░░  0.0% (0/1)
[expo-cli] iOS node_modules\expo\AppEntry.js ░░░░░░░░░░░░░░░░  0.0% (0/1)
[expo-cli] Android node_modules\expo\AppEntry.js ░░░░░░░░░░░░░░░░  0.0% (0/1)
[expo-cli] | (node:22480) Warning: The 'NO_COLOR' env is ignored due to the 'FORCE_COLOR' env being set.
[expo-cli] | (Use `node --trace-warnings ...` to show where the warning was created)
[expo-cli] Web node_modules\expo\AppEntry.js ░░░░░░░░░░░░░░░░  1.0% (1/3)
[expo-cli] iOS node_modules\expo\AppEntry.js ░░░░░░░░░░░░░░░░  0.0% (0/1)
[expo-cli] Android node_modules\expo\AppEntry.js ░░░░░░░░░░░░░░░░  0.0% (0/1)
[expo-cli] | (node:18428) Warning: The 'NO_COLOR' env is ignored due to the 'FORCE_COLOR' env being set.
[expo-cli] | (Use `node --trace-warnings ...` to show where the warning was created)
[expo-cli] Web node_modules\expo\AppEntry.js ░░░░░░░░░░░░░░░░  4.0% (2/6)
[expo-cli] iOS node_modules\expo\AppEntry.js ░░░░░░░░░░░░░░░░  1.0% (1/1)
[expo-cli] Android node_modules\expo\AppEntry.js ░░░░░░░░░░░░░░░░  1.0% (1/3)
[expo-cli] | (node:8604) Warning: The 'NO_COLOR' env is ignored due to the 'FORCE_COLOR' env being set.
[expo-cli] | (Use `node --trace-warnings ...` to show where the warning was created)
[expo-cli] Web node_modules\expo\AppEntry.js ▓▓▓▓░░░░░░░░░░░░ 25.0% ( 6/12)
[expo-cli] iOS node_modules\expo\AppEntry.js ▓▓▓░░░░░░░░░░░░░ 18.9% ( 10/106)
[expo-cli] Android node_modules\expo\AppEntry.js ▓░░░░░░░░░░░░░░░  9.0% ( 4/14)
[expo-cli] Web node_modules\expo\AppEntry.js ▓▓▓▓▓░░░░░░░░░░░ 34.0% ( 7/95)
[expo-cli] iOS node_modules\expo\AppEntry.js ▓▓▓░░░░░░░░░░░░░ 18.9% ( 25/159)
[expo-cli] Android node_modules\expo\AppEntry.js ▓░░░░░░░░░░░░░░░ 12.5% ( 14/126)
[expo-cli] | (node:14848) Warning: The 'NO_COLOR' env is ignored due to the 'FORCE_COLOR' env being set.
[expo-cli] | (Use `node --trace-warnings ...` to show where the warning was created)
[expo-cli] | (node:1808) Warning: The 'NO_COLOR' env is ignored due to the 'FORCE_COLOR' env being set.
[expo-cli] | (Use `node --trace-warnings ...` to show where the warning was created)
[expo-cli] | (node:21584) Warning: The 'NO_COLOR' env is ignored due to the 'FORCE_COLOR' env being set.
[expo-cli] | (Use `node --trace-warnings ...` to show where the warning was created)
[expo-cli] | (node:14760) Warning: The 'NO_COLOR' env is ignored due to the 'FORCE_COLOR' env being set.
[expo-cli] | (Use `node --trace-warnings ...` to show where the warning was created)
[expo-cli] | (node:23660) Warning: The 'NO_COLOR' env is ignored due to the 'FORCE_COLOR' env being set.
[expo-cli] | (Use `node --trace-warnings ...` to show where the warning was created)
[expo-cli] Web node_modules\expo\AppEntry.js ▓▓▓▓▓░░░░░░░░░░░ 34.0% (10/96)
[expo-cli] iOS node_modules\expo\AppEntry.js ▓▓▓░░░░░░░░░░░░░ 18.9% ( 40/183)
[expo-cli] Android node_modules\expo\AppEntry.js ▓░░░░░░░░░░░░░░░ 12.5% ( 14/126)
[expo-cli] Web node_modules\expo\AppEntry.js ▓▓▓▓▓░░░░░░░░░░░ 34.0% ( 12/101)
[expo-cli] iOS node_modules\expo\AppEntry.js ▓▓▓░░░░░░░░░░░░░ 18.9% ( 72/293)
[expo-cli] Android node_modules\expo\AppEntry.js ▓░░░░░░░░░░░░░░░ 12.5% ( 16/127)
[expo-cli] Web node_modules\expo\AppEntry.js ▓▓▓▓▓░░░░░░░░░░░ 34.0% ( 12/101)
[expo-cli] iOS node_modules\expo\AppEntry.js ▓▓▓░░░░░░░░░░░░░ 18.9% (105/318)
[expo-cli] Android node_modules\expo\AppEntry.js ▓░░░░░░░░░░░░░░░ 12.5% ( 39/173)
[expo-cli] Web node_modules\expo\AppEntry.js ▓▓▓▓▓░░░░░░░░░░░ 34.0% ( 12/101)
[expo-cli] iOS node_modules\expo\AppEntry.js ▓▓▓░░░░░░░░░░░░░ 18.9% (142/338)
[expo-cli] Android node_modules\expo\AppEntry.js ▓▓░░░░░░░░░░░░░░ 18.2% (106/249)
[expo-cli] Web node_modules\expo\AppEntry.js ▓▓▓▓▓░░░░░░░░░░░ 34.0% ( 41/224)
[expo-cli] iOS node_modules\expo\AppEntry.js ▓▓▓░░░░░░░░░░░░░ 19.1% (148/339)
[expo-cli] Android node_modules\expo\AppEntry.js ▓▓░░░░░░░░░░░░░░ 18.2% (126/331)
[expo-cli] Web node_modules\expo\AppEntry.js ▓▓▓▓▓░░░░░░░░░░░ 34.0% ( 60/247)
[expo-cli] iOS node_modules\expo\AppEntry.js ▓▓▓░░░░░░░░░░░░░ 19.1% (148/339)
[expo-cli] Android node_modules\expo\AppEntry.js ▓▓░░░░░░░░░░░░░░ 18.2% (126/331)
[expo-cli] Web node_modules\expo\AppEntry.js ▓▓▓▓▓░░░░░░░░░░░ 34.0% ( 88/294)
[expo-cli] iOS node_modules\expo\AppEntry.js ▓▓▓░░░░░░░░░░░░░ 21.2% (157/341)
[expo-cli] Android node_modules\expo\AppEntry.js ▓▓░░░░░░░░░░░░░░ 18.2% (126/331)
[expo-cli] Web node_modules\expo\AppEntry.js ▓▓▓▓▓░░░░░░░░░░░ 34.0% (100/316)
[expo-cli] iOS node_modules\expo\AppEntry.js ▓▓▓▓░░░░░░░░░░░░ 27.0% (235/469)
[expo-cli] Android node_modules\expo\AppEntry.js ▓▓░░░░░░░░░░░░░░ 18.2% (127/331)
[expo-cli] Web node_modules\expo\AppEntry.js ▓▓▓▓▓░░░░░░░░░░░ 34.0% (101/335)
[expo-cli] iOS node_modules\expo\AppEntry.js ▓▓▓▓░░░░░░░░░░░░ 27.9% (274/519)
[expo-cli] Android node_modules\expo\AppEntry.js ▓▓░░░░░░░░░░░░░░ 18.2% (127/331)
[expo-cli] Web node_modules\expo\AppEntry.js ▓▓▓▓▓░░░░░░░░░░░ 34.0% (101/335)
[expo-cli] iOS node_modules\expo\AppEntry.js ▓▓▓▓░░░░░░░░░░░░ 27.9% (318/619)
[expo-cli] Android node_modules\expo\AppEntry.js ▓▓▓▓░░░░░░░░░░░░ 25.5% (198/392)
[expo-cli] Web node_modules\expo\AppEntry.js ▓▓▓▓▓░░░░░░░░░░░ 34.0% (101/335)
[expo-cli] iOS node_modules\expo\AppEntry.js ▓▓▓▓░░░░░░░░░░░░ 27.9% (335/638)
[expo-cli] Android node_modules\expo\AppEntry.js ▓▓▓▓░░░░░░░░░░░░ 29.9% (277/556)
[expo-cli] Web node_modules\expo\AppEntry.js ▓▓▓▓▓░░░░░░░░░░░ 34.0% (103/335)
[expo-cli] iOS node_modules\expo\AppEntry.js ▓▓▓▓░░░░░░░░░░░░ 27.9% (340/660)
[expo-cli] Android node_modules\expo\AppEntry.js ▓▓▓▓░░░░░░░░░░░░ 29.9% (324/627)
[expo-cli] Web node_modules\expo\AppEntry.js ▓▓▓▓▓░░░░░░░░░░░ 34.0% (159/418)
[expo-cli] iOS node_modules\expo\AppEntry.js ▓▓▓▓░░░░░░░░░░░░ 27.9% (340/660)
[expo-cli] Android node_modules\expo\AppEntry.js ▓▓▓▓░░░░░░░░░░░░ 29.9% (324/627)
[expo-cli] Web node_modules\expo\AppEntry.js ▓▓▓▓▓░░░░░░░░░░░ 34.0% (235/503)
[expo-cli] iOS node_modules\expo\AppEntry.js ▓▓▓▓░░░░░░░░░░░░ 27.9% (340/660)
[expo-cli] Android node_modules\expo\AppEntry.js ▓▓▓▓░░░░░░░░░░░░ 29.9% (331/640)
[expo-cli] Web node_modules\expo\AppEntry.js ▓▓▓▓▓░░░░░░░░░░░ 34.0% (297/547)
[expo-cli] iOS node_modules\expo\AppEntry.js ▓▓▓▓░░░░░░░░░░░░ 28.3% (353/663)
[expo-cli] Android node_modules\expo\AppEntry.js ▓▓▓▓░░░░░░░░░░░░ 29.9% (331/640)
[expo-cli] Web node_modules\expo\AppEntry.js ▓▓▓▓▓░░░░░░░░░░░ 34.0% (312/552)
[expo-cli] iOS node_modules\expo\AppEntry.js ▓▓▓▓▓▓░░░░░░░░░░ 41.2% (461/738)
[expo-cli] Android node_modules\expo\AppEntry.js ▓▓▓▓░░░░░░░░░░░░ 29.9% (332/659)
[expo-cli] Web node_modules\expo\AppEntry.js ▓▓▓▓▓░░░░░░░░░░░ 35.1% (334/564)
[expo-cli] iOS node_modules\expo\AppEntry.js ▓▓▓▓▓▓▓░░░░░░░░░ 46.6% (590/866)
[expo-cli] Android node_modules\expo\AppEntry.js ▓▓▓▓░░░░░░░░░░░░ 29.9% (332/659)
[expo-cli] Web node_modules\expo\AppEntry.js ▓▓▓▓▓░░░░░░░░░░░ 35.1% (334/564)
[expo-cli] iOS node_modules\expo\AppEntry.js ▓▓▓▓▓▓▓▓░░░░░░░░ 51.1% (629/880)
[expo-cli] Android node_modules\expo\AppEntry.js ▓▓▓▓▓▓░░░░░░░░░░ 38.2% (428/694)
[expo-cli] Web node_modules\expo\AppEntry.js ▓▓▓▓▓░░░░░░░░░░░ 35.1% (334/564)
[expo-cli] iOS node_modules\expo\AppEntry.js ▓▓▓▓▓▓▓▓░░░░░░░░ 52.2% (641/888)
[expo-cli] Android node_modules\expo\AppEntry.js ▓▓▓▓▓▓▓░░░░░░░░░ 46.7% (558/848)
[expo-cli] Web node_modules\expo\AppEntry.js ▓▓▓▓▓░░░░░░░░░░░ 36.7% (343/597)
[expo-cli] iOS node_modules\expo\AppEntry.js ▓▓▓▓▓▓▓▓░░░░░░░░ 53.8% (658/897)
[expo-cli] Android node_modules\expo\AppEntry.js ▓▓▓▓▓▓▓▓░░░░░░░░ 50.1% (625/883)
[expo-cli] Web node_modules\expo\AppEntry.js ▓▓▓▓▓▓░░░░░░░░░░ 38.0% (395/641)
[expo-cli] iOS node_modules\expo\AppEntry.js ▓▓▓▓▓▓▓▓░░░░░░░░ 53.8% (658/897)
[expo-cli] Android node_modules\expo\AppEntry.js ▓▓▓▓▓▓▓▓░░░░░░░░ 50.2% (627/885)
[expo-cli] Web node_modules\expo\AppEntry.js ▓▓▓▓▓▓▓░░░░░░░░░ 45.4% (455/675)
[expo-cli] iOS node_modules\expo\AppEntry.js ▓▓▓▓▓▓▓▓░░░░░░░░ 53.8% (658/897)
[expo-cli] Android node_modules\expo\AppEntry.js ▓▓▓▓▓▓▓▓░░░░░░░░ 52.1% (639/885)
[expo-cli] Web node_modules\expo\AppEntry.js ▓▓▓▓▓▓▓▓░░░░░░░░ 51.8% (519/721)
[expo-cli] iOS node_modules\expo\AppEntry.js ▓▓▓▓▓▓▓▓░░░░░░░░ 53.8% (658/897)
[expo-cli] Android node_modules\expo\AppEntry.js ▓▓▓▓▓▓▓▓░░░░░░░░ 53.5% (656/897)
[expo-cli] Web node_modules\expo\AppEntry.js ▓▓▓▓▓▓▓▓░░░░░░░░ 52.1% (551/763)
[expo-cli] iOS node_modules\expo\AppEntry.js ▓▓▓▓▓▓▓▓▓░░░░░░░ 59.6% (740/971)
[expo-cli] Android node_modules\expo\AppEntry.js ▓▓▓▓▓▓▓▓░░░░░░░░ 53.7% (658/898)
[expo-cli] | [33m» [1mandroid[22m: androidStatusBar.backgroundColor: Color conflicts with the splash.backgroundColor[39m
[expo-cli] Web node_modules\expo\AppEntry.js ▓▓▓▓▓▓▓▓░░░░░░░░ 52.6% (563/776)
[expo-cli] iOS node_modules\expo\AppEntry.js ▓▓▓▓▓▓▓▓▓▓░░░░░░ 67.5% ( 856/1042)
[expo-cli] Android node_modules\expo\AppEntry.js ▓▓▓▓▓▓▓▓░░░░░░░░ 53.7% (658/898)
[expo-cli] Web node_modules\expo\AppEntry.js ▓▓▓▓▓▓▓▓░░░░░░░░ 52.6% (563/776)
[expo-cli] iOS node_modules\expo\AppEntry.js ▓▓▓▓▓▓▓▓▓▓░░░░░░ 68.3% ( 877/1061)
[expo-cli] Android node_modules\expo\AppEntry.js ▓▓▓▓▓▓▓▓▓░░░░░░░ 58.3% (697/913)
[expo-cli] Web node_modules\expo\AppEntry.js ▓▓▓▓▓▓▓▓░░░░░░░░ 52.6% (563/776)
[expo-cli] iOS node_modules\expo\AppEntry.js ▓▓▓▓▓▓▓▓▓▓▓░░░░░ 68.8% ( 882/1066)
[expo-cli] Android node_modules\expo\AppEntry.js ▓▓▓▓▓▓▓▓▓░░░░░░░ 61.7% (728/927)
[expo-cli] Web node_modules\expo\AppEntry.js ▓▓▓▓▓▓▓▓░░░░░░░░ 52.6% (563/776)
[expo-cli] iOS node_modules\expo\AppEntry.js ▓▓▓▓▓▓▓▓▓▓▓░░░░░ 68.8% ( 885/1068)
[expo-cli] Android node_modules\expo\AppEntry.js ▓▓▓▓▓▓▓▓▓▓░░░░░░ 63.6% (779/991)
[expo-cli] Web node_modules\expo\AppEntry.js ▓▓▓▓▓▓▓▓░░░░░░░░ 54.9% (577/779)
[expo-cli] iOS node_modules\expo\AppEntry.js ▓▓▓▓▓▓▓▓▓▓▓░░░░░ 69.3% ( 897/1080)
[expo-cli] Android node_modules\expo\AppEntry.js ▓▓▓▓▓▓▓▓▓▓░░░░░░ 68.7% ( 881/1063)
[expo-cli] Web node_modules\expo\AppEntry.js ▓▓▓▓▓▓▓▓▓▓░░░░░░ 64.2% (656/833)
[expo-cli] iOS node_modules\expo\AppEntry.js ▓▓▓▓▓▓▓▓▓▓▓░░░░░ 69.3% ( 897/1080)
[expo-cli] Android node_modules\expo\AppEntry.js ▓▓▓▓▓▓▓▓▓▓░░░░░░ 68.7% ( 884/1067)
[expo-cli] Web node_modules\expo\AppEntry.js ▓▓▓▓▓▓▓▓▓▓▓░░░░░ 71.6% (759/897)
[expo-cli] iOS node_modules\expo\AppEntry.js ▓▓▓▓▓▓▓▓▓▓▓░░░░░ 70.2% ( 908/1084)
[expo-cli] Android node_modules\expo\AppEntry.js ▓▓▓▓▓▓▓▓▓▓▓░░░░░ 69.5% ( 897/1076)
[expo-cli] Web node_modules\expo\AppEntry.js ▓▓▓▓▓▓▓▓▓▓▓░░░░░ 72.4% (773/921)
[expo-cli] iOS node_modules\expo\AppEntry.js ▓▓▓▓▓▓▓▓▓▓▓▓▓░░░ 81.8% (1030/1139)
[expo-cli] Android node_modules\expo\AppEntry.js ▓▓▓▓▓▓▓▓▓▓▓░░░░░ 69.5% ( 897/1076)
[expo-cli] Web node_modules\expo\AppEntry.js ▓▓▓▓▓▓▓▓▓▓▓░░░░░ 72.4% (773/921)
[expo-cli] iOS node_modules\expo\AppEntry.js ▓▓▓▓▓▓▓▓▓▓▓▓▓░░░ 84.3% (1066/1161)
[expo-cli] Android node_modules\expo\AppEntry.js ▓▓▓▓▓▓▓▓▓▓▓▓░░░░ 80.5% (1029/1147)
[expo-cli] Web node_modules\expo\AppEntry.js ▓▓▓▓▓▓▓▓▓▓▓▓░░░░ 77.2% (833/948)
[expo-cli] iOS node_modules\expo\AppEntry.js ▓▓▓▓▓▓▓▓▓▓▓▓▓░░░ 85.5% (1080/1168)
[expo-cli] Android node_modules\expo\AppEntry.js ▓▓▓▓▓▓▓▓▓▓▓▓▓░░░ 84.2% (1067/1163)
[expo-cli] Web node_modules\expo\AppEntry.js ▓▓▓▓▓▓▓▓▓▓▓▓░░░░ 78.5% ( 893/1008)
[expo-cli] iOS node_modules\expo\AppEntry.js ▓▓▓▓▓▓▓▓▓▓▓▓▓░░░ 86.0% (1084/1169)
[expo-cli] Android node_modules\expo\AppEntry.js ▓▓▓▓▓▓▓▓▓▓▓▓▓░░░ 85.7% (1081/1168)
[expo-cli] Web node_modules\expo\AppEntry.js ▓▓▓▓▓▓▓▓▓▓▓▓▓░░░ 82.2% ( 920/1015)
[expo-cli] iOS node_modules\expo\AppEntry.js ▓▓▓▓▓▓▓▓▓▓▓▓▓▓▓░ 95.3% (1159/1210)
[expo-cli] Android node_modules\expo\AppEntry.js ▓▓▓▓▓▓▓▓▓▓▓▓▓░░░ 86.5% (1087/1169)
[expo-cli] Web node_modules\expo\AppEntry.js ▓▓▓▓▓▓▓▓▓▓▓▓▓░░░ 86.6% ( 951/1022)
[expo-cli] iOS node_modules\expo\AppEntry.js ▓▓▓▓▓▓▓▓▓▓▓▓▓▓▓░ 95.3% (1168/1214)
[expo-cli] Android node_modules\expo\AppEntry.js ▓▓▓▓▓▓▓▓▓▓▓▓▓▓░░ 92.4% (1165/1212)
[expo-cli] Web node_modules\expo\AppEntry.js ▓▓▓▓▓▓▓▓▓▓▓▓▓░░░ 87.0% ( 998/1102)
[expo-cli] iOS node_modules\expo\AppEntry.js ▓▓▓▓▓▓▓▓▓▓▓▓▓▓▓░ 95.3% (1168/1214)
[expo-cli] Android node_modules\expo\AppEntry.js ▓▓▓▓▓▓▓▓▓▓▓▓▓▓░░ 92.4% (1165/1212)
[expo-cli] Web node_modules\expo\AppEntry.js ▓▓▓▓▓▓▓▓▓▓▓▓▓░░░ 87.0% (1017/1111)
[expo-cli] iOS node_modules\expo\AppEntry.js ▓▓▓▓▓▓▓▓▓▓▓▓▓▓▓░ 95.3% (1211/1286)
[expo-cli] Android node_modules\expo\AppEntry.js ▓▓▓▓▓▓▓▓▓▓▓▓▓▓▓░ 93.8% (1186/1243)
[expo-cli] Web node_modules\expo\AppEntry.js ▓▓▓▓▓▓▓▓▓▓▓▓▓░░░ 87.0% (1055/1155)
[expo-cli] iOS node_modules\expo\AppEntry.js ▓▓▓▓▓▓▓▓▓▓▓▓▓▓▓░ 95.3% (1214/1287)
[expo-cli] Android node_modules\expo\AppEntry.js ▓▓▓▓▓▓▓▓▓▓▓▓▓▓▓░ 93.8% (1214/1287)
[expo-cli] Web node_modules\expo\AppEntry.js ▓▓▓▓▓▓▓▓▓▓▓▓▓░░░ 87.2% (1110/1189)
[expo-cli] iOS node_modules\expo\AppEntry.js ▓▓▓▓▓▓▓▓▓▓▓▓▓▓▓░ 95.3% (1233/1310)
[expo-cli] Android node_modules\expo\AppEntry.js ▓▓▓▓▓▓▓▓▓▓▓▓▓▓▓░ 93.8% (1214/1287)
[expo-cli] Web node_modules\expo\AppEntry.js ▓▓▓▓▓▓▓▓▓▓▓▓▓▓░░ 88.3% (1118/1190)
[expo-cli] iOS node_modules\expo\AppEntry.js ▓▓▓▓▓▓▓▓▓▓▓▓▓▓▓░ 95.3% (1284/1374)
[expo-cli] Android node_modules\expo\AppEntry.js ▓▓▓▓▓▓▓▓▓▓▓▓▓▓▓░ 93.8% (1247/1324)
[expo-cli] Web node_modules\expo\AppEntry.js ▓▓▓▓▓▓▓▓▓▓▓▓▓▓░░ 91.9% (1153/1203)
[expo-cli] iOS node_modules\expo\AppEntry.js ▓▓▓▓▓▓▓▓▓▓▓▓▓▓▓░ 95.3% (1287/1375)
[expo-cli] Android node_modules\expo\AppEntry.js ▓▓▓▓▓▓▓▓▓▓▓▓▓▓▓░ 93.8% (1286/1375)
[expo-cli] Web node_modules\expo\AppEntry.js ▓▓▓▓▓▓▓▓▓▓▓▓▓▓▓░ 96.1% (1185/1210)
[expo-cli] iOS node_modules\expo\AppEntry.js ▓▓▓▓▓▓▓▓▓▓▓▓▓▓▓░ 95.3% (1292/1380)
[expo-cli] Android node_modules\expo\AppEntry.js ▓▓▓▓▓▓▓▓▓▓▓▓▓▓▓░ 93.8% (1286/1375)
[expo-cli] Web node_modules\expo\AppEntry.js ▓▓▓▓▓▓▓▓▓▓▓▓▓▓▓░ 96.4% (1189/1211)
[expo-cli] iOS node_modules\expo\AppEntry.js ▓▓▓▓▓▓▓▓▓▓▓▓▓▓▓░ 95.3% (1332/1412)
[expo-cli] Android node_modules\expo\AppEntry.js ▓▓▓▓▓▓▓▓▓▓▓▓▓▓▓░ 93.8% (1286/1375)
[expo-cli] Web node_modules\expo\AppEntry.js ▓▓▓▓▓▓▓▓▓▓▓▓▓▓▓░ 96.4% (1189/1211)
[expo-cli] iOS node_modules\expo\AppEntry.js ▓▓▓▓▓▓▓▓▓▓▓▓▓▓▓░ 95.3% (1367/1433)
[expo-cli] Android node_modules\expo\AppEntry.js ▓▓▓▓▓▓▓▓▓▓▓▓▓▓▓░ 93.8% (1292/1384)
[expo-cli] Web node_modules\expo\AppEntry.js ▓▓▓▓▓▓▓▓▓▓▓▓▓▓▓░ 96.4% (1189/1211)
[expo-cli] iOS node_modules\expo\AppEntry.js ▓▓▓▓▓▓▓▓▓▓▓▓▓▓▓░ 95.3% (1373/1436)
[expo-cli] Android node_modules\expo\AppEntry.js ▓▓▓▓▓▓▓▓▓▓▓▓▓▓▓░ 93.8% (1335/1412)
[expo-cli] Web node_modules\expo\AppEntry.js ▓▓▓▓▓▓▓▓▓▓▓▓▓▓▓░ 97.5% (1197/1213)
[expo-cli] iOS node_modules\expo\AppEntry.js ▓▓▓▓▓▓▓▓▓▓▓▓▓▓▓░ 95.3% (1373/1436)
[expo-cli] Android node_modules\expo\AppEntry.js ▓▓▓▓▓▓▓▓▓▓▓▓▓▓▓░ 93.8% (1372/1437)
[expo-cli] Web node_modules\expo\AppEntry.js ▓▓▓▓▓▓▓▓▓▓▓▓▓▓▓░ 97.5% (1211/1235)
[expo-cli] iOS node_modules\expo\AppEntry.js ▓▓▓▓▓▓▓▓▓▓▓▓▓▓▓░ 95.3% (1429/1478)
[expo-cli] Android node_modules\expo\AppEntry.js ▓▓▓▓▓▓▓▓▓▓▓▓▓▓▓░ 93.8% (1394/1446)
[expo-cli] Web node_modules\expo\AppEntry.js ▓▓▓▓▓▓▓▓▓▓▓▓▓▓▓░ 97.5% (1235/1256)
[expo-cli] iOS node_modules\expo\AppEntry.js ▓▓▓▓▓▓▓▓▓▓▓▓▓▓▓░ 95.7% (1468/1501)
[expo-cli] Android node_modules\expo\AppEntry.js ▓▓▓▓▓▓▓▓▓▓▓▓▓▓▓░ 95.0% (1459/1497)
[expo-cli] Web node_modules\expo\AppEntry.js ▓▓▓▓▓▓▓▓▓▓▓▓▓▓▓░ 97.5% (1273/1311)
[expo-cli] iOS node_modules\expo\AppEntry.js ▓▓▓▓▓▓▓▓▓▓▓▓▓▓▓░ 97.7% (1527/1552)
[expo-cli] Android node_modules\expo\AppEntry.js ▓▓▓▓▓▓▓▓▓▓▓▓▓▓▓░ 97.9% (1490/1506)
[expo-cli] Web node_modules\expo\AppEntry.js ▓▓▓▓▓▓▓▓▓▓▓▓▓▓▓░ 99.5% (1326/1329)
[expo-cli] iOS node_modules\expo\AppEntry.js ▓▓▓▓▓▓▓▓▓▓▓▓▓▓▓░ 99.9% (1555/1556)
[expo-cli] Android node_modules\expo\AppEntry.js ▓▓▓▓▓▓▓▓▓▓▓▓▓▓▓░ 98.8% (1545/1554)
[expo-cli] Web node_modules\expo\AppEntry.js ▓▓▓▓▓▓▓▓▓▓▓▓▓▓▓░ 99.5% (1333/1337)
[expo-cli] iOS node_modules\expo\AppEntry.js ▓▓▓▓▓▓▓▓▓▓▓▓▓▓▓░ 99.9% (1562/1562)
[expo-cli] Android node_modules\expo\AppEntry.js ▓▓▓▓▓▓▓▓▓▓▓▓▓▓▓░ 99.9% (1562/1562)
[expo-cli] Web Bundled 215627ms node_modules\expo\AppEntry.js (1337 modules)
[expo-cli] Web node_modules\expo\AppEntry.js ▓▓▓▓▓▓▓▓▓▓▓▓▓▓▓░ 99.5% (1333/1337)
[expo-cli] iOS node_modules\expo\AppEntry.js ▓▓▓▓▓▓▓▓▓▓▓▓▓▓▓░ 99.9% (1562/1562)
[expo-cli] Android node_modules\expo\AppEntry.js ▓▓▓▓▓▓▓▓▓▓▓▓▓▓▓░ 99.9% (1562/1562)
[expo-cli] iOS node_modules\expo\AppEntry.js ▓▓▓▓▓▓▓▓▓▓▓▓▓▓▓░ 99.9% (1562/1562)
[expo-cli] Android node_modules\expo\AppEntry.js ▓▓▓▓▓▓▓▓▓▓▓▓▓▓▓░ 99.9% (1562/1562)
[expo-cli] Android Bundled 235151ms node_modules\expo\AppEntry.js (1562 modules)
[expo-cli] iOS node_modules\expo\AppEntry.js ▓▓▓▓▓▓▓▓▓▓▓▓▓▓▓░ 99.9% (1562/1562)
[expo-cli] Android node_modules\expo\AppEntry.js ▓▓▓▓▓▓▓▓▓▓▓▓▓▓▓░ 99.9% (1562/1562)
[expo-cli] iOS node_modules\expo\AppEntry.js ▓▓▓▓▓▓▓▓▓▓▓▓▓▓▓░ 99.9% (1562/1562)
[expo-cli] iOS Bundled 255668ms node_modules\expo\AppEntry.js (1562 modules)
[expo-cli] iOS node_modules\expo\AppEntry.js ▓▓▓▓▓▓▓▓▓▓▓▓▓▓▓░ 99.9% (1562/1562)
[expo-cli] Creating asset map
[expo-cli] 
[expo-cli] › Assets (73):
[expo-cli] node_modules\@react-navigation\elements\lib\module\assets\back-icon-mask.0a328cd9c1afd0afe8e3b1ec5165b1b4.png (653 B)
[expo-cli] node_modules\@react-navigation\elements\lib\module\assets\back-icon-mask.png (653 B)
[expo-cli] node_modules\@react-navigation\elements\lib\module\assets\back-icon.35ba0eaec5a4f5ed12ca16fabeae451d.png (207 B)
[expo-cli] node_modules\@react-navigation\elements\lib\module\assets\back-icon.png (8 variations | 359 B)
[expo-cli] node_modules\@react-navigation\elements\lib\module\assets\clear-icon.c94f6478e7ae0cdd9f15de1fcb9e5e55.png (4 variations | 425 B)
[expo-cli] node_modules\@react-navigation\elements\lib\module\assets\clear-icon.png (4 variations | 425 B)
[expo-cli] node_modules\@react-navigation\elements\lib\module\assets\close-icon.808e1b1b9b53114ec2838071a7e6daa7.png (4 variations | 235 B)
[expo-cli] node_modules\@react-navigation\elements\lib\module\assets\close-icon.png (4 variations | 235 B)
[expo-cli] node_modules\@react-navigation\elements\lib\module\assets\search-icon.286d67d3f74808a60a78d3ebf1a5fb57.png (928 B)
[expo-cli] node_modules\@react-navigation\elements\lib\module\assets\search-icon.png (7 variations | 592 B)
[expo-cli] node_modules\expo\node_modules\@expo\vector-icons\build\vendor\react-native-vector-icons\Fonts\AntDesign.3f78af31cca60105799838a1a7a59fbd.ttf (130 kB)
[expo-cli] node_modules\expo\node_modules\@expo\vector-icons\build\vendor\react-native-vector-icons\Fonts\AntDesign.ttf (130 kB)
[expo-cli] node_modules\expo\node_modules\@expo\vector-icons\build\vendor\react-native-vector-icons\Fonts\Entypo.31b5ffea3daddc69dd01a1f3d6cf63c5.ttf (66.2 kB)
[expo-cli] node_modules\expo\node_modules\@expo\vector-icons\build\vendor\react-native-vector-icons\Fonts\Entypo.ttf (66.2 kB)
[expo-cli] node_modules\expo\node_modules\@expo\vector-icons\build\vendor\react-native-vector-icons\Fonts\EvilIcons.140c53a7643ea949007aa9a282153849.ttf (13.5 kB)
[expo-cli] node_modules\expo\node_modules\@expo\vector-icons\build\vendor\react-native-vector-icons\Fonts\EvilIcons.ttf (13.5 kB)
[expo-cli] node_modules\expo\node_modules\@expo\vector-icons\build\vendor\react-native-vector-icons\Fonts\Feather.ca4b48e04dc1ce10bfbddb262c8b835f.ttf (55.6 kB)
[expo-cli] node_modules\expo\node_modules\@expo\vector-icons\build\vendor\react-native-vector-icons\Fonts\Feather.ttf (55.6 kB)
[expo-cli] node_modules\expo\node_modules\@expo\vector-icons\build\vendor\react-native-vector-icons\Fonts\FontAwesome.b06871f281fee6b241d60582ae9369b9.ttf (166 kB)
[expo-cli] node_modules\expo\node_modules\@expo\vector-icons\build\vendor\react-native-vector-icons\Fonts\FontAwesome.ttf (166 kB)
[expo-cli] node_modules\expo\node_modules\@expo\vector-icons\build\vendor\react-native-vector-icons\Fonts\FontAwesome5_Brands.3b89dd103490708d19a95adcae52210e.ttf (134 kB)
[expo-cli] node_modules\expo\node_modules\@expo\vector-icons\build\vendor\react-native-vector-icons\Fonts\FontAwesome5_Brands.ttf (134 kB)
[expo-cli] node_modules\expo\node_modules\@expo\vector-icons\build\vendor\react-native-vector-icons\Fonts\FontAwesome5_Regular.1f77739ca9ff2188b539c36f30ffa2be.ttf (33.7 kB)
[expo-cli] node_modules\expo\node_modules\@expo\vector-icons\build\vendor\react-native-vector-icons\Fonts\FontAwesome5_Regular.ttf (33.7 kB)
[expo-cli] node_modules\expo\node_modules\@expo\vector-icons\build\vendor\react-native-vector-icons\Fonts\FontAwesome5_Solid.605ed7926cf39a2ad5ec2d1f9d391d3d.ttf (203 kB)
[expo-cli] node_modules\expo\node_modules\@expo\vector-icons\build\vendor\react-native-vector-icons\Fonts\FontAwesome5_Solid.ttf (203 kB)
[expo-cli] node_modules\expo\node_modules\@expo\vector-icons\build\vendor\react-native-vector-icons\Fonts\FontAwesome6_Brands.56c8d80832e37783f12c05db7c8849e2.ttf (209 kB)
[expo-cli] node_modules\expo\node_modules\@expo\vector-icons\build\vendor\react-native-vector-icons\Fonts\FontAwesome6_Brands.ttf (209 kB)
[expo-cli] node_modules\expo\node_modules\@expo\vector-icons\build\vendor\react-native-vector-icons\Fonts\FontAwesome6_Regular.370dd5af19f8364907b6e2c41f45dbbf.ttf (68 kB)
[expo-cli] node_modules\expo\node_modules\@expo\vector-icons\build\vendor\react-native-vector-icons\Fonts\FontAwesome6_Regular.ttf (68 kB)
[expo-cli] node_modules\expo\node_modules\@expo\vector-icons\build\vendor\react-native-vector-icons\Fonts\FontAwesome6_Solid.adec7d6f310bc577f05e8fe06a5daccf.ttf (424 kB)
[expo-cli] node_modules\expo\node_modules\@expo\vector-icons\build\vendor\react-native-vector-icons\Fonts\FontAwesome6_Solid.ttf (424 kB)
[expo-cli] node_modules\expo\node_modules\@expo\vector-icons\build\vendor\react-native-vector-icons\Fonts\Fontisto.b49ae8ab2dbccb02c4d11caaacf09eab.ttf (314 kB)
[expo-cli] node_modules\expo\node_modules\@expo\vector-icons\build\vendor\react-native-vector-icons\Fonts\Fontisto.ttf (314 kB)
[expo-cli] node_modules\expo\node_modules\@expo\vector-icons\build\vendor\react-native-vector-icons\Fonts\Foundation.e20945d7c929279ef7a6f1db184a4470.ttf (57 kB)
[expo-cli] node_modules\expo\node_modules\@expo\vector-icons\build\vendor\react-native-vector-icons\Fonts\Foundation.ttf (57 kB)
[expo-cli] node_modules\expo\node_modules\@expo\vector-icons\build\vendor\react-native-vector-icons\Fonts\Ionicons.b4eb097d35f44ed943676fd56f6bdc51.ttf (390 kB)
[expo-cli] node_modules\expo\node_modules\@expo\vector-icons\build\vendor\react-native-vector-icons\Fonts\Ionicons.ttf (390 kB)
[expo-cli] node_modules\expo\node_modules\@expo\vector-icons\build\vendor\react-native-vector-icons\Fonts\MaterialCommunityIcons.6e435534bd35da5fef04168860a9b8fa.ttf (1.31 MB)
[expo-cli] node_modules\expo\node_modules\@expo\vector-icons\build\vendor\react-native-vector-icons\Fonts\MaterialCommunityIcons.ttf (1.31 MB)
[expo-cli] node_modules\expo\node_modules\@expo\vector-icons\build\vendor\react-native-vector-icons\Fonts\MaterialIcons.4e85bc9ebe07e0340c9c4fc2f6c38908.ttf (357 kB)
[expo-cli] node_modules\expo\node_modules\@expo\vector-icons\build\vendor\react-native-vector-icons\Fonts\MaterialIcons.ttf (357 kB)
[expo-cli] node_modules\expo\node_modules\@expo\vector-icons\build\vendor\react-native-vector-icons\Fonts\Octicons.871378c6eab492a3e689a9385dc45a12.ttf (69.4 kB)
[expo-cli] node_modules\expo\node_modules\@expo\vector-icons\build\vendor\react-native-vector-icons\Fonts\Octicons.ttf (69.4 kB)
[expo-cli] node_modules\expo\node_modules\@expo\vector-icons\build\vendor\react-native-vector-icons\Fonts\SimpleLineIcons.d2285965fe34b05465047401b8595dd0.ttf (54.1 kB)
[expo-cli] node_modules\expo\node_modules\@expo\vector-icons\build\vendor\react-native-vector-icons\Fonts\SimpleLineIcons.ttf (54.1 kB)
[expo-cli] node_modules\expo\node_modules\@expo\vector-icons\build\vendor\react-native-vector-icons\Fonts\Zocial.1681f34aaca71b8dfb70756bca331eb2.ttf (25.8 kB)
[expo-cli] node_modules\expo\node_modules\@expo\vector-icons\build\vendor\react-native-vector-icons\Fonts\Zocial.ttf (25.8 kB)
[expo-cli] 
[expo-cli] › web bundles (6):
[expo-cli] _expo/static/js/web/AppEntry-c53205264751cb3dbb46dce218db5fe8.js (3.01 MB)
[expo-cli] _expo/static/js/web/AppEntry-c53205264751cb3dbb46dce218db5fe8.js.map (8.8 MB)
[expo-cli] _expo/static/js/web/index-af3a1c882395d16f0ccdd05d5d8a4a17.js (12.7 kB)
[expo-cli] _expo/static/js/web/index-af3a1c882395d16f0ccdd05d5d8a4a17.js.map (58.8 kB)
[expo-cli] _expo/static/js/web/ScreenCapture-d96446b21546bd922e16806681d7a0b2.js (2.48 kB)
[expo-cli] _expo/static/js/web/ScreenCapture-d96446b21546bd922e16806681d7a0b2.js.map (12.5 kB)
[expo-cli] 
[expo-cli] › android bundles (2):
[expo-cli] _expo/static/js/android/AppEntry-7f80483fb43ae4fb2aa66e31597f1d34.hbc (3.37 MB)
[expo-cli] _expo/static/js/android/AppEntry-7f80483fb43ae4fb2aa66e31597f1d34.hbc.map (9.66 MB)
[expo-cli] 
[expo-cli] › ios bundles (2):
[expo-cli] _expo/static/js/ios/AppEntry-1443799a5b187e9ccd017fd615dd3ef7.hbc (3.35 MB)
[expo-cli] _expo/static/js/ios/AppEntry-1443799a5b187e9ccd017fd615dd3ef7.hbc.map (9.62 MB)
[expo-cli] 
[expo-cli] › Files (4):
[expo-cli] assetmap.json (19.4 kB)
[expo-cli] favicon.ico (14.5 kB)
[expo-cli] index.html (1.22 kB)
[expo-cli] metadata.json (5.11 kB)
[expo-cli] 
[expo-cli] Exported: dist
✔ Exported bundle(s)
- Uploading...
- Uploading assetmap.json (0 / 19.0 KB)
✔ Uploaded assetmap.json 1s
√ Uploaded 2 app bundles
√ Uploading assets skipped - no new assets found
i 39 iOS assets, 39 Android assets (maximum: 2000 total per update). Learn more about asset limits: https://expo.fyi/eas-update-asset-limits
Skipping project fingerprints
- Publishing...
✔ Published!

Branch             production
Runtime version    1.8.0
Platform           android, ios
Update group ID    ccac8854-c197-4b6b-bf90-e31d397b780c
Android update ID  019f3676-6ba2-7d4a-a82e-a1ca8dddf880
iOS update ID      019f3676-6ba2-7961-b354-8cb9823f0bf0
Message            fix(realtime): v24 zero-stale revoke/grant/channel state runtime 1.8.0
Commit             2852c8af67c6f615b80b1776f5d5cb63fe68c31a*
EAS Dashboard      https://expo.dev/accounts/isamu_123/projects/osmani-tv/updates/ccac8854-c197-4b6b-bf90-e31d397b780c

npm warn Unknown env config "devdir". This will stop working in the next major version of npm.


=== OTA runtime 1.8.1 ===
No environment variables with visibility "Plain text" and "Sensitive" found for the "production" environment on EAS.

- Exporting...
[expo-cli] --non-interactive is not supported, use $CI=1 instead
[expo-cli] » android: androidStatusBar.backgroundColor: Color conflicts with the splash.backgroundColor
[expo-cli] » android: androidStatusBar.backgroundColor: Color conflicts with the splash.backgroundColor
[expo-cli] » android: androidStatusBar.backgroundColor: Color conflicts with the splash.backgroundColor
[expo-cli] » android: androidStatusBar.backgroundColor: Color conflicts with the splash.backgroundColor
[expo-cli] » android: androidStatusBar.backgroundColor: Color conflicts with the splash.backgroundColor
[expo-cli] Starting Metro Bundler
[expo-cli] warning: Bundler cache is empty, rebuilding (this may take a minute)
[expo-cli] Web node_modules\expo\AppEntry.js ░░░░░░░░░░░░░░░░  0.0% (0/1)
[expo-cli] iOS node_modules\expo\AppEntry.js ░░░░░░░░░░░░░░░░  0.0% (0/1)
[expo-cli] Android node_modules\expo\AppEntry.js ░░░░░░░░░░░░░░░░  0.0% (0/1)
[expo-cli] | (node:7188) Warning: The 'NO_COLOR' env is ignored due to the 'FORCE_COLOR' env being set.
[expo-cli] | (Use `node --trace-warnings ...` to show where the warning was created)
[expo-cli] | (node:14900) Warning: The 'NO_COLOR' env is ignored due to the 'FORCE_COLOR' env being set.
[expo-cli] | (Use `node --trace-warnings ...` to show where the warning was created)
[expo-cli] Web node_modules\expo\AppEntry.js ░░░░░░░░░░░░░░░░  1.0% (1/3)
[expo-cli] iOS node_modules\expo\AppEntry.js ░░░░░░░░░░░░░░░░  4.0% (2/3)
[expo-cli] Android node_modules\expo\AppEntry.js ░░░░░░░░░░░░░░░░  1.0% (1/3)
[expo-cli] | (node:14924) Warning: The 'NO_COLOR' env is ignored due to the 'FORCE_COLOR' env being set.
[expo-cli] | (Use `node --trace-warnings ...` to show where the warning was created)
[expo-cli] Web node_modules\expo\AppEntry.js ▓▓░░░░░░░░░░░░░░ 16.0% (4/9)
[expo-cli] iOS node_modules\expo\AppEntry.js ▓▓▓▓▓░░░░░░░░░░░ 32.7% (32/56)
[expo-cli] Android node_modules\expo\AppEntry.js ▓▓▓░░░░░░░░░░░░░ 23.9% (23/47)
[expo-cli] Web node_modules\expo\AppEntry.js ▓▓▓▓▓░░░░░░░░░░░ 32.7% ( 8/14)
[expo-cli] iOS node_modules\expo\AppEntry.js ▓▓▓▓▓▓░░░░░░░░░░ 38.5% ( 64/230)
[expo-cli] Android node_modules\expo\AppEntry.js ▓▓▓▓▓▓▓▓░░░░░░░░ 54.3% (49/72)
[expo-cli] | (node:22800) Warning: The 'NO_COLOR' env is ignored due to the 'FORCE_COLOR' env being set.
[expo-cli] | (Use `node --trace-warnings ...` to show where the warning was created)
[expo-cli] | (node:12284) Warning: The 'NO_COLOR' env is ignored due to the 'FORCE_COLOR' env being set.
[expo-cli] | (Use `node --trace-warnings ...` to show where the warning was created)
[expo-cli] | (node:22184) Warning: The 'NO_COLOR' env is ignored due to the 'FORCE_COLOR' env being set.
[expo-cli] | (Use `node --trace-warnings ...` to show where the warning was created)
[expo-cli] | (node:18760) Warning: The 'NO_COLOR' env is ignored due to the 'FORCE_COLOR' env being set.
[expo-cli] | (Use `node --trace-warnings ...` to show where the warning was created)
[expo-cli] | (node:21376) Warning: The 'NO_COLOR' env is ignored due to the 'FORCE_COLOR' env being set.
[expo-cli] | (Use `node --trace-warnings ...` to show where the warning was created)
[expo-cli] Web node_modules\expo\AppEntry.js ▓▓▓▓▓░░░░░░░░░░░ 32.7% (10/19)
[expo-cli] iOS node_modules\expo\AppEntry.js ▓▓▓▓▓▓░░░░░░░░░░ 38.5% ( 87/331)
[expo-cli] Android node_modules\expo\AppEntry.js ▓▓▓▓▓▓▓▓░░░░░░░░ 54.3% ( 56/231)
[expo-cli] Web node_modules\expo\AppEntry.js ▓▓▓▓▓░░░░░░░░░░░ 32.7% ( 18/106)
[expo-cli] iOS node_modules\expo\AppEntry.js ▓▓▓▓▓▓░░░░░░░░░░ 38.5% (137/395)
[expo-cli] Android node_modules\expo\AppEntry.js ▓▓▓▓▓▓▓▓░░░░░░░░ 54.3% ( 56/231)
[expo-cli] Web node_modules\expo\AppEntry.js ▓▓▓▓▓░░░░░░░░░░░ 32.7% ( 19/113)
[expo-cli] iOS node_modules\expo\AppEntry.js ▓▓▓▓▓▓░░░░░░░░░░ 38.5% (231/554)
[expo-cli] Android node_modules\expo\AppEntry.js ▓▓▓▓▓▓▓▓░░░░░░░░ 54.3% ( 75/251)
[expo-cli] Web node_modules\expo\AppEntry.js ▓▓▓▓▓░░░░░░░░░░░ 32.7% ( 19/113)
[expo-cli] iOS node_modules\expo\AppEntry.js ▓▓▓▓▓▓░░░░░░░░░░ 38.5% (236/585)
[expo-cli] Android node_modules\expo\AppEntry.js ▓▓▓▓▓▓▓▓░░░░░░░░ 54.3% (141/406)
[expo-cli] Web node_modules\expo\AppEntry.js ▓▓▓▓▓░░░░░░░░░░░ 32.7% ( 19/113)
[expo-cli] iOS node_modules\expo\AppEntry.js ▓▓▓▓▓▓░░░░░░░░░░ 38.5% (296/665)
[expo-cli] Android node_modules\expo\AppEntry.js ▓▓▓▓▓▓▓▓░░░░░░░░ 54.3% (147/421)
[expo-cli] Web node_modules\expo\AppEntry.js ▓▓▓▓▓░░░░░░░░░░░ 32.7% ( 21/116)
[expo-cli] iOS node_modules\expo\AppEntry.js ▓▓▓▓▓▓░░░░░░░░░░ 38.5% (339/692)
[expo-cli] Android node_modules\expo\AppEntry.js ▓▓▓▓▓▓▓▓░░░░░░░░ 54.3% (231/547)
[expo-cli] Web node_modules\expo\AppEntry.js ▓▓▓▓▓░░░░░░░░░░░ 32.7% ( 49/209)
[expo-cli] iOS node_modules\expo\AppEntry.js ▓▓▓▓▓▓░░░░░░░░░░ 38.5% (388/720)
[expo-cli] Android node_modules\expo\AppEntry.js ▓▓▓▓▓▓▓▓░░░░░░░░ 54.3% (231/547)
[expo-cli] Web node_modules\expo\AppEntry.js ▓▓▓▓▓░░░░░░░░░░░ 32.7% ( 84/309)
[expo-cli] iOS node_modules\expo\AppEntry.js ▓▓▓▓▓▓░░░░░░░░░░ 38.5% (400/722)
[expo-cli] Android node_modules\expo\AppEntry.js ▓▓▓▓▓▓▓▓░░░░░░░░ 54.3% (235/548)
[expo-cli] Web node_modules\expo\AppEntry.js ▓▓▓▓▓░░░░░░░░░░░ 32.7% (106/346)
[expo-cli] iOS node_modules\expo\AppEntry.js ▓▓▓▓▓▓░░░░░░░░░░ 38.5% (475/792)
[expo-cli] Android node_modules\expo\AppEntry.js ▓▓▓▓▓▓▓▓░░░░░░░░ 54.3% (251/560)
[expo-cli] Web node_modules\expo\AppEntry.js ▓▓▓▓▓░░░░░░░░░░░ 32.7% (106/346)
[expo-cli] iOS node_modules\expo\AppEntry.js ▓▓▓▓▓▓▓░░░░░░░░░ 44.3% (575/880)
[expo-cli] Android node_modules\expo\AppEntry.js ▓▓▓▓▓▓▓▓░░░░░░░░ 54.3% (362/709)
[expo-cli] Web node_modules\expo\AppEntry.js ▓▓▓▓▓░░░░░░░░░░░ 32.7% (106/346)
[expo-cli] iOS node_modules\expo\AppEntry.js ▓▓▓▓▓▓▓░░░░░░░░░ 48.4% (675/980)
[expo-cli] Android node_modules\expo\AppEntry.js ▓▓▓▓▓▓▓▓░░░░░░░░ 54.3% (446/746)
[expo-cli] Web node_modules\expo\AppEntry.js ▓▓▓▓▓░░░░░░░░░░░ 32.7% (149/376)
[expo-cli] iOS node_modules\expo\AppEntry.js ▓▓▓▓▓▓▓▓░░░░░░░░ 52.0% (719/997)
[expo-cli] Android node_modules\expo\AppEntry.js ▓▓▓▓▓▓▓▓░░░░░░░░ 54.3% (544/848)
[expo-cli] Web node_modules\expo\AppEntry.js ▓▓▓▓▓░░░░░░░░░░░ 32.7% (259/518)
[expo-cli] iOS node_modules\expo\AppEntry.js ▓▓▓▓▓▓▓▓░░░░░░░░ 52.0% (719/997)
[expo-cli] Android node_modules\expo\AppEntry.js ▓▓▓▓▓▓▓▓░░░░░░░░ 54.3% (544/848)
[expo-cli] Web node_modules\expo\AppEntry.js ▓▓▓▓▓░░░░░░░░░░░ 34.8% (339/575)
[expo-cli] iOS node_modules\expo\AppEntry.js ▓▓▓▓▓▓▓▓▓░░░░░░░ 56.8% ( 758/1006)
[expo-cli] Android node_modules\expo\AppEntry.js ▓▓▓▓▓▓▓▓░░░░░░░░ 54.3% (560/853)
[expo-cli] Web node_modules\expo\AppEntry.js ▓▓▓▓▓░░░░░░░░░░░ 35.4% (342/575)
[expo-cli] iOS node_modules\expo\AppEntry.js ▓▓▓▓▓▓▓▓▓▓░░░░░░ 67.4% ( 877/1070)
[expo-cli] Android node_modules\expo\AppEntry.js ▓▓▓▓▓▓▓▓░░░░░░░░ 54.3% (639/939)
[expo-cli] Web node_modules\expo\AppEntry.js ▓▓▓▓▓░░░░░░░░░░░ 35.4% (342/575)
[expo-cli] iOS node_modules\expo\AppEntry.js ▓▓▓▓▓▓▓▓▓▓▓▓░░░░ 78.2% ( 977/1108)
[expo-cli] Android node_modules\expo\AppEntry.js ▓▓▓▓▓▓▓▓░░░░░░░░ 54.3% (720/999)
[expo-cli] Web node_modules\expo\AppEntry.js ▓▓▓▓▓▓░░░░░░░░░░ 39.0% (368/589)
[expo-cli] iOS node_modules\expo\AppEntry.js ▓▓▓▓▓▓▓▓▓▓▓▓░░░░ 80.1% ( 997/1114)
[expo-cli] Android node_modules\expo\AppEntry.js ▓▓▓▓▓▓▓▓▓▓░░░░░░ 62.8% ( 829/1046)
[expo-cli] Web node_modules\expo\AppEntry.js ▓▓▓▓▓▓░░░░░░░░░░ 40.3% (463/729)
[expo-cli] iOS node_modules\expo\AppEntry.js ▓▓▓▓▓▓▓▓▓▓▓▓░░░░ 80.1% ( 997/1114)
[expo-cli] Android node_modules\expo\AppEntry.js ▓▓▓▓▓▓▓▓▓▓░░░░░░ 62.8% ( 829/1046)
[expo-cli] | [33m» [1mandroid[22m: androidStatusBar.backgroundColor: Color conflicts with the splash.backgroundColor[39m
[expo-cli] Web node_modules\expo\AppEntry.js ▓▓▓▓▓▓▓░░░░░░░░░ 49.0% (549/784)
[expo-cli] iOS node_modules\expo\AppEntry.js ▓▓▓▓▓▓▓▓▓▓▓▓▓░░░ 81.4% (1026/1154)
[expo-cli] Android node_modules\expo\AppEntry.js ▓▓▓▓▓▓▓▓▓▓░░░░░░ 63.1% ( 831/1046)
[expo-cli] Web node_modules\expo\AppEntry.js ▓▓▓▓▓▓▓▓░░░░░░░░ 51.1% (562/786)
[expo-cli] iOS node_modules\expo\AppEntry.js ▓▓▓▓▓▓▓▓▓▓▓▓▓░░░ 84.8% (1068/1160)
[expo-cli] Android node_modules\expo\AppEntry.js ▓▓▓▓▓▓▓▓▓▓▓▓░░░░ 78.1% ( 983/1112)
[expo-cli] Web node_modules\expo\AppEntry.js ▓▓▓▓▓▓▓▓░░░░░░░░ 53.5% (581/808)
[expo-cli] iOS node_modules\expo\AppEntry.js ▓▓▓▓▓▓▓▓▓▓▓▓▓▓░░ 88.9% (1110/1177)
[expo-cli] Android node_modules\expo\AppEntry.js ▓▓▓▓▓▓▓▓▓▓▓▓▓░░░ 83.7% (1043/1140)
[expo-cli] Web node_modules\expo\AppEntry.js ▓▓▓▓▓▓▓▓▓░░░░░░░ 61.0% (670/858)
[expo-cli] iOS node_modules\expo\AppEntry.js ▓▓▓▓▓▓▓▓▓▓▓▓▓▓░░ 89.4% (1114/1179)
[expo-cli] Android node_modules\expo\AppEntry.js ▓▓▓▓▓▓▓▓▓▓▓▓▓░░░ 83.7% (1043/1140)
[expo-cli] Web node_modules\expo\AppEntry.js ▓▓▓▓▓▓▓▓▓▓▓░░░░░ 72.9% (779/924)
[expo-cli] iOS node_modules\expo\AppEntry.js ▓▓▓▓▓▓▓▓▓▓▓▓▓▓░░ 89.4% (1126/1197)
[expo-cli] Android node_modules\expo\AppEntry.js ▓▓▓▓▓▓▓▓▓▓▓▓▓░░░ 84.0% (1046/1142)
[expo-cli] Web node_modules\expo\AppEntry.js ▓▓▓▓▓▓▓▓▓▓▓░░░░░ 72.9% (797/935)
[expo-cli] iOS node_modules\expo\AppEntry.js ▓▓▓▓▓▓▓▓▓▓▓▓▓▓░░ 89.4% (1177/1264)
[expo-cli] Android node_modules\expo\AppEntry.js ▓▓▓▓▓▓▓▓▓▓▓▓▓▓░░ 90.6% (1139/1204)
[expo-cli] Web node_modules\expo\AppEntry.js ▓▓▓▓▓▓▓▓▓▓▓▓░░░░ 81.2% ( 923/1024)
[expo-cli] iOS node_modules\expo\AppEntry.js ▓▓▓▓▓▓▓▓▓▓▓▓▓▓░░ 89.4% (1199/1294)
[expo-cli] Android node_modules\expo\AppEntry.js ▓▓▓▓▓▓▓▓▓▓▓▓▓▓░░ 90.6% (1139/1204)
[expo-cli] Web node_modules\expo\AppEntry.js ▓▓▓▓▓▓▓▓▓▓▓▓░░░░ 81.2% ( 930/1034)
[expo-cli] iOS node_modules\expo\AppEntry.js ▓▓▓▓▓▓▓▓▓▓▓▓▓▓░░ 89.4% (1265/1340)
[expo-cli] Android node_modules\expo\AppEntry.js ▓▓▓▓▓▓▓▓▓▓▓▓▓▓░░ 90.6% (1202/1271)
[expo-cli] Web node_modules\expo\AppEntry.js ▓▓▓▓▓▓▓▓▓▓▓▓▓░░░ 85.0% (1018/1116)
[expo-cli] iOS node_modules\expo\AppEntry.js ▓▓▓▓▓▓▓▓▓▓▓▓▓▓░░ 89.4% (1265/1340)
[expo-cli] Android node_modules\expo\AppEntry.js ▓▓▓▓▓▓▓▓▓▓▓▓▓▓░░ 90.6% (1207/1274)
[expo-cli] Web node_modules\expo\AppEntry.js ▓▓▓▓▓▓▓▓▓▓▓▓▓░░░ 85.0% (1028/1119)
[expo-cli] iOS node_modules\expo\AppEntry.js ▓▓▓▓▓▓▓▓▓▓▓▓▓▓░░ 92.5% (1327/1380)
[expo-cli] Android node_modules\expo\AppEntry.js ▓▓▓▓▓▓▓▓▓▓▓▓▓▓░░ 90.6% (1208/1274)
[expo-cli] Web node_modules\expo\AppEntry.js ▓▓▓▓▓▓▓▓▓▓▓▓▓▓░░ 87.6% (1072/1155)
[expo-cli] iOS node_modules\expo\AppEntry.js ▓▓▓▓▓▓▓▓▓▓▓▓▓▓░░ 93.0% (1339/1394)
[expo-cli] Android node_modules\expo\AppEntry.js ▓▓▓▓▓▓▓▓▓▓▓▓▓▓░░ 90.6% (1267/1339)
[expo-cli] Web node_modules\expo\AppEntry.js ▓▓▓▓▓▓▓▓▓▓▓▓▓▓░░ 88.2% (1111/1186)
[expo-cli] iOS node_modules\expo\AppEntry.js ▓▓▓▓▓▓▓▓▓▓▓▓▓▓▓░ 95.5% (1381/1428)
[expo-cli] Android node_modules\expo\AppEntry.js ▓▓▓▓▓▓▓▓▓▓▓▓▓▓░░ 90.6% (1284/1360)
[expo-cli] Web node_modules\expo\AppEntry.js ▓▓▓▓▓▓▓▓▓▓▓▓▓▓▓░ 94.1% (1169/1205)
[expo-cli] iOS node_modules\expo\AppEntry.js ▓▓▓▓▓▓▓▓▓▓▓▓▓▓▓░ 95.5% (1394/1449)
[expo-cli] Android node_modules\expo\AppEntry.js ▓▓▓▓▓▓▓▓▓▓▓▓▓▓░░ 92.4% (1338/1392)
[expo-cli] Web node_modules\expo\AppEntry.js ▓▓▓▓▓▓▓▓▓▓▓▓▓▓▓░ 97.1% (1194/1212)
[expo-cli] iOS node_modules\expo\AppEntry.js ▓▓▓▓▓▓▓▓▓▓▓▓▓▓▓░ 95.5% (1445/1487)
[expo-cli] Android node_modules\expo\AppEntry.js ▓▓▓▓▓▓▓▓▓▓▓▓▓▓░░ 92.8% (1377/1430)
[expo-cli] Web node_modules\expo\AppEntry.js ▓▓▓▓▓▓▓▓▓▓▓▓▓▓▓░ 97.2% (1234/1256)
[expo-cli] iOS node_modules\expo\AppEntry.js ▓▓▓▓▓▓▓▓▓▓▓▓▓▓▓░ 95.5% (1492/1531)
[expo-cli] Android node_modules\expo\AppEntry.js ▓▓▓▓▓▓▓▓▓▓▓▓▓▓░░ 93.2% (1442/1494)
[expo-cli] Web node_modules\expo\AppEntry.js ▓▓▓▓▓▓▓▓▓▓▓▓▓▓▓░ 97.2% (1292/1319)
[expo-cli] iOS node_modules\expo\AppEntry.js ▓▓▓▓▓▓▓▓▓▓▓▓▓▓▓░ 99.5% (1555/1561)
[expo-cli] Android node_modules\expo\AppEntry.js ▓▓▓▓▓▓▓▓▓▓▓▓▓▓▓░ 98.7% (1537/1547)
[expo-cli] Web node_modules\expo\AppEntry.js ▓▓▓▓▓▓▓▓▓▓▓▓▓▓▓░ 99.8% (1330/1336)
[expo-cli] iOS node_modules\expo\AppEntry.js ▓▓▓▓▓▓▓▓▓▓▓▓▓▓▓░ 99.9% (1562/1562)
[expo-cli] Android node_modules\expo\AppEntry.js ▓▓▓▓▓▓▓▓▓▓▓▓▓▓▓░ 99.9% (1562/1562)
[expo-cli] Web Bundled 139604ms node_modules\expo\AppEntry.js (1336 modules)
[expo-cli] Web node_modules\expo\AppEntry.js ▓▓▓▓▓▓▓▓▓▓▓▓▓▓▓░ 99.8% (1330/1336)
[expo-cli] iOS node_modules\expo\AppEntry.js ▓▓▓▓▓▓▓▓▓▓▓▓▓▓▓░ 99.9% (1562/1562)
[expo-cli] Android node_modules\expo\AppEntry.js ▓▓▓▓▓▓▓▓▓▓▓▓▓▓▓░ 99.9% (1562/1562)
[expo-cli] iOS node_modules\expo\AppEntry.js ▓▓▓▓▓▓▓▓▓▓▓▓▓▓▓░ 99.9% (1562/1562)
[expo-cli] Android node_modules\expo\AppEntry.js ▓▓▓▓▓▓▓▓▓▓▓▓▓▓▓░ 99.9% (1562/1562)
[expo-cli] iOS Bundled 152051ms node_modules\expo\AppEntry.js (1562 modules)
[expo-cli] iOS node_modules\expo\AppEntry.js ▓▓▓▓▓▓▓▓▓▓▓▓▓▓▓░ 99.9% (1562/1562)
[expo-cli] Android node_modules\expo\AppEntry.js ▓▓▓▓▓▓▓▓▓▓▓▓▓▓▓░ 99.9% (1562/1562)
[expo-cli] Android node_modules\expo\AppEntry.js ▓▓▓▓▓▓▓▓▓▓▓▓▓▓▓░ 99.9% (1562/1562)
[expo-cli] Android Bundled 164426ms node_modules\expo\AppEntry.js (1562 modules)
[expo-cli] Android node_modules\expo\AppEntry.js ▓▓▓▓▓▓▓▓▓▓▓▓▓▓▓░ 99.9% (1562/1562)
[expo-cli] Creating asset map
[expo-cli] 
[expo-cli] › Assets (73):
[expo-cli] node_modules\@react-navigation\elements\lib\module\assets\back-icon-mask.0a328cd9c1afd0afe8e3b1ec5165b1b4.png (653 B)
[expo-cli] node_modules\@react-navigation\elements\lib\module\assets\back-icon-mask.png (653 B)
[expo-cli] node_modules\@react-navigation\elements\lib\module\assets\back-icon.35ba0eaec5a4f5ed12ca16fabeae451d.png (207 B)
[expo-cli] node_modules\@react-navigation\elements\lib\module\assets\back-icon.png (8 variations | 359 B)
[expo-cli] node_modules\@react-navigation\elements\lib\module\assets\clear-icon.c94f6478e7ae0cdd9f15de1fcb9e5e55.png (4 variations | 425 B)
[expo-cli] node_modules\@react-navigation\elements\lib\module\assets\clear-icon.png (4 variations | 425 B)
[expo-cli] node_modules\@react-navigation\elements\lib\module\assets\close-icon.808e1b1b9b53114ec2838071a7e6daa7.png (4 variations | 235 B)
[expo-cli] node_modules\@react-navigation\elements\lib\module\assets\close-icon.png (4 variations | 235 B)
[expo-cli] node_modules\@react-navigation\elements\lib\module\assets\search-icon.286d67d3f74808a60a78d3ebf1a5fb57.png (928 B)
[expo-cli] node_modules\@react-navigation\elements\lib\module\assets\search-icon.png (7 variations | 592 B)
[expo-cli] node_modules\expo\node_modules\@expo\vector-icons\build\vendor\react-native-vector-icons\Fonts\AntDesign.3f78af31cca60105799838a1a7a59fbd.ttf (130 kB)
[expo-cli] node_modules\expo\node_modules\@expo\vector-icons\build\vendor\react-native-vector-icons\Fonts\AntDesign.ttf (130 kB)
[expo-cli] node_modules\expo\node_modules\@expo\vector-icons\build\vendor\react-native-vector-icons\Fonts\Entypo.31b5ffea3daddc69dd01a1f3d6cf63c5.ttf (66.2 kB)
[expo-cli] node_modules\expo\node_modules\@expo\vector-icons\build\vendor\react-native-vector-icons\Fonts\Entypo.ttf (66.2 kB)
[expo-cli] node_modules\expo\node_modules\@expo\vector-icons\build\vendor\react-native-vector-icons\Fonts\EvilIcons.140c53a7643ea949007aa9a282153849.ttf (13.5 kB)
[expo-cli] node_modules\expo\node_modules\@expo\vector-icons\build\vendor\react-native-vector-icons\Fonts\EvilIcons.ttf (13.5 kB)
[expo-cli] node_modules\expo\node_modules\@expo\vector-icons\build\vendor\react-native-vector-icons\Fonts\Feather.ca4b48e04dc1ce10bfbddb262c8b835f.ttf (55.6 kB)
[expo-cli] node_modules\expo\node_modules\@expo\vector-icons\build\vendor\react-native-vector-icons\Fonts\Feather.ttf (55.6 kB)
[expo-cli] node_modules\expo\node_modules\@expo\vector-icons\build\vendor\react-native-vector-icons\Fonts\FontAwesome.b06871f281fee6b241d60582ae9369b9.ttf (166 kB)
[expo-cli] node_modules\expo\node_modules\@expo\vector-icons\build\vendor\react-native-vector-icons\Fonts\FontAwesome.ttf (166 kB)
[expo-cli] node_modules\expo\node_modules\@expo\vector-icons\build\vendor\react-native-vector-icons\Fonts\FontAwesome5_Brands.3b89dd103490708d19a95adcae52210e.ttf (134 kB)
[expo-cli] node_modules\expo\node_modules\@expo\vector-icons\build\vendor\react-native-vector-icons\Fonts\FontAwesome5_Brands.ttf (134 kB)
[expo-cli] node_modules\expo\node_modules\@expo\vector-icons\build\vendor\react-native-vector-icons\Fonts\FontAwesome5_Regular.1f77739ca9ff2188b539c36f30ffa2be.ttf (33.7 kB)
[expo-cli] node_modules\expo\node_modules\@expo\vector-icons\build\vendor\react-native-vector-icons\Fonts\FontAwesome5_Regular.ttf (33.7 kB)
[expo-cli] node_modules\expo\node_modules\@expo\vector-icons\build\vendor\react-native-vector-icons\Fonts\FontAwesome5_Solid.605ed7926cf39a2ad5ec2d1f9d391d3d.ttf (203 kB)
[expo-cli] node_modules\expo\node_modules\@expo\vector-icons\build\vendor\react-native-vector-icons\Fonts\FontAwesome5_Solid.ttf (203 kB)
[expo-cli] node_modules\expo\node_modules\@expo\vector-icons\build\vendor\react-native-vector-icons\Fonts\FontAwesome6_Brands.56c8d80832e37783f12c05db7c8849e2.ttf (209 kB)
[expo-cli] node_modules\expo\node_modules\@expo\vector-icons\build\vendor\react-native-vector-icons\Fonts\FontAwesome6_Brands.ttf (209 kB)
[expo-cli] node_modules\expo\node_modules\@expo\vector-icons\build\vendor\react-native-vector-icons\Fonts\FontAwesome6_Regular.370dd5af19f8364907b6e2c41f45dbbf.ttf (68 kB)
[expo-cli] node_modules\expo\node_modules\@expo\vector-icons\build\vendor\react-native-vector-icons\Fonts\FontAwesome6_Regular.ttf (68 kB)
[expo-cli] node_modules\expo\node_modules\@expo\vector-icons\build\vendor\react-native-vector-icons\Fonts\FontAwesome6_Solid.adec7d6f310bc577f05e8fe06a5daccf.ttf (424 kB)
[expo-cli] node_modules\expo\node_modules\@expo\vector-icons\build\vendor\react-native-vector-icons\Fonts\FontAwesome6_Solid.ttf (424 kB)
[expo-cli] node_modules\expo\node_modules\@expo\vector-icons\build\vendor\react-native-vector-icons\Fonts\Fontisto.b49ae8ab2dbccb02c4d11caaacf09eab.ttf (314 kB)
[expo-cli] node_modules\expo\node_modules\@expo\vector-icons\build\vendor\react-native-vector-icons\Fonts\Fontisto.ttf (314 kB)
[expo-cli] node_modules\expo\node_modules\@expo\vector-icons\build\vendor\react-native-vector-icons\Fonts\Foundation.e20945d7c929279ef7a6f1db184a4470.ttf (57 kB)
[expo-cli] node_modules\expo\node_modules\@expo\vector-icons\build\vendor\react-native-vector-icons\Fonts\Foundation.ttf (57 kB)
[expo-cli] node_modules\expo\node_modules\@expo\vector-icons\build\vendor\react-native-vector-icons\Fonts\Ionicons.b4eb097d35f44ed943676fd56f6bdc51.ttf (390 kB)
[expo-cli] node_modules\expo\node_modules\@expo\vector-icons\build\vendor\react-native-vector-icons\Fonts\Ionicons.ttf (390 kB)
[expo-cli] node_modules\expo\node_modules\@expo\vector-icons\build\vendor\react-native-vector-icons\Fonts\MaterialCommunityIcons.6e435534bd35da5fef04168860a9b8fa.ttf (1.31 MB)
[expo-cli] node_modules\expo\node_modules\@expo\vector-icons\build\vendor\react-native-vector-icons\Fonts\MaterialCommunityIcons.ttf (1.31 MB)
[expo-cli] node_modules\expo\node_modules\@expo\vector-icons\build\vendor\react-native-vector-icons\Fonts\MaterialIcons.4e85bc9ebe07e0340c9c4fc2f6c38908.ttf (357 kB)
[expo-cli] node_modules\expo\node_modules\@expo\vector-icons\build\vendor\react-native-vector-icons\Fonts\MaterialIcons.ttf (357 kB)
[expo-cli] node_modules\expo\node_modules\@expo\vector-icons\build\vendor\react-native-vector-icons\Fonts\Octicons.871378c6eab492a3e689a9385dc45a12.ttf (69.4 kB)
[expo-cli] node_modules\expo\node_modules\@expo\vector-icons\build\vendor\react-native-vector-icons\Fonts\Octicons.ttf (69.4 kB)
[expo-cli] node_modules\expo\node_modules\@expo\vector-icons\build\vendor\react-native-vector-icons\Fonts\SimpleLineIcons.d2285965fe34b05465047401b8595dd0.ttf (54.1 kB)
[expo-cli] node_modules\expo\node_modules\@expo\vector-icons\build\vendor\react-native-vector-icons\Fonts\SimpleLineIcons.ttf (54.1 kB)
[expo-cli] node_modules\expo\node_modules\@expo\vector-icons\build\vendor\react-native-vector-icons\Fonts\Zocial.1681f34aaca71b8dfb70756bca331eb2.ttf (25.8 kB)
[expo-cli] node_modules\expo\node_modules\@expo\vector-icons\build\vendor\react-native-vector-icons\Fonts\Zocial.ttf (25.8 kB)
[expo-cli] 
[expo-cli] › web bundles (6):
[expo-cli] _expo/static/js/web/AppEntry-01e0d4e2b431b88491ba4881b2ab7501.js (3.01 MB)
[expo-cli] _expo/static/js/web/AppEntry-01e0d4e2b431b88491ba4881b2ab7501.js.map (8.8 MB)
[expo-cli] _expo/static/js/web/index-af3a1c882395d16f0ccdd05d5d8a4a17.js (12.7 kB)
[expo-cli] _expo/static/js/web/index-af3a1c882395d16f0ccdd05d5d8a4a17.js.map (58.8 kB)
[expo-cli] _expo/static/js/web/ScreenCapture-d96446b21546bd922e16806681d7a0b2.js (2.48 kB)
[expo-cli] _expo/static/js/web/ScreenCapture-d96446b21546bd922e16806681d7a0b2.js.map (12.5 kB)
[expo-cli] 
[expo-cli] › ios bundles (2):
[expo-cli] _expo/static/js/ios/AppEntry-371285c9b044555e37d5b2c83f2217df.hbc (3.35 MB)
[expo-cli] _expo/static/js/ios/AppEntry-371285c9b044555e37d5b2c83f2217df.hbc.map (9.62 MB)
[expo-cli] 
[expo-cli] › android bundles (2):
[expo-cli] _expo/static/js/android/AppEntry-26c9854da51303a141420b4ff8989eaa.hbc (3.37 MB)
[expo-cli] _expo/static/js/android/AppEntry-26c9854da51303a141420b4ff8989eaa.hbc.map (9.66 MB)
[expo-cli] 
[expo-cli] › Files (4):
[expo-cli] assetmap.json (19.4 kB)
[expo-cli] favicon.ico (14.5 kB)
[expo-cli] index.html (1.22 kB)
[expo-cli] metadata.json (5.11 kB)
[expo-cli] 
[expo-cli] Exported: dist
✔ Exported bundle(s)
- Uploading...
- Uploading assetmap.json (0 / 19.0 KB)
✔ Uploaded assetmap.json 1s
√ Uploaded 2 app bundles
√ Uploading assets skipped - no new assets found
i 39 iOS assets, 39 Android assets (maximum: 2000 total per update). Learn more about asset limits: https://expo.fyi/eas-update-asset-limits
Skipping project fingerprints
- Publishing...
✔ Published!

Branch             production
Runtime version    1.8.1
Platform           android, ios
Update group ID    cec4c8fa-eb70-4e00-aa43-bbef81db2886
Android update ID  019f367a-7472-7536-ac53-274bd2105e6b
iOS update ID      019f367a-7472-767e-927a-e85821901eb4
Message            fix(realtime): v24 zero-stale revoke/grant/channel state runtime 1.8.1
Commit             2852c8af67c6f615b80b1776f5d5cb63fe68c31a*
EAS Dashboard      https://expo.dev/accounts/isamu_123/projects/osmani-tv/updates/cec4c8fa-eb70-4e00-aa43-bbef81db2886

npm warn Unknown env config "devdir". This will stop working in the next major version of npm.


=== OTA runtime 1.8.2 ===
No environment variables with visibility "Plain text" and "Sensitive" found for the "production" environment on EAS.

- Exporting...
[expo-cli] --non-interactive is not supported, use $CI=1 instead
[expo-cli] » android: androidStatusBar.backgroundColor: Color conflicts with the splash.backgroundColor
[expo-cli] » android: androidStatusBar.backgroundColor: Color conflicts with the splash.backgroundColor
[expo-cli] » android: androidStatusBar.backgroundColor: Color conflicts with the splash.backgroundColor
[expo-cli] » android: androidStatusBar.backgroundColor: Color conflicts with the splash.backgroundColor
[expo-cli] » android: androidStatusBar.backgroundColor: Color conflicts with the splash.backgroundColor
[expo-cli] Starting Metro Bundler
[expo-cli] warning: Bundler cache is empty, rebuilding (this may take a minute)
[expo-cli] Web node_modules\expo\AppEntry.js ░░░░░░░░░░░░░░░░  0.0% (0/1)
[expo-cli] iOS node_modules\expo\AppEntry.js ░░░░░░░░░░░░░░░░  0.0% (0/1)
[expo-cli] Android node_modules\expo\AppEntry.js ░░░░░░░░░░░░░░░░  0.0% (0/1)
[expo-cli] | (node:2288) Warning: The 'NO_COLOR' env is ignored due to the 'FORCE_COLOR' env being set.
[expo-cli] | (Use `node --trace-warnings ...` to show where the warning was created)
[expo-cli] | (node:23660) Warning: The 'NO_COLOR' env is ignored due to the 'FORCE_COLOR' env being set.
[expo-cli] | (Use `node --trace-warnings ...` to show where the warning was created)
[expo-cli] Web node_modules\expo\AppEntry.js ░░░░░░░░░░░░░░░░  1.0% (1/1)
[expo-cli] iOS node_modules\expo\AppEntry.js ▓░░░░░░░░░░░░░░░ 11.1% ( 5/15)
[expo-cli] Android node_modules\expo\AppEntry.js ░░░░░░░░░░░░░░░░  1.0% (1/3)
[expo-cli] | (node:21756) Warning: The 'NO_COLOR' env is ignored due to the 'FORCE_COLOR' env being set.
[expo-cli] | (Use `node --trace-warnings ...` to show where the warning was created)
[expo-cli] Web node_modules\expo\AppEntry.js ▓▓▓▓░░░░░░░░░░░░ 25.0% (5/9)
[expo-cli] iOS node_modules\expo\AppEntry.js ▓▓▓▓▓▓░░░░░░░░░░ 41.1% (50/78)
[expo-cli] Android node_modules\expo\AppEntry.js ░░░░░░░░░░░░░░░░  1.0% (1/3)
[expo-cli] | (node:22216) Warning: The 'NO_COLOR' env is ignored due to the 'FORCE_COLOR' env being set.
[expo-cli] | (Use `node --trace-warnings ...` to show where the warning was created)
[expo-cli] | (node:22928) Warning: The 'NO_COLOR' env is ignored due to the 'FORCE_COLOR' env being set.
[expo-cli] | (Use `node --trace-warnings ...` to show where the warning was created)
[expo-cli] | (node:20880) Warning: The 'NO_COLOR' env is ignored due to the 'FORCE_COLOR' env being set.
[expo-cli] | (Use `node --trace-warnings ...` to show where the warning was created)
[expo-cli] Web node_modules\expo\AppEntry.js ▓▓▓▓▓░░░░░░░░░░░ 36.0% (12/23)
[expo-cli] iOS node_modules\expo\AppEntry.js ▓▓▓▓▓▓░░░░░░░░░░ 43.3% ( 89/256)
[expo-cli] Android node_modules\expo\AppEntry.js ▓▓▓░░░░░░░░░░░░░ 19.1% ( 7/16)
[expo-cli] | (node:7968) Warning: The 'NO_COLOR' env is ignored due to the 'FORCE_COLOR' env being set.
[expo-cli] | (Use `node --trace-warnings ...` to show where the warning was created)
[expo-cli] | (node:24208) Warning: The 'NO_COLOR' env is ignored due to the 'FORCE_COLOR' env being set.
[expo-cli] | (Use `node --trace-warnings ...` to show where the warning was created)
[expo-cli] Web node_modules\expo\AppEntry.js ▓▓▓▓▓░░░░░░░░░░░ 36.0% ( 15/105)
[expo-cli] iOS node_modules\expo\AppEntry.js ▓▓▓▓▓▓░░░░░░░░░░ 43.3% (111/365)
[expo-cli] Android node_modules\expo\AppEntry.js ▓▓▓▓░░░░░░░░░░░░ 25.0% ( 11/106)
[expo-cli] Web node_modules\expo\AppEntry.js ▓▓▓▓▓░░░░░░░░░░░ 36.0% ( 20/115)
[expo-cli] iOS node_modules\expo\AppEntry.js ▓▓▓▓▓▓░░░░░░░░░░ 43.3% (159/425)
[expo-cli] Android node_modules\expo\AppEntry.js ▓▓▓▓░░░░░░░░░░░░ 25.0% ( 16/209)
[expo-cli] Web node_modules\expo\AppEntry.js ▓▓▓▓▓░░░░░░░░░░░ 36.0% ( 21/115)
[expo-cli] iOS node_modules\expo\AppEntry.js ▓▓▓▓▓▓░░░░░░░░░░ 43.3% (257/601)
[expo-cli] Android node_modules\expo\AppEntry.js ▓▓▓▓░░░░░░░░░░░░ 25.0% ( 16/209)
[expo-cli] Web node_modules\expo\AppEntry.js ▓▓▓▓▓░░░░░░░░░░░ 36.0% ( 21/115)
[expo-cli] iOS node_modules\expo\AppEntry.js ▓▓▓▓▓▓░░░░░░░░░░ 43.3% (346/703)
[expo-cli] Android node_modules\expo\AppEntry.js ▓▓▓▓░░░░░░░░░░░░ 25.0% ( 18/211)
[expo-cli] Web node_modules\expo\AppEntry.js ▓▓▓▓▓░░░░░░░░░░░ 36.0% ( 39/163)
[expo-cli] iOS node_modules\expo\AppEntry.js ▓▓▓▓▓▓░░░░░░░░░░ 43.3% (346/703)
[expo-cli] Android node_modules\expo\AppEntry.js ▓▓▓▓░░░░░░░░░░░░ 25.0% (107/320)
[expo-cli] Web node_modules\expo\AppEntry.js ▓▓▓▓▓░░░░░░░░░░░ 36.0% ( 72/218)
[expo-cli] iOS node_modules\expo\AppEntry.js ▓▓▓▓▓▓░░░░░░░░░░ 43.3% (346/703)
[expo-cli] Android node_modules\expo\AppEntry.js ▓▓▓▓░░░░░░░░░░░░ 25.0% (107/320)
[expo-cli] Web node_modules\expo\AppEntry.js ▓▓▓▓▓░░░░░░░░░░░ 36.0% (105/329)
[expo-cli] iOS node_modules\expo\AppEntry.js ▓▓▓▓▓▓░░░░░░░░░░ 43.3% (398/734)
[expo-cli] Android node_modules\expo\AppEntry.js ▓▓▓▓░░░░░░░░░░░░ 25.0% (107/320)
[expo-cli] Web node_modules\expo\AppEntry.js ▓▓▓▓▓░░░░░░░░░░░ 36.0% (113/350)
[expo-cli] iOS node_modules\expo\AppEntry.js ▓▓▓▓▓▓░░░░░░░░░░ 43.3% (419/740)
[expo-cli] Android node_modules\expo\AppEntry.js ▓▓▓▓░░░░░░░░░░░░ 25.0% (170/469)
[expo-cli] Web node_modules\expo\AppEntry.js ▓▓▓▓▓░░░░░░░░░░░ 36.0% (118/351)
[expo-cli] iOS node_modules\expo\AppEntry.js ▓▓▓▓▓▓░░░░░░░░░░ 43.3% (517/799)
[expo-cli] Android node_modules\expo\AppEntry.js ▓▓▓▓░░░░░░░░░░░░ 25.0% (181/486)
[expo-cli] Web node_modules\expo\AppEntry.js ▓▓▓▓▓░░░░░░░░░░░ 36.0% (118/351)
[expo-cli] iOS node_modules\expo\AppEntry.js ▓▓▓▓▓▓▓░░░░░░░░░ 49.5% (701/998)
[expo-cli] Android node_modules\expo\AppEntry.js ▓▓▓▓░░░░░░░░░░░░ 25.0% (225/535)
[expo-cli] Web node_modules\expo\AppEntry.js ▓▓▓▓▓░░░░░░░░░░░ 36.0% (188/400)
[expo-cli] iOS node_modules\expo\AppEntry.js ▓▓▓▓▓▓▓░░░░░░░░░ 49.8% ( 706/1001)
[expo-cli] Android node_modules\expo\AppEntry.js ▓▓▓▓░░░░░░░░░░░░ 25.0% (316/644)
[expo-cli] Web node_modules\expo\AppEntry.js ▓▓▓▓▓░░░░░░░░░░░ 36.0% (284/514)
[expo-cli] iOS node_modules\expo\AppEntry.js ▓▓▓▓▓▓▓░░░░░░░░░ 49.8% ( 706/1001)
[expo-cli] Android node_modules\expo\AppEntry.js ▓▓▓▓░░░░░░░░░░░░ 25.0% (316/644)
[expo-cli] Web node_modules\expo\AppEntry.js ▓▓▓▓▓░░░░░░░░░░░ 36.0% (332/568)
[expo-cli] iOS node_modules\expo\AppEntry.js ▓▓▓▓▓▓▓▓░░░░░░░░ 53.3% ( 738/1011)
[expo-cli] Android node_modules\expo\AppEntry.js ▓▓▓▓░░░░░░░░░░░░ 30.2% (380/692)
[expo-cli] Web node_modules\expo\AppEntry.js ▓▓▓▓▓░░░░░░░░░░░ 37.3% (350/573)
[expo-cli] iOS node_modules\expo\AppEntry.js ▓▓▓▓▓▓▓▓▓░░░░░░░ 61.3% ( 800/1022)
[expo-cli] Android node_modules\expo\AppEntry.js ▓▓▓▓▓░░░░░░░░░░░ 33.8% (477/820)
[expo-cli] Web node_modules\expo\AppEntry.js ▓▓▓▓▓░░░░░░░░░░░ 37.3% (350/573)
[expo-cli] iOS node_modules\expo\AppEntry.js ▓▓▓▓▓▓▓▓▓▓▓▓░░░░ 76.2% ( 961/1101)
[expo-cli] Android node_modules\expo\AppEntry.js ▓▓▓▓▓▓░░░░░░░░░░ 38.3% (521/842)
[expo-cli] Web node_modules\expo\AppEntry.js ▓▓▓▓▓░░░░░░░░░░░ 37.3% (352/578)
[expo-cli] iOS node_modules\expo\AppEntry.js ▓▓▓▓▓▓▓▓▓▓▓▓░░░░ 79.4% ( 997/1121)
[expo-cli] Android node_modules\expo\AppEntry.js ▓▓▓▓▓▓▓░░░░░░░░░ 49.0% (620/886)
[expo-cli] Web node_modules\expo\AppEntry.js ▓▓▓▓▓▓░░░░░░░░░░ 40.5% (429/678)
[expo-cli] iOS node_modules\expo\AppEntry.js ▓▓▓▓▓▓▓▓▓▓▓▓░░░░ 79.4% ( 997/1121)
[expo-cli] Android node_modules\expo\AppEntry.js ▓▓▓▓▓▓▓▓░░░░░░░░ 52.2% (643/890)
[expo-cli] | [33m» [1mandroid[22m: androidStatusBar.backgroundColor: Color conflicts with the splash.backgroundColor[39m
[expo-cli] Web node_modules\expo\AppEntry.js ▓▓▓▓▓▓▓▓░░░░░░░░ 51.0% (518/725)
[expo-cli] iOS node_modules\expo\AppEntry.js ▓▓▓▓▓▓▓▓▓▓▓▓░░░░ 80.3% (1007/1124)
[expo-cli] Android node_modules\expo\AppEntry.js ▓▓▓▓▓▓▓▓░░░░░░░░ 52.9% (649/892)
[expo-cli] Web node_modules\expo\AppEntry.js ▓▓▓▓▓▓▓▓░░░░░░░░ 53.2% (574/787)
[expo-cli] iOS node_modules\expo\AppEntry.js ▓▓▓▓▓▓▓▓▓▓▓▓▓░░░ 82.0% (1021/1158)
[expo-cli] Android node_modules\expo\AppEntry.js ▓▓▓▓▓▓▓▓▓░░░░░░░ 56.8% (715/960)
[expo-cli] Web node_modules\expo\AppEntry.js ▓▓▓▓▓▓▓▓░░░░░░░░ 53.2% (574/787)
[expo-cli] iOS node_modules\expo\AppEntry.js ▓▓▓▓▓▓▓▓▓▓▓▓▓▓░░ 88.5% (1109/1179)
[expo-cli] Android node_modules\expo\AppEntry.js ▓▓▓▓▓▓▓▓▓▓░░░░░░ 64.5% ( 839/1054)
[expo-cli] Web node_modules\expo\AppEntry.js ▓▓▓▓▓▓▓▓░░░░░░░░ 54.1% (612/832)
[expo-cli] iOS node_modules\expo\AppEntry.js ▓▓▓▓▓▓▓▓▓▓▓▓▓▓░░ 89.3% (1117/1182)
[expo-cli] Android node_modules\expo\AppEntry.js ▓▓▓▓▓▓▓▓▓▓░░░░░░ 67.9% ( 885/1074)
[expo-cli] Web node_modules\expo\AppEntry.js ▓▓▓▓▓▓▓▓▓▓░░░░░░ 63.6% (706/885)
[expo-cli] iOS node_modules\expo\AppEntry.js ▓▓▓▓▓▓▓▓▓▓▓▓▓▓░░ 89.9% (1122/1184)
[expo-cli] Android node_modules\expo\AppEntry.js ▓▓▓▓▓▓▓▓▓▓░░░░░░ 68.5% ( 889/1074)
[expo-cli] Web node_modules\expo\AppEntry.js ▓▓▓▓▓▓▓▓▓▓▓░░░░░ 71.4% (786/930)
[expo-cli] iOS node_modules\expo\AppEntry.js ▓▓▓▓▓▓▓▓▓▓▓▓▓▓░░ 90.1% (1140/1219)
[expo-cli] Android node_modules\expo\AppEntry.js ▓▓▓▓▓▓▓▓▓▓▓▓░░░░ 76.0% ( 944/1083)
[expo-cli] Web node_modules\expo\AppEntry.js ▓▓▓▓▓▓▓▓▓▓▓░░░░░ 72.7% (797/935)
[expo-cli] iOS node_modules\expo\AppEntry.js ▓▓▓▓▓▓▓▓▓▓▓▓▓▓░░ 90.1% (1178/1261)
[expo-cli] Android node_modules\expo\AppEntry.js ▓▓▓▓▓▓▓▓▓▓▓▓▓░░░ 84.3% (1069/1164)
[expo-cli] Web node_modules\expo\AppEntry.js ▓▓▓▓▓▓▓▓▓▓▓▓▓░░░ 83.2% ( 916/1017)
[expo-cli] iOS node_modules\expo\AppEntry.js ▓▓▓▓▓▓▓▓▓▓▓▓▓▓░░ 90.1% (1184/1267)
[expo-cli] Android node_modules\expo\AppEntry.js ▓▓▓▓▓▓▓▓▓▓▓▓▓░░░ 84.9% (1075/1167)
[expo-cli] Web node_modules\expo\AppEntry.js ▓▓▓▓▓▓▓▓▓▓▓▓▓░░░ 83.2% ( 927/1033)
[expo-cli] iOS node_modules\expo\AppEntry.js ▓▓▓▓▓▓▓▓▓▓▓▓▓▓░░ 90.1% (1263/1339)
[expo-cli] Android node_modules\expo\AppEntry.js ▓▓▓▓▓▓▓▓▓▓▓▓▓▓░░ 90.0% (1149/1211)
[expo-cli] Web node_modules\expo\AppEntry.js ▓▓▓▓▓▓▓▓▓▓▓▓▓░░░ 87.3% (1018/1116)
[expo-cli] iOS node_modules\expo\AppEntry.js ▓▓▓▓▓▓▓▓▓▓▓▓▓▓░░ 90.1% (1263/1339)
[expo-cli] Android node_modules\expo\AppEntry.js ▓▓▓▓▓▓▓▓▓▓▓▓▓▓░░ 92.4% (1167/1214)
[expo-cli] Web node_modules\expo\AppEntry.js ▓▓▓▓▓▓▓▓▓▓▓▓▓░░░ 87.3% (1033/1119)
[expo-cli] iOS node_modules\expo\AppEntry.js ▓▓▓▓▓▓▓▓▓▓▓▓▓▓░░ 91.5% (1319/1379)
[expo-cli] Android node_modules\expo\AppEntry.js ▓▓▓▓▓▓▓▓▓▓▓▓▓▓░░ 92.9% (1193/1264)
[expo-cli] Web node_modules\expo\AppEntry.js ▓▓▓▓▓▓▓▓▓▓▓▓▓▓░░ 88.0% (1085/1158)
[expo-cli] iOS node_modules\expo\AppEntry.js ▓▓▓▓▓▓▓▓▓▓▓▓▓▓▓░ 93.9% (1339/1394)
[expo-cli] Android node_modules\expo\AppEntry.js ▓▓▓▓▓▓▓▓▓▓▓▓▓▓░░ 92.9% (1213/1287)
[expo-cli] Web node_modules\expo\AppEntry.js ▓▓▓▓▓▓▓▓▓▓▓▓▓▓░░ 89.5% (1118/1190)
[expo-cli] iOS node_modules\expo\AppEntry.js ▓▓▓▓▓▓▓▓▓▓▓▓▓▓▓░ 93.9% (1374/1418)
[expo-cli] Android node_modules\expo\AppEntry.js ▓▓▓▓▓▓▓▓▓▓▓▓▓▓░░ 92.9% (1263/1348)
[expo-cli] Web node_modules\expo\AppEntry.js ▓▓▓▓▓▓▓▓▓▓▓▓▓▓▓░ 95.1% (1179/1209)
[expo-cli] iOS node_modules\expo\AppEntry.js ▓▓▓▓▓▓▓▓▓▓▓▓▓▓▓░ 93.9% (1391/1447)
[expo-cli] Android node_modules\expo\AppEntry.js ▓▓▓▓▓▓▓▓▓▓▓▓▓▓░░ 92.9% (1285/1374)
[expo-cli] Web node_modules\expo\AppEntry.js ▓▓▓▓▓▓▓▓▓▓▓▓▓▓▓░ 95.8% (1185/1211)
[expo-cli] iOS node_modules\expo\AppEntry.js ▓▓▓▓▓▓▓▓▓▓▓▓▓▓▓░ 94.0% (1436/1481)
[expo-cli] Android node_modules\expo\AppEntry.js ▓▓▓▓▓▓▓▓▓▓▓▓▓▓░░ 92.9% (1334/1409)
[expo-cli] Web node_modules\expo\AppEntry.js ▓▓▓▓▓▓▓▓▓▓▓▓▓▓▓░ 98.0% (1206/1226)
[expo-cli] iOS node_modules\expo\AppEntry.js ▓▓▓▓▓▓▓▓▓▓▓▓▓▓▓░ 94.7% (1487/1531)
[expo-cli] Android node_modules\expo\AppEntry.js ▓▓▓▓▓▓▓▓▓▓▓▓▓▓░░ 92.9% (1405/1459)
[expo-cli] Web node_modules\expo\AppEntry.js ▓▓▓▓▓▓▓▓▓▓▓▓▓▓▓░ 98.0% (1272/1305)
[expo-cli] iOS node_modules\expo\AppEntry.js ▓▓▓▓▓▓▓▓▓▓▓▓▓▓▓░ 99.7% (1552/1554)
[expo-cli] Android node_modules\expo\AppEntry.js ▓▓▓▓▓▓▓▓▓▓▓▓▓▓▓░ 96.5% (1490/1517)
[expo-cli] Web node_modules\expo\AppEntry.js ▓▓▓▓▓▓▓▓▓▓▓▓▓▓▓░ 99.2% (1331/1337)
[expo-cli] iOS node_modules\expo\AppEntry.js ▓▓▓▓▓▓▓▓▓▓▓▓▓▓▓░ 99.9% (1562/1562)
[expo-cli] Android node_modules\expo\AppEntry.js ▓▓▓▓▓▓▓▓▓▓▓▓▓▓▓░ 99.5% (1558/1562)
[expo-cli] Web node_modules\expo\AppEntry.js ▓▓▓▓▓▓▓▓▓▓▓▓▓▓▓░ 99.9% (1337/1337)
[expo-cli] iOS node_modules\expo\AppEntry.js ▓▓▓▓▓▓▓▓▓▓▓▓▓▓▓░ 99.9% (1562/1562)
[expo-cli] Android node_modules\expo\AppEntry.js ▓▓▓▓▓▓▓▓▓▓▓▓▓▓▓░ 99.9% (1562/1562)
[expo-cli] Web Bundled 141804ms node_modules\expo\AppEntry.js (1337 modules)
[expo-cli] Web node_modules\expo\AppEntry.js ▓▓▓▓▓▓▓▓▓▓▓▓▓▓▓░ 99.9% (1337/1337)
[expo-cli] iOS node_modules\expo\AppEntry.js ▓▓▓▓▓▓▓▓▓▓▓▓▓▓▓░ 99.9% (1562/1562)
[expo-cli] Android node_modules\expo\AppEntry.js ▓▓▓▓▓▓▓▓▓▓▓▓▓▓▓░ 99.9% (1562/1562)
[expo-cli] iOS node_modules\expo\AppEntry.js ▓▓▓▓▓▓▓▓▓▓▓▓▓▓▓░ 99.9% (1562/1562)
[expo-cli] Android node_modules\expo\AppEntry.js ▓▓▓▓▓▓▓▓▓▓▓▓▓▓▓░ 99.9% (1562/1562)
[expo-cli] iOS Bundled 151720ms node_modules\expo\AppEntry.js (1562 modules)
[expo-cli] iOS node_modules\expo\AppEntry.js ▓▓▓▓▓▓▓▓▓▓▓▓▓▓▓░ 99.9% (1562/1562)
[expo-cli] Android node_modules\expo\AppEntry.js ▓▓▓▓▓▓▓▓▓▓▓▓▓▓▓░ 99.9% (1562/1562)
[expo-cli] Android node_modules\expo\AppEntry.js ▓▓▓▓▓▓▓▓▓▓▓▓▓▓▓░ 99.9% (1562/1562)
[expo-cli] Android Bundled 164822ms node_modules\expo\AppEntry.js (1562 modules)
[expo-cli] Android node_modules\expo\AppEntry.js ▓▓▓▓▓▓▓▓▓▓▓▓▓▓▓░ 99.9% (1562/1562)
[expo-cli] Creating asset map
[expo-cli] 
[expo-cli] › Assets (73):
[expo-cli] node_modules\@react-navigation\elements\lib\module\assets\back-icon-mask.0a328cd9c1afd0afe8e3b1ec5165b1b4.png (653 B)
[expo-cli] node_modules\@react-navigation\elements\lib\module\assets\back-icon-mask.png (653 B)
[expo-cli] node_modules\@react-navigation\elements\lib\module\assets\back-icon.35ba0eaec5a4f5ed12ca16fabeae451d.png (207 B)
[expo-cli] node_modules\@react-navigation\elements\lib\module\assets\back-icon.png (8 variations | 359 B)
[expo-cli] node_modules\@react-navigation\elements\lib\module\assets\clear-icon.c94f6478e7ae0cdd9f15de1fcb9e5e55.png (4 variations | 425 B)
[expo-cli] node_modules\@react-navigation\elements\lib\module\assets\clear-icon.png (4 variations | 425 B)
[expo-cli] node_modules\@react-navigation\elements\lib\module\assets\close-icon.808e1b1b9b53114ec2838071a7e6daa7.png (4 variations | 235 B)
[expo-cli] node_modules\@react-navigation\elements\lib\module\assets\close-icon.png (4 variations | 235 B)
[expo-cli] node_modules\@react-navigation\elements\lib\module\assets\search-icon.286d67d3f74808a60a78d3ebf1a5fb57.png (928 B)
[expo-cli] node_modules\@react-navigation\elements\lib\module\assets\search-icon.png (7 variations | 592 B)
[expo-cli] node_modules\expo\node_modules\@expo\vector-icons\build\vendor\react-native-vector-icons\Fonts\AntDesign.3f78af31cca60105799838a1a7a59fbd.ttf (130 kB)
[expo-cli] node_modules\expo\node_modules\@expo\vector-icons\build\vendor\react-native-vector-icons\Fonts\AntDesign.ttf (130 kB)
[expo-cli] node_modules\expo\node_modules\@expo\vector-icons\build\vendor\react-native-vector-icons\Fonts\Entypo.31b5ffea3daddc69dd01a1f3d6cf63c5.ttf (66.2 kB)
[expo-cli] node_modules\expo\node_modules\@expo\vector-icons\build\vendor\react-native-vector-icons\Fonts\Entypo.ttf (66.2 kB)
[expo-cli] node_modules\expo\node_modules\@expo\vector-icons\build\vendor\react-native-vector-icons\Fonts\EvilIcons.140c53a7643ea949007aa9a282153849.ttf (13.5 kB)
[expo-cli] node_modules\expo\node_modules\@expo\vector-icons\build\vendor\react-native-vector-icons\Fonts\EvilIcons.ttf (13.5 kB)
[expo-cli] node_modules\expo\node_modules\@expo\vector-icons\build\vendor\react-native-vector-icons\Fonts\Feather.ca4b48e04dc1ce10bfbddb262c8b835f.ttf (55.6 kB)
[expo-cli] node_modules\expo\node_modules\@expo\vector-icons\build\vendor\react-native-vector-icons\Fonts\Feather.ttf (55.6 kB)
[expo-cli] node_modules\expo\node_modules\@expo\vector-icons\build\vendor\react-native-vector-icons\Fonts\FontAwesome.b06871f281fee6b241d60582ae9369b9.ttf (166 kB)
[expo-cli] node_modules\expo\node_modules\@expo\vector-icons\build\vendor\react-native-vector-icons\Fonts\FontAwesome.ttf (166 kB)
[expo-cli] node_modules\expo\node_modules\@expo\vector-icons\build\vendor\react-native-vector-icons\Fonts\FontAwesome5_Brands.3b89dd103490708d19a95adcae52210e.ttf (134 kB)
[expo-cli] node_modules\expo\node_modules\@expo\vector-icons\build\vendor\react-native-vector-icons\Fonts\FontAwesome5_Brands.ttf (134 kB)
[expo-cli] node_modules\expo\node_modules\@expo\vector-icons\build\vendor\react-native-vector-icons\Fonts\FontAwesome5_Regular.1f77739ca9ff2188b539c36f30ffa2be.ttf (33.7 kB)
[expo-cli] node_modules\expo\node_modules\@expo\vector-icons\build\vendor\react-native-vector-icons\Fonts\FontAwesome5_Regular.ttf (33.7 kB)
[expo-cli] node_modules\expo\node_modules\@expo\vector-icons\build\vendor\react-native-vector-icons\Fonts\FontAwesome5_Solid.605ed7926cf39a2ad5ec2d1f9d391d3d.ttf (203 kB)
[expo-cli] node_modules\expo\node_modules\@expo\vector-icons\build\vendor\react-native-vector-icons\Fonts\FontAwesome5_Solid.ttf (203 kB)
[expo-cli] node_modules\expo\node_modules\@expo\vector-icons\build\vendor\react-native-vector-icons\Fonts\FontAwesome6_Brands.56c8d80832e37783f12c05db7c8849e2.ttf (209 kB)
[expo-cli] node_modules\expo\node_modules\@expo\vector-icons\build\vendor\react-native-vector-icons\Fonts\FontAwesome6_Brands.ttf (209 kB)
[expo-cli] node_modules\expo\node_modules\@expo\vector-icons\build\vendor\react-native-vector-icons\Fonts\FontAwesome6_Regular.370dd5af19f8364907b6e2c41f45dbbf.ttf (68 kB)
[expo-cli] node_modules\expo\node_modules\@expo\vector-icons\build\vendor\react-native-vector-icons\Fonts\FontAwesome6_Regular.ttf (68 kB)
[expo-cli] node_modules\expo\node_modules\@expo\vector-icons\build\vendor\react-native-vector-icons\Fonts\FontAwesome6_Solid.adec7d6f310bc577f05e8fe06a5daccf.ttf (424 kB)
[expo-cli] node_modules\expo\node_modules\@expo\vector-icons\build\vendor\react-native-vector-icons\Fonts\FontAwesome6_Solid.ttf (424 kB)
[expo-cli] node_modules\expo\node_modules\@expo\vector-icons\build\vendor\react-native-vector-icons\Fonts\Fontisto.b49ae8ab2dbccb02c4d11caaacf09eab.ttf (314 kB)
[expo-cli] node_modules\expo\node_modules\@expo\vector-icons\build\vendor\react-native-vector-icons\Fonts\Fontisto.ttf (314 kB)
[expo-cli] node_modules\expo\node_modules\@expo\vector-icons\build\vendor\react-native-vector-icons\Fonts\Foundation.e20945d7c929279ef7a6f1db184a4470.ttf (57 kB)
[expo-cli] node_modules\expo\node_modules\@expo\vector-icons\build\vendor\react-native-vector-icons\Fonts\Foundation.ttf (57 kB)
[expo-cli] node_modules\expo\node_modules\@expo\vector-icons\build\vendor\react-native-vector-icons\Fonts\Ionicons.b4eb097d35f44ed943676fd56f6bdc51.ttf (390 kB)
[expo-cli] node_modules\expo\node_modules\@expo\vector-icons\build\vendor\react-native-vector-icons\Fonts\Ionicons.ttf (390 kB)
[expo-cli] node_modules\expo\node_modules\@expo\vector-icons\build\vendor\react-native-vector-icons\Fonts\MaterialCommunityIcons.6e435534bd35da5fef04168860a9b8fa.ttf (1.31 MB)
[expo-cli] node_modules\expo\node_modules\@expo\vector-icons\build\vendor\react-native-vector-icons\Fonts\MaterialCommunityIcons.ttf (1.31 MB)
[expo-cli] node_modules\expo\node_modules\@expo\vector-icons\build\vendor\react-native-vector-icons\Fonts\MaterialIcons.4e85bc9ebe07e0340c9c4fc2f6c38908.ttf (357 kB)
[expo-cli] node_modules\expo\node_modules\@expo\vector-icons\build\vendor\react-native-vector-icons\Fonts\MaterialIcons.ttf (357 kB)
[expo-cli] node_modules\expo\node_modules\@expo\vector-icons\build\vendor\react-native-vector-icons\Fonts\Octicons.871378c6eab492a3e689a9385dc45a12.ttf (69.4 kB)
[expo-cli] node_modules\expo\node_modules\@expo\vector-icons\build\vendor\react-native-vector-icons\Fonts\Octicons.ttf (69.4 kB)
[expo-cli] node_modules\expo\node_modules\@expo\vector-icons\build\vendor\react-native-vector-icons\Fonts\SimpleLineIcons.d2285965fe34b05465047401b8595dd0.ttf (54.1 kB)
[expo-cli] node_modules\expo\node_modules\@expo\vector-icons\build\vendor\react-native-vector-icons\Fonts\SimpleLineIcons.ttf (54.1 kB)
[expo-cli] node_modules\expo\node_modules\@expo\vector-icons\build\vendor\react-native-vector-icons\Fonts\Zocial.1681f34aaca71b8dfb70756bca331eb2.ttf (25.8 kB)
[expo-cli] node_modules\expo\node_modules\@expo\vector-icons\build\vendor\react-native-vector-icons\Fonts\Zocial.ttf (25.8 kB)
[expo-cli] 
[expo-cli] › web bundles (6):
[expo-cli] _expo/static/js/web/AppEntry-8c6ea46c234ca79058e1ef7d85250b65.js (3.01 MB)
[expo-cli] _expo/static/js/web/AppEntry-8c6ea46c234ca79058e1ef7d85250b65.js.map (8.8 MB)
[expo-cli] _expo/static/js/web/index-d3ab0b3acf0e05dfaa1cf50796b43aec.js (12.7 kB)
[expo-cli] _expo/static/js/web/index-d3ab0b3acf0e05dfaa1cf50796b43aec.js.map (58.8 kB)
[expo-cli] _expo/static/js/web/ScreenCapture-82cb295ee44b5bba9e4bbff0d9c35771.js (2.48 kB)
[expo-cli] _expo/static/js/web/ScreenCapture-82cb295ee44b5bba9e4bbff0d9c35771.js.map (12.5 kB)
[expo-cli] 
[expo-cli] › ios bundles (2):
[expo-cli] _expo/static/js/ios/AppEntry-d2123a33c3a9a78ca406a9339358ea5d.hbc (3.35 MB)
[expo-cli] _expo/static/js/ios/AppEntry-d2123a33c3a9a78ca406a9339358ea5d.hbc.map (9.62 MB)
[expo-cli] 
[expo-cli] › android bundles (2):
[expo-cli] _expo/static/js/android/AppEntry-b77fb9e630b2a969cdf3c15b1b387b8c.hbc (3.36 MB)
[expo-cli] _expo/static/js/android/AppEntry-b77fb9e630b2a969cdf3c15b1b387b8c.hbc.map (9.66 MB)
[expo-cli] 
[expo-cli] › Files (4):
[expo-cli] assetmap.json (19.4 kB)
[expo-cli] favicon.ico (14.5 kB)
[expo-cli] index.html (1.22 kB)
[expo-cli] metadata.json (5.11 kB)
[expo-cli] 
[expo-cli] Exported: dist
✔ Exported bundle(s)
- Uploading...
- Uploading assetmap.json (0 / 19.0 KB)
✔ Uploaded assetmap.json 1s
√ Uploaded 2 app bundles
√ Uploading assets skipped - no new assets found
i 39 iOS assets, 39 Android assets (maximum: 2000 total per update). Learn more about asset limits: https://expo.fyi/eas-update-asset-limits
Skipping project fingerprints
- Publishing...
✔ Published!

Branch             production
Runtime version    1.8.2
Platform           android, ios
Update group ID    72db2d18-a048-4c14-9af1-1ac1b24c0e42
Android update ID  019f367e-26b2-7d2d-96e2-61ea50affa74
iOS update ID      019f367e-26b2-7b65-b72d-7a5eb64cbed4
Message            fix(realtime): v24 zero-stale revoke/grant/channel state runtime 1.8.2
Commit             2852c8af67c6f615b80b1776f5d5cb63fe68c31a*
EAS Dashboard      https://expo.dev/accounts/isamu_123/projects/osmani-tv/updates/72db2d18-a048-4c14-9af1-1ac1b24c0e42

npm warn Unknown env config "devdir". This will stop working in the next major version of npm.

